<?xml version="1.0" encoding="UTF-8"?>
<?xml-model href="span.rng"
            type="application/xml"
            schematypens="http://relaxng.org/ns/structure/1.0"?>
<layer docid="DCK_CPR.00014"
       xmlns="http://ids-mannheim.de/ns/KorAP"
       version="KorAP-0.4">
  <spanList>
    <span id="s0" from="0" to="9839" l="1">
      <fs type="struct" xmlns="http://www.tei-c.org/ns/1.0">
        <f name="name">text</f>
      </fs>
    </span>
    <span id="s1" from="0" to="9839" l="2">
      <fs type="struct" xmlns="http://www.tei-c.org/ns/1.0">
        <f name="name">body</f>
      </fs>
    </span>
    <span id="s2" from="0" to="9839" l="3">
      <fs type="struct" xmlns="http://www.tei-c.org/ns/1.0">
        <f name="name">div</f>
        <f name="attr">
          <fs type="attr">
            <f name="complete">y</f>
            <f name="org">uniform</f>
            <f name="part">N</f>
            <f name="sample">complete</f>
            <f name="type">logfile</f>
          </fs>
        </f>
      </fs>
    </span>
    <span id="s3" from="0" to="50" l="4">
      <fs type="struct" xmlns="http://www.tei-c.org/ns/1.0">
        <f name="name">posting</f>
        <f name="attr">
          <fs type="attr">
            <f name="id">f1306017.m1</f>
            <f name="type">standard</f>
            <f name="who">#f1306017.A01</f>
          </fs>
        </f>
      </fs>
    </span>
    <span id="s4" from="0" to="50" l="5">
      <fs type="struct" xmlns="http://www.tei-c.org/ns/1.0">
        <f name="name">p</f>
        <f name="attr">
          <fs type="attr">
            <f name="part">N</f>
          </fs>
        </f>
      </fs>
    </span>
    <span id="s5" from="1" to="50" l="6">
      <fs type="struct" xmlns="http://www.tei-c.org/ns/1.0">
        <f name="name">s</f>
        <f name="attr">
          <fs type="attr">
            <f name="part">N</f>
          </fs>
        </f>
      </fs>
    </span>
    <span id="s6" from="8" to="15" l="7">
      <fs type="struct" xmlns="http://www.tei-c.org/ns/1.0">
        <f name="name">ref</f>
        <f name="attr">
          <fs type="attr">
            <f name="corresp">#f1306017.A02</f>
            <f name="type">addressingTerm</f>
          </fs>
        </f>
      </fs>
    </span>
    <span id="s7" from="50" to="172" l="4">
      <fs type="struct" xmlns="http://www.tei-c.org/ns/1.0">
        <f name="name">posting</f>
        <f name="attr">
          <fs type="attr">
            <f name="id">f1306017.m2</f>
            <f name="type">standard</f>
            <f name="who">#f1306017.A02</f>
          </fs>
        </f>
      </fs>
    </span>
    <span id="s8" from="51" to="172" l="5">
      <fs type="struct" xmlns="http://www.tei-c.org/ns/1.0">
        <f name="name">p</f>
        <f name="attr">
          <fs type="attr">
            <f name="part">N</f>
          </fs>
        </f>
      </fs>
    </span>
    <span id="s9" from="52" to="172" l="6">
      <fs type="struct" xmlns="http://www.tei-c.org/ns/1.0">
        <f name="name">s</f>
        <f name="attr">
          <fs type="attr">
            <f name="part">N</f>
          </fs>
        </f>
      </fs>
    </span>
    <span id="s10" from="53" to="81" l="7">
      <fs type="struct" xmlns="http://www.tei-c.org/ns/1.0">
        <f name="name">ref</f>
        <f name="attr">
          <fs type="attr">
            <f name="corresp">#f1306017.A01</f>
            <f name="type">addressingTerm</f>
          </fs>
        </f>
      </fs>
    </span>
    <span id="s11" from="172" to="233" l="4">
      <fs type="struct" xmlns="http://www.tei-c.org/ns/1.0">
        <f name="name">posting</f>
        <f name="attr">
          <fs type="attr">
            <f name="id">f1306017.m3</f>
            <f name="type">standard</f>
            <f name="who">#f1306017.A03</f>
          </fs>
        </f>
      </fs>
    </span>
    <span id="s12" from="173" to="233" l="5">
      <fs type="struct" xmlns="http://www.tei-c.org/ns/1.0">
        <f name="name">p</f>
        <f name="attr">
          <fs type="attr">
            <f name="part">N</f>
          </fs>
        </f>
      </fs>
    </span>
    <span id="s13" from="174" to="233" l="6">
      <fs type="struct" xmlns="http://www.tei-c.org/ns/1.0">
        <f name="name">s</f>
        <f name="attr">
          <fs type="attr">
            <f name="part">N</f>
          </fs>
        </f>
      </fs>
    </span>
    <span id="s14" from="179" to="186" l="7">
      <fs type="struct" xmlns="http://www.tei-c.org/ns/1.0">
        <f name="name">ref</f>
        <f name="attr">
          <fs type="attr">
            <f name="corresp">#f1306017.A02</f>
            <f name="type">addressingTerm</f>
          </fs>
        </f>
      </fs>
    </span>
    <span id="s15" from="233" to="334" l="4">
      <fs type="struct" xmlns="http://www.tei-c.org/ns/1.0">
        <f name="name">posting</f>
        <f name="attr">
          <fs type="attr">
            <f name="id">f1306017.m4</f>
            <f name="type">standard</f>
            <f name="who">#f1306017.A02</f>
          </fs>
        </f>
      </fs>
    </span>
    <span id="s16" from="234" to="334" l="5">
      <fs type="struct" xmlns="http://www.tei-c.org/ns/1.0">
        <f name="name">p</f>
        <f name="attr">
          <fs type="attr">
            <f name="part">N</f>
          </fs>
        </f>
      </fs>
    </span>
    <span id="s17" from="235" to="334" l="6">
      <fs type="struct" xmlns="http://www.tei-c.org/ns/1.0">
        <f name="name">s</f>
        <f name="attr">
          <fs type="attr">
            <f name="part">N</f>
          </fs>
        </f>
      </fs>
    </span>
    <span id="s18" from="236" to="262" l="7">
      <fs type="struct" xmlns="http://www.tei-c.org/ns/1.0">
        <f name="name">ref</f>
        <f name="attr">
          <fs type="attr">
            <f name="corresp">#f1306017.A03</f>
            <f name="type">addressingTerm</f>
          </fs>
        </f>
      </fs>
    </span>
    <span id="s19" from="334" to="388" l="4">
      <fs type="struct" xmlns="http://www.tei-c.org/ns/1.0">
        <f name="name">posting</f>
        <f name="attr">
          <fs type="attr">
            <f name="id">f1306017.m5</f>
            <f name="type">standard</f>
            <f name="who">#f1306017.A04</f>
          </fs>
        </f>
      </fs>
    </span>
    <span id="s20" from="335" to="388" l="5">
      <fs type="struct" xmlns="http://www.tei-c.org/ns/1.0">
        <f name="name">p</f>
        <f name="attr">
          <fs type="attr">
            <f name="part">N</f>
          </fs>
        </f>
      </fs>
    </span>
    <span id="s21" from="336" to="388" l="6">
      <fs type="struct" xmlns="http://www.tei-c.org/ns/1.0">
        <f name="name">s</f>
        <f name="attr">
          <fs type="attr">
            <f name="part">N</f>
          </fs>
        </f>
      </fs>
    </span>
    <span id="s22" from="337" to="344" l="7">
      <fs type="struct" xmlns="http://www.tei-c.org/ns/1.0">
        <f name="name">ref</f>
        <f name="attr">
          <fs type="attr">
            <f name="corresp">#f1306017.A02</f>
            <f name="type">addressingTerm</f>
          </fs>
        </f>
      </fs>
    </span>
    <span id="s23" from="388" to="547" l="4">
      <fs type="struct" xmlns="http://www.tei-c.org/ns/1.0">
        <f name="name">posting</f>
        <f name="attr">
          <fs type="attr">
            <f name="id">f1306017.m6</f>
            <f name="type">standard</f>
            <f name="who">#f1306017.A02</f>
          </fs>
        </f>
      </fs>
    </span>
    <span id="s24" from="389" to="547" l="5">
      <fs type="struct" xmlns="http://www.tei-c.org/ns/1.0">
        <f name="name">p</f>
        <f name="attr">
          <fs type="attr">
            <f name="part">N</f>
          </fs>
        </f>
      </fs>
    </span>
    <span id="s25" from="390" to="547" l="6">
      <fs type="struct" xmlns="http://www.tei-c.org/ns/1.0">
        <f name="name">s</f>
        <f name="attr">
          <fs type="attr">
            <f name="part">N</f>
          </fs>
        </f>
      </fs>
    </span>
    <span id="s26" from="547" to="582" l="4">
      <fs type="struct" xmlns="http://www.tei-c.org/ns/1.0">
        <f name="name">posting</f>
        <f name="attr">
          <fs type="attr">
            <f name="id">f1306017.m7</f>
            <f name="type">standard</f>
            <f name="who">#f1306017.A05</f>
          </fs>
        </f>
      </fs>
    </span>
    <span id="s27" from="548" to="582" l="5">
      <fs type="struct" xmlns="http://www.tei-c.org/ns/1.0">
        <f name="name">p</f>
        <f name="attr">
          <fs type="attr">
            <f name="part">N</f>
          </fs>
        </f>
      </fs>
    </span>
    <span id="s28" from="549" to="582" l="6">
      <fs type="struct" xmlns="http://www.tei-c.org/ns/1.0">
        <f name="name">s</f>
        <f name="attr">
          <fs type="attr">
            <f name="part">N</f>
          </fs>
        </f>
      </fs>
    </span>
    <span id="s29" from="582" to="708" l="4">
      <fs type="struct" xmlns="http://www.tei-c.org/ns/1.0">
        <f name="name">posting</f>
        <f name="attr">
          <fs type="attr">
            <f name="id">f1306017.m8</f>
            <f name="type">standard</f>
            <f name="who">#f1306017.A02</f>
          </fs>
        </f>
      </fs>
    </span>
    <span id="s30" from="583" to="708" l="5">
      <fs type="struct" xmlns="http://www.tei-c.org/ns/1.0">
        <f name="name">p</f>
        <f name="attr">
          <fs type="attr">
            <f name="part">N</f>
          </fs>
        </f>
      </fs>
    </span>
    <span id="s31" from="584" to="708" l="6">
      <fs type="struct" xmlns="http://www.tei-c.org/ns/1.0">
        <f name="name">s</f>
        <f name="attr">
          <fs type="attr">
            <f name="part">N</f>
          </fs>
        </f>
      </fs>
    </span>
    <span id="s32" from="708" to="738" l="4">
      <fs type="struct" xmlns="http://www.tei-c.org/ns/1.0">
        <f name="name">posting</f>
        <f name="attr">
          <fs type="attr">
            <f name="id">f1306017.m9</f>
            <f name="type">standard</f>
            <f name="who">#f1306017.A04</f>
          </fs>
        </f>
      </fs>
    </span>
    <span id="s33" from="709" to="738" l="5">
      <fs type="struct" xmlns="http://www.tei-c.org/ns/1.0">
        <f name="name">p</f>
        <f name="attr">
          <fs type="attr">
            <f name="part">N</f>
          </fs>
        </f>
      </fs>
    </span>
    <span id="s34" from="710" to="738" l="6">
      <fs type="struct" xmlns="http://www.tei-c.org/ns/1.0">
        <f name="name">s</f>
        <f name="attr">
          <fs type="attr">
            <f name="part">N</f>
          </fs>
        </f>
      </fs>
    </span>
    <span id="s35" from="738" to="745" l="4">
      <fs type="struct" xmlns="http://www.tei-c.org/ns/1.0">
        <f name="name">posting</f>
        <f name="attr">
          <fs type="attr">
            <f name="id">f1306017.m10</f>
            <f name="type">standard</f>
            <f name="who">#f1306017.A02</f>
          </fs>
        </f>
      </fs>
    </span>
    <span id="s36" from="739" to="745" l="5">
      <fs type="struct" xmlns="http://www.tei-c.org/ns/1.0">
        <f name="name">p</f>
        <f name="attr">
          <fs type="attr">
            <f name="part">N</f>
          </fs>
        </f>
      </fs>
    </span>
    <span id="s37" from="740" to="745" l="6">
      <fs type="struct" xmlns="http://www.tei-c.org/ns/1.0">
        <f name="name">s</f>
        <f name="attr">
          <fs type="attr">
            <f name="part">N</f>
          </fs>
        </f>
      </fs>
    </span>
    <span id="s38" from="745" to="819" l="4">
      <fs type="struct" xmlns="http://www.tei-c.org/ns/1.0">
        <f name="name">posting</f>
        <f name="attr">
          <fs type="attr">
            <f name="id">f1306017.m11</f>
            <f name="type">standard</f>
            <f name="who">#f1306017.A04</f>
          </fs>
        </f>
      </fs>
    </span>
    <span id="s39" from="746" to="819" l="5">
      <fs type="struct" xmlns="http://www.tei-c.org/ns/1.0">
        <f name="name">p</f>
        <f name="attr">
          <fs type="attr">
            <f name="part">N</f>
          </fs>
        </f>
      </fs>
    </span>
    <span id="s40" from="747" to="819" l="6">
      <fs type="struct" xmlns="http://www.tei-c.org/ns/1.0">
        <f name="name">s</f>
        <f name="attr">
          <fs type="attr">
            <f name="part">N</f>
          </fs>
        </f>
      </fs>
    </span>
    <span id="s41" from="819" to="1129" l="4">
      <fs type="struct" xmlns="http://www.tei-c.org/ns/1.0">
        <f name="name">posting</f>
        <f name="attr">
          <fs type="attr">
            <f name="id">f1306017.m12</f>
            <f name="type">standard</f>
            <f name="who">#f1306017.A02</f>
          </fs>
        </f>
      </fs>
    </span>
    <span id="s42" from="820" to="1129" l="5">
      <fs type="struct" xmlns="http://www.tei-c.org/ns/1.0">
        <f name="name">p</f>
        <f name="attr">
          <fs type="attr">
            <f name="part">N</f>
          </fs>
        </f>
      </fs>
    </span>
    <span id="s43" from="821" to="1129" l="6">
      <fs type="struct" xmlns="http://www.tei-c.org/ns/1.0">
        <f name="name">s</f>
        <f name="attr">
          <fs type="attr">
            <f name="part">N</f>
          </fs>
        </f>
      </fs>
    </span>
    <span id="s44" from="1129" to="1168" l="4">
      <fs type="struct" xmlns="http://www.tei-c.org/ns/1.0">
        <f name="name">posting</f>
        <f name="attr">
          <fs type="attr">
            <f name="id">f1306017.m13</f>
            <f name="type">standard</f>
            <f name="who">#f1306017.A06</f>
          </fs>
        </f>
      </fs>
    </span>
    <span id="s45" from="1130" to="1168" l="5">
      <fs type="struct" xmlns="http://www.tei-c.org/ns/1.0">
        <f name="name">p</f>
        <f name="attr">
          <fs type="attr">
            <f name="part">N</f>
          </fs>
        </f>
      </fs>
    </span>
    <span id="s46" from="1131" to="1168" l="6">
      <fs type="struct" xmlns="http://www.tei-c.org/ns/1.0">
        <f name="name">s</f>
        <f name="attr">
          <fs type="attr">
            <f name="part">N</f>
          </fs>
        </f>
      </fs>
    </span>
    <span id="s47" from="1168" to="1487" l="4">
      <fs type="struct" xmlns="http://www.tei-c.org/ns/1.0">
        <f name="name">posting</f>
        <f name="attr">
          <fs type="attr">
            <f name="id">f1306017.m14</f>
            <f name="type">standard</f>
            <f name="who">#f1306017.A02</f>
          </fs>
        </f>
      </fs>
    </span>
    <span id="s48" from="1169" to="1487" l="5">
      <fs type="struct" xmlns="http://www.tei-c.org/ns/1.0">
        <f name="name">p</f>
        <f name="attr">
          <fs type="attr">
            <f name="part">N</f>
          </fs>
        </f>
      </fs>
    </span>
    <span id="s49" from="1170" to="1345" l="6">
      <fs type="struct" xmlns="http://www.tei-c.org/ns/1.0">
        <f name="name">s</f>
        <f name="attr">
          <fs type="attr">
            <f name="part">N</f>
          </fs>
        </f>
      </fs>
    </span>
    <span id="s50" from="1345" to="1391" l="6">
      <fs type="struct" xmlns="http://www.tei-c.org/ns/1.0">
        <f name="name">s</f>
        <f name="attr">
          <fs type="attr">
            <f name="part">N</f>
          </fs>
        </f>
      </fs>
    </span>
    <span id="s51" from="1391" to="1487" l="6">
      <fs type="struct" xmlns="http://www.tei-c.org/ns/1.0">
        <f name="name">s</f>
        <f name="attr">
          <fs type="attr">
            <f name="part">N</f>
          </fs>
        </f>
      </fs>
    </span>
    <span id="s52" from="1487" to="1524" l="4">
      <fs type="struct" xmlns="http://www.tei-c.org/ns/1.0">
        <f name="name">posting</f>
        <f name="attr">
          <fs type="attr">
            <f name="id">f1306017.m15</f>
            <f name="type">standard</f>
            <f name="who">#f1306017.A04</f>
          </fs>
        </f>
      </fs>
    </span>
    <span id="s53" from="1488" to="1524" l="5">
      <fs type="struct" xmlns="http://www.tei-c.org/ns/1.0">
        <f name="name">p</f>
        <f name="attr">
          <fs type="attr">
            <f name="part">N</f>
          </fs>
        </f>
      </fs>
    </span>
    <span id="s54" from="1489" to="1524" l="6">
      <fs type="struct" xmlns="http://www.tei-c.org/ns/1.0">
        <f name="name">s</f>
        <f name="attr">
          <fs type="attr">
            <f name="part">N</f>
          </fs>
        </f>
      </fs>
    </span>
    <span id="s55" from="1524" to="1979" l="4">
      <fs type="struct" xmlns="http://www.tei-c.org/ns/1.0">
        <f name="name">posting</f>
        <f name="attr">
          <fs type="attr">
            <f name="id">f1306017.m16</f>
            <f name="type">standard</f>
            <f name="who">#f1306017.A02</f>
          </fs>
        </f>
      </fs>
    </span>
    <span id="s56" from="1525" to="1979" l="5">
      <fs type="struct" xmlns="http://www.tei-c.org/ns/1.0">
        <f name="name">p</f>
        <f name="attr">
          <fs type="attr">
            <f name="part">N</f>
          </fs>
        </f>
      </fs>
    </span>
    <span id="s57" from="1526" to="1979" l="6">
      <fs type="struct" xmlns="http://www.tei-c.org/ns/1.0">
        <f name="name">s</f>
        <f name="attr">
          <fs type="attr">
            <f name="part">N</f>
          </fs>
        </f>
      </fs>
    </span>
    <span id="s58" from="1979" to="2017" l="4">
      <fs type="struct" xmlns="http://www.tei-c.org/ns/1.0">
        <f name="name">posting</f>
        <f name="attr">
          <fs type="attr">
            <f name="id">f1306017.m17</f>
            <f name="type">standard</f>
            <f name="who">#f1306017.A05</f>
          </fs>
        </f>
      </fs>
    </span>
    <span id="s59" from="1980" to="2017" l="5">
      <fs type="struct" xmlns="http://www.tei-c.org/ns/1.0">
        <f name="name">p</f>
        <f name="attr">
          <fs type="attr">
            <f name="part">N</f>
          </fs>
        </f>
      </fs>
    </span>
    <span id="s60" from="1981" to="2017" l="6">
      <fs type="struct" xmlns="http://www.tei-c.org/ns/1.0">
        <f name="name">s</f>
        <f name="attr">
          <fs type="attr">
            <f name="part">N</f>
          </fs>
        </f>
      </fs>
    </span>
    <span id="s61" from="2017" to="2352" l="4">
      <fs type="struct" xmlns="http://www.tei-c.org/ns/1.0">
        <f name="name">posting</f>
        <f name="attr">
          <fs type="attr">
            <f name="id">f1306017.m18</f>
            <f name="type">standard</f>
            <f name="who">#f1306017.A02</f>
          </fs>
        </f>
      </fs>
    </span>
    <span id="s62" from="2018" to="2352" l="5">
      <fs type="struct" xmlns="http://www.tei-c.org/ns/1.0">
        <f name="name">p</f>
        <f name="attr">
          <fs type="attr">
            <f name="part">N</f>
          </fs>
        </f>
      </fs>
    </span>
    <span id="s63" from="2019" to="2352" l="6">
      <fs type="struct" xmlns="http://www.tei-c.org/ns/1.0">
        <f name="name">s</f>
        <f name="attr">
          <fs type="attr">
            <f name="part">N</f>
          </fs>
        </f>
      </fs>
    </span>
    <span id="s64" from="2352" to="2405" l="4">
      <fs type="struct" xmlns="http://www.tei-c.org/ns/1.0">
        <f name="name">posting</f>
        <f name="attr">
          <fs type="attr">
            <f name="id">f1306017.m19</f>
            <f name="type">standard</f>
            <f name="who">#f1306017.A07</f>
          </fs>
        </f>
      </fs>
    </span>
    <span id="s65" from="2353" to="2405" l="5">
      <fs type="struct" xmlns="http://www.tei-c.org/ns/1.0">
        <f name="name">p</f>
        <f name="attr">
          <fs type="attr">
            <f name="part">N</f>
          </fs>
        </f>
      </fs>
    </span>
    <span id="s66" from="2354" to="2405" l="6">
      <fs type="struct" xmlns="http://www.tei-c.org/ns/1.0">
        <f name="name">s</f>
        <f name="attr">
          <fs type="attr">
            <f name="part">N</f>
          </fs>
        </f>
      </fs>
    </span>
    <span id="s67" from="2405" to="2414" l="4">
      <fs type="struct" xmlns="http://www.tei-c.org/ns/1.0">
        <f name="name">posting</f>
        <f name="attr">
          <fs type="attr">
            <f name="id">f1306017.m20</f>
            <f name="type">standard</f>
            <f name="who">#f1306017.A02</f>
          </fs>
        </f>
      </fs>
    </span>
    <span id="s68" from="2406" to="2414" l="5">
      <fs type="struct" xmlns="http://www.tei-c.org/ns/1.0">
        <f name="name">p</f>
        <f name="attr">
          <fs type="attr">
            <f name="part">N</f>
          </fs>
        </f>
      </fs>
    </span>
    <span id="s69" from="2407" to="2414" l="6">
      <fs type="struct" xmlns="http://www.tei-c.org/ns/1.0">
        <f name="name">s</f>
        <f name="attr">
          <fs type="attr">
            <f name="part">N</f>
          </fs>
        </f>
      </fs>
    </span>
    <span id="s70" from="2414" to="2493" l="4">
      <fs type="struct" xmlns="http://www.tei-c.org/ns/1.0">
        <f name="name">posting</f>
        <f name="attr">
          <fs type="attr">
            <f name="id">f1306017.m21</f>
            <f name="type">standard</f>
            <f name="who">#f1306017.A08</f>
          </fs>
        </f>
      </fs>
    </span>
    <span id="s71" from="2415" to="2493" l="5">
      <fs type="struct" xmlns="http://www.tei-c.org/ns/1.0">
        <f name="name">p</f>
        <f name="attr">
          <fs type="attr">
            <f name="part">N</f>
          </fs>
        </f>
      </fs>
    </span>
    <span id="s72" from="2416" to="2493" l="6">
      <fs type="struct" xmlns="http://www.tei-c.org/ns/1.0">
        <f name="name">s</f>
        <f name="attr">
          <fs type="attr">
            <f name="part">N</f>
          </fs>
        </f>
      </fs>
    </span>
    <span id="s73" from="2417" to="2424" l="7">
      <fs type="struct" xmlns="http://www.tei-c.org/ns/1.0">
        <f name="name">ref</f>
        <f name="attr">
          <fs type="attr">
            <f name="corresp">#f1306017.A02</f>
            <f name="type">addressingTerm</f>
          </fs>
        </f>
      </fs>
    </span>
    <span id="s74" from="2493" to="2671" l="4">
      <fs type="struct" xmlns="http://www.tei-c.org/ns/1.0">
        <f name="name">posting</f>
        <f name="attr">
          <fs type="attr">
            <f name="id">f1306017.m22</f>
            <f name="type">standard</f>
            <f name="who">#f1306017.A02</f>
          </fs>
        </f>
      </fs>
    </span>
    <span id="s75" from="2494" to="2671" l="5">
      <fs type="struct" xmlns="http://www.tei-c.org/ns/1.0">
        <f name="name">p</f>
        <f name="attr">
          <fs type="attr">
            <f name="part">N</f>
          </fs>
        </f>
      </fs>
    </span>
    <span id="s76" from="2495" to="2512" l="6">
      <fs type="struct" xmlns="http://www.tei-c.org/ns/1.0">
        <f name="name">s</f>
        <f name="attr">
          <fs type="attr">
            <f name="part">N</f>
          </fs>
        </f>
      </fs>
    </span>
    <span id="s77" from="2512" to="2641" l="6">
      <fs type="struct" xmlns="http://www.tei-c.org/ns/1.0">
        <f name="name">s</f>
        <f name="attr">
          <fs type="attr">
            <f name="part">N</f>
          </fs>
        </f>
      </fs>
    </span>
    <span id="s78" from="2641" to="2650" l="6">
      <fs type="struct" xmlns="http://www.tei-c.org/ns/1.0">
        <f name="name">s</f>
        <f name="attr">
          <fs type="attr">
            <f name="part">N</f>
          </fs>
        </f>
      </fs>
    </span>
    <span id="s79" from="2650" to="2671" l="6">
      <fs type="struct" xmlns="http://www.tei-c.org/ns/1.0">
        <f name="name">s</f>
        <f name="attr">
          <fs type="attr">
            <f name="part">N</f>
          </fs>
        </f>
      </fs>
    </span>
    <span id="s80" from="2671" to="2732" l="4">
      <fs type="struct" xmlns="http://www.tei-c.org/ns/1.0">
        <f name="name">posting</f>
        <f name="attr">
          <fs type="attr">
            <f name="id">f1306017.m23</f>
            <f name="type">standard</f>
            <f name="who">#f1306017.A09</f>
          </fs>
        </f>
      </fs>
    </span>
    <span id="s81" from="2672" to="2732" l="5">
      <fs type="struct" xmlns="http://www.tei-c.org/ns/1.0">
        <f name="name">p</f>
        <f name="attr">
          <fs type="attr">
            <f name="part">N</f>
          </fs>
        </f>
      </fs>
    </span>
    <span id="s82" from="2673" to="2732" l="6">
      <fs type="struct" xmlns="http://www.tei-c.org/ns/1.0">
        <f name="name">s</f>
        <f name="attr">
          <fs type="attr">
            <f name="part">N</f>
          </fs>
        </f>
      </fs>
    </span>
    <span id="s83" from="2732" to="2904" l="4">
      <fs type="struct" xmlns="http://www.tei-c.org/ns/1.0">
        <f name="name">posting</f>
        <f name="attr">
          <fs type="attr">
            <f name="id">f1306017.m24</f>
            <f name="type">standard</f>
            <f name="who">#f1306017.A02</f>
          </fs>
        </f>
      </fs>
    </span>
    <span id="s84" from="2733" to="2904" l="5">
      <fs type="struct" xmlns="http://www.tei-c.org/ns/1.0">
        <f name="name">p</f>
        <f name="attr">
          <fs type="attr">
            <f name="part">N</f>
          </fs>
        </f>
      </fs>
    </span>
    <span id="s85" from="2734" to="2904" l="6">
      <fs type="struct" xmlns="http://www.tei-c.org/ns/1.0">
        <f name="name">s</f>
        <f name="attr">
          <fs type="attr">
            <f name="part">N</f>
          </fs>
        </f>
      </fs>
    </span>
    <span id="s86" from="2904" to="2945" l="4">
      <fs type="struct" xmlns="http://www.tei-c.org/ns/1.0">
        <f name="name">posting</f>
        <f name="attr">
          <fs type="attr">
            <f name="id">f1306017.m25</f>
            <f name="type">standard</f>
            <f name="who">#f1306017.A10</f>
          </fs>
        </f>
      </fs>
    </span>
    <span id="s87" from="2905" to="2945" l="5">
      <fs type="struct" xmlns="http://www.tei-c.org/ns/1.0">
        <f name="name">p</f>
        <f name="attr">
          <fs type="attr">
            <f name="part">N</f>
          </fs>
        </f>
      </fs>
    </span>
    <span id="s88" from="2906" to="2945" l="6">
      <fs type="struct" xmlns="http://www.tei-c.org/ns/1.0">
        <f name="name">s</f>
        <f name="attr">
          <fs type="attr">
            <f name="part">N</f>
          </fs>
        </f>
      </fs>
    </span>
    <span id="s89" from="2945" to="3135" l="4">
      <fs type="struct" xmlns="http://www.tei-c.org/ns/1.0">
        <f name="name">posting</f>
        <f name="attr">
          <fs type="attr">
            <f name="id">f1306017.m26</f>
            <f name="type">standard</f>
            <f name="who">#f1306017.A02</f>
          </fs>
        </f>
      </fs>
    </span>
    <span id="s90" from="2946" to="3135" l="5">
      <fs type="struct" xmlns="http://www.tei-c.org/ns/1.0">
        <f name="name">p</f>
        <f name="attr">
          <fs type="attr">
            <f name="part">N</f>
          </fs>
        </f>
      </fs>
    </span>
    <span id="s91" from="2947" to="3135" l="6">
      <fs type="struct" xmlns="http://www.tei-c.org/ns/1.0">
        <f name="name">s</f>
        <f name="attr">
          <fs type="attr">
            <f name="part">N</f>
          </fs>
        </f>
      </fs>
    </span>
    <span id="s92" from="3135" to="3194" l="4">
      <fs type="struct" xmlns="http://www.tei-c.org/ns/1.0">
        <f name="name">posting</f>
        <f name="attr">
          <fs type="attr">
            <f name="id">f1306017.m27</f>
            <f name="type">standard</f>
            <f name="who">#f1306017.A11</f>
          </fs>
        </f>
      </fs>
    </span>
    <span id="s93" from="3136" to="3194" l="5">
      <fs type="struct" xmlns="http://www.tei-c.org/ns/1.0">
        <f name="name">p</f>
        <f name="attr">
          <fs type="attr">
            <f name="part">N</f>
          </fs>
        </f>
      </fs>
    </span>
    <span id="s94" from="3137" to="3194" l="6">
      <fs type="struct" xmlns="http://www.tei-c.org/ns/1.0">
        <f name="name">s</f>
        <f name="attr">
          <fs type="attr">
            <f name="part">N</f>
          </fs>
        </f>
      </fs>
    </span>
    <span id="s95" from="3194" to="3362" l="4">
      <fs type="struct" xmlns="http://www.tei-c.org/ns/1.0">
        <f name="name">posting</f>
        <f name="attr">
          <fs type="attr">
            <f name="id">f1306017.m28</f>
            <f name="type">standard</f>
            <f name="who">#f1306017.A02</f>
          </fs>
        </f>
      </fs>
    </span>
    <span id="s96" from="3195" to="3362" l="5">
      <fs type="struct" xmlns="http://www.tei-c.org/ns/1.0">
        <f name="name">p</f>
        <f name="attr">
          <fs type="attr">
            <f name="part">N</f>
          </fs>
        </f>
      </fs>
    </span>
    <span id="s97" from="3196" to="3311" l="6">
      <fs type="struct" xmlns="http://www.tei-c.org/ns/1.0">
        <f name="name">s</f>
        <f name="attr">
          <fs type="attr">
            <f name="part">N</f>
          </fs>
        </f>
      </fs>
    </span>
    <span id="s98" from="3311" to="3332" l="6">
      <fs type="struct" xmlns="http://www.tei-c.org/ns/1.0">
        <f name="name">s</f>
        <f name="attr">
          <fs type="attr">
            <f name="part">N</f>
          </fs>
        </f>
      </fs>
    </span>
    <span id="s99" from="3332" to="3353" l="6">
      <fs type="struct" xmlns="http://www.tei-c.org/ns/1.0">
        <f name="name">s</f>
        <f name="attr">
          <fs type="attr">
            <f name="part">N</f>
          </fs>
        </f>
      </fs>
    </span>
    <span id="s100" from="3353" to="3362" l="6">
      <fs type="struct" xmlns="http://www.tei-c.org/ns/1.0">
        <f name="name">s</f>
        <f name="attr">
          <fs type="attr">
            <f name="part">N</f>
          </fs>
        </f>
      </fs>
    </span>
    <span id="s101" from="3362" to="3471" l="4">
      <fs type="struct" xmlns="http://www.tei-c.org/ns/1.0">
        <f name="name">posting</f>
        <f name="attr">
          <fs type="attr">
            <f name="id">f1306017.m29</f>
            <f name="type">standard</f>
            <f name="who">#f1306017.A10</f>
          </fs>
        </f>
      </fs>
    </span>
    <span id="s102" from="3363" to="3471" l="5">
      <fs type="struct" xmlns="http://www.tei-c.org/ns/1.0">
        <f name="name">p</f>
        <f name="attr">
          <fs type="attr">
            <f name="part">N</f>
          </fs>
        </f>
      </fs>
    </span>
    <span id="s103" from="3364" to="3442" l="6">
      <fs type="struct" xmlns="http://www.tei-c.org/ns/1.0">
        <f name="name">s</f>
        <f name="attr">
          <fs type="attr">
            <f name="part">N</f>
          </fs>
        </f>
      </fs>
    </span>
    <span id="s104" from="3382" to="3400" l="7">
      <fs type="struct" xmlns="http://www.tei-c.org/ns/1.0">
        <f name="name">name</f>
        <f name="attr">
          <fs type="attr">
            <f name="full">yes</f>
            <f name="instant">false</f>
            <f name="type">PER</f>
          </fs>
        </f>
      </fs>
    </span>
    <span id="s105" from="3405" to="3423" l="7">
      <fs type="struct" xmlns="http://www.tei-c.org/ns/1.0">
        <f name="name">name</f>
        <f name="attr">
          <fs type="attr">
            <f name="full">yes</f>
            <f name="instant">false</f>
            <f name="type">PER</f>
          </fs>
        </f>
      </fs>
    </span>
    <span id="s106" from="3442" to="3455" l="6">
      <fs type="struct" xmlns="http://www.tei-c.org/ns/1.0">
        <f name="name">s</f>
        <f name="attr">
          <fs type="attr">
            <f name="part">N</f>
          </fs>
        </f>
      </fs>
    </span>
    <span id="s107" from="3455" to="3471" l="6">
      <fs type="struct" xmlns="http://www.tei-c.org/ns/1.0">
        <f name="name">s</f>
        <f name="attr">
          <fs type="attr">
            <f name="part">N</f>
          </fs>
        </f>
      </fs>
    </span>
    <span id="s108" from="3471" to="3507" l="4">
      <fs type="struct" xmlns="http://www.tei-c.org/ns/1.0">
        <f name="name">posting</f>
        <f name="attr">
          <fs type="attr">
            <f name="id">f1306017.m30</f>
            <f name="type">standard</f>
            <f name="who">#f1306017.A02</f>
          </fs>
        </f>
      </fs>
    </span>
    <span id="s109" from="3472" to="3507" l="5">
      <fs type="struct" xmlns="http://www.tei-c.org/ns/1.0">
        <f name="name">p</f>
        <f name="attr">
          <fs type="attr">
            <f name="part">N</f>
          </fs>
        </f>
      </fs>
    </span>
    <span id="s110" from="3473" to="3507" l="6">
      <fs type="struct" xmlns="http://www.tei-c.org/ns/1.0">
        <f name="name">s</f>
        <f name="attr">
          <fs type="attr">
            <f name="part">N</f>
          </fs>
        </f>
      </fs>
    </span>
    <span id="s111" from="3507" to="3547" l="4">
      <fs type="struct" xmlns="http://www.tei-c.org/ns/1.0">
        <f name="name">posting</f>
        <f name="attr">
          <fs type="attr">
            <f name="id">f1306017.m31</f>
            <f name="type">standard</f>
            <f name="who">#f1306017.A09</f>
          </fs>
        </f>
      </fs>
    </span>
    <span id="s112" from="3508" to="3547" l="5">
      <fs type="struct" xmlns="http://www.tei-c.org/ns/1.0">
        <f name="name">p</f>
        <f name="attr">
          <fs type="attr">
            <f name="part">N</f>
          </fs>
        </f>
      </fs>
    </span>
    <span id="s113" from="3509" to="3547" l="6">
      <fs type="struct" xmlns="http://www.tei-c.org/ns/1.0">
        <f name="name">s</f>
        <f name="attr">
          <fs type="attr">
            <f name="part">N</f>
          </fs>
        </f>
      </fs>
    </span>
    <span id="s114" from="3547" to="3649" l="4">
      <fs type="struct" xmlns="http://www.tei-c.org/ns/1.0">
        <f name="name">posting</f>
        <f name="attr">
          <fs type="attr">
            <f name="id">f1306017.m32</f>
            <f name="type">standard</f>
            <f name="who">#f1306017.A02</f>
          </fs>
        </f>
      </fs>
    </span>
    <span id="s115" from="3548" to="3649" l="5">
      <fs type="struct" xmlns="http://www.tei-c.org/ns/1.0">
        <f name="name">p</f>
        <f name="attr">
          <fs type="attr">
            <f name="part">N</f>
          </fs>
        </f>
      </fs>
    </span>
    <span id="s116" from="3549" to="3649" l="6">
      <fs type="struct" xmlns="http://www.tei-c.org/ns/1.0">
        <f name="name">s</f>
        <f name="attr">
          <fs type="attr">
            <f name="part">N</f>
          </fs>
        </f>
      </fs>
    </span>
    <span id="s117" from="3649" to="3725" l="4">
      <fs type="struct" xmlns="http://www.tei-c.org/ns/1.0">
        <f name="name">posting</f>
        <f name="attr">
          <fs type="attr">
            <f name="id">f1306017.m33</f>
            <f name="type">standard</f>
            <f name="who">#f1306017.A12</f>
          </fs>
        </f>
      </fs>
    </span>
    <span id="s118" from="3650" to="3725" l="5">
      <fs type="struct" xmlns="http://www.tei-c.org/ns/1.0">
        <f name="name">p</f>
        <f name="attr">
          <fs type="attr">
            <f name="part">N</f>
          </fs>
        </f>
      </fs>
    </span>
    <span id="s119" from="3651" to="3725" l="6">
      <fs type="struct" xmlns="http://www.tei-c.org/ns/1.0">
        <f name="name">s</f>
        <f name="attr">
          <fs type="attr">
            <f name="part">N</f>
          </fs>
        </f>
      </fs>
    </span>
    <span id="s120" from="3725" to="3909" l="4">
      <fs type="struct" xmlns="http://www.tei-c.org/ns/1.0">
        <f name="name">posting</f>
        <f name="attr">
          <fs type="attr">
            <f name="id">f1306017.m34</f>
            <f name="type">standard</f>
            <f name="who">#f1306017.A02</f>
          </fs>
        </f>
      </fs>
    </span>
    <span id="s121" from="3726" to="3909" l="5">
      <fs type="struct" xmlns="http://www.tei-c.org/ns/1.0">
        <f name="name">p</f>
        <f name="attr">
          <fs type="attr">
            <f name="part">N</f>
          </fs>
        </f>
      </fs>
    </span>
    <span id="s122" from="3727" to="3909" l="6">
      <fs type="struct" xmlns="http://www.tei-c.org/ns/1.0">
        <f name="name">s</f>
        <f name="attr">
          <fs type="attr">
            <f name="part">N</f>
          </fs>
        </f>
      </fs>
    </span>
    <span id="s123" from="3909" to="3967" l="4">
      <fs type="struct" xmlns="http://www.tei-c.org/ns/1.0">
        <f name="name">posting</f>
        <f name="attr">
          <fs type="attr">
            <f name="id">f1306017.m35</f>
            <f name="type">standard</f>
            <f name="who">#f1306017.A13</f>
          </fs>
        </f>
      </fs>
    </span>
    <span id="s124" from="3910" to="3967" l="5">
      <fs type="struct" xmlns="http://www.tei-c.org/ns/1.0">
        <f name="name">p</f>
        <f name="attr">
          <fs type="attr">
            <f name="part">N</f>
          </fs>
        </f>
      </fs>
    </span>
    <span id="s125" from="3911" to="3967" l="6">
      <fs type="struct" xmlns="http://www.tei-c.org/ns/1.0">
        <f name="name">s</f>
        <f name="attr">
          <fs type="attr">
            <f name="part">N</f>
          </fs>
        </f>
      </fs>
    </span>
    <span id="s126" from="3967" to="4057" l="4">
      <fs type="struct" xmlns="http://www.tei-c.org/ns/1.0">
        <f name="name">posting</f>
        <f name="attr">
          <fs type="attr">
            <f name="id">f1306017.m36</f>
            <f name="type">standard</f>
            <f name="who">#f1306017.A02</f>
          </fs>
        </f>
      </fs>
    </span>
    <span id="s127" from="3968" to="4057" l="5">
      <fs type="struct" xmlns="http://www.tei-c.org/ns/1.0">
        <f name="name">p</f>
        <f name="attr">
          <fs type="attr">
            <f name="part">N</f>
          </fs>
        </f>
      </fs>
    </span>
    <span id="s128" from="3969" to="4057" l="6">
      <fs type="struct" xmlns="http://www.tei-c.org/ns/1.0">
        <f name="name">s</f>
        <f name="attr">
          <fs type="attr">
            <f name="part">N</f>
          </fs>
        </f>
      </fs>
    </span>
    <span id="s129" from="4057" to="4112" l="4">
      <fs type="struct" xmlns="http://www.tei-c.org/ns/1.0">
        <f name="name">posting</f>
        <f name="attr">
          <fs type="attr">
            <f name="id">f1306017.m37</f>
            <f name="type">standard</f>
            <f name="who">#f1306017.A14</f>
          </fs>
        </f>
      </fs>
    </span>
    <span id="s130" from="4058" to="4112" l="5">
      <fs type="struct" xmlns="http://www.tei-c.org/ns/1.0">
        <f name="name">p</f>
        <f name="attr">
          <fs type="attr">
            <f name="part">N</f>
          </fs>
        </f>
      </fs>
    </span>
    <span id="s131" from="4059" to="4112" l="6">
      <fs type="struct" xmlns="http://www.tei-c.org/ns/1.0">
        <f name="name">s</f>
        <f name="attr">
          <fs type="attr">
            <f name="part">N</f>
          </fs>
        </f>
      </fs>
    </span>
    <span id="s132" from="4060" to="4065" l="7">
      <fs type="struct" xmlns="http://www.tei-c.org/ns/1.0">
        <f name="name">ref</f>
        <f name="attr">
          <fs type="attr">
            <f name="corresp">#f1306017.A02</f>
            <f name="type">addressingTerm</f>
          </fs>
        </f>
      </fs>
    </span>
    <span id="s133" from="4112" to="4230" l="4">
      <fs type="struct" xmlns="http://www.tei-c.org/ns/1.0">
        <f name="name">posting</f>
        <f name="attr">
          <fs type="attr">
            <f name="id">f1306017.m38</f>
            <f name="type">standard</f>
            <f name="who">#f1306017.A02</f>
          </fs>
        </f>
      </fs>
    </span>
    <span id="s134" from="4113" to="4230" l="5">
      <fs type="struct" xmlns="http://www.tei-c.org/ns/1.0">
        <f name="name">p</f>
        <f name="attr">
          <fs type="attr">
            <f name="part">N</f>
          </fs>
        </f>
      </fs>
    </span>
    <span id="s135" from="4114" to="4230" l="6">
      <fs type="struct" xmlns="http://www.tei-c.org/ns/1.0">
        <f name="name">s</f>
        <f name="attr">
          <fs type="attr">
            <f name="part">N</f>
          </fs>
        </f>
      </fs>
    </span>
    <span id="s136" from="4230" to="4278" l="4">
      <fs type="struct" xmlns="http://www.tei-c.org/ns/1.0">
        <f name="name">posting</f>
        <f name="attr">
          <fs type="attr">
            <f name="id">f1306017.m39</f>
            <f name="type">standard</f>
            <f name="who">#f1306017.A10</f>
          </fs>
        </f>
      </fs>
    </span>
    <span id="s137" from="4231" to="4278" l="5">
      <fs type="struct" xmlns="http://www.tei-c.org/ns/1.0">
        <f name="name">p</f>
        <f name="attr">
          <fs type="attr">
            <f name="part">N</f>
          </fs>
        </f>
      </fs>
    </span>
    <span id="s138" from="4232" to="4278" l="6">
      <fs type="struct" xmlns="http://www.tei-c.org/ns/1.0">
        <f name="name">s</f>
        <f name="attr">
          <fs type="attr">
            <f name="part">N</f>
          </fs>
        </f>
      </fs>
    </span>
    <span id="s139" from="4278" to="4550" l="4">
      <fs type="struct" xmlns="http://www.tei-c.org/ns/1.0">
        <f name="name">posting</f>
        <f name="attr">
          <fs type="attr">
            <f name="id">f1306017.m40</f>
            <f name="type">standard</f>
            <f name="who">#f1306017.A02</f>
          </fs>
        </f>
      </fs>
    </span>
    <span id="s140" from="4279" to="4550" l="5">
      <fs type="struct" xmlns="http://www.tei-c.org/ns/1.0">
        <f name="name">p</f>
        <f name="attr">
          <fs type="attr">
            <f name="part">N</f>
          </fs>
        </f>
      </fs>
    </span>
    <span id="s141" from="4280" to="4550" l="6">
      <fs type="struct" xmlns="http://www.tei-c.org/ns/1.0">
        <f name="name">s</f>
        <f name="attr">
          <fs type="attr">
            <f name="part">N</f>
          </fs>
        </f>
      </fs>
    </span>
    <span id="s142" from="4550" to="4605" l="4">
      <fs type="struct" xmlns="http://www.tei-c.org/ns/1.0">
        <f name="name">posting</f>
        <f name="attr">
          <fs type="attr">
            <f name="id">f1306017.m41</f>
            <f name="type">standard</f>
            <f name="who">#f1306017.A15</f>
          </fs>
        </f>
      </fs>
    </span>
    <span id="s143" from="4551" to="4605" l="5">
      <fs type="struct" xmlns="http://www.tei-c.org/ns/1.0">
        <f name="name">p</f>
        <f name="attr">
          <fs type="attr">
            <f name="part">N</f>
          </fs>
        </f>
      </fs>
    </span>
    <span id="s144" from="4552" to="4605" l="6">
      <fs type="struct" xmlns="http://www.tei-c.org/ns/1.0">
        <f name="name">s</f>
        <f name="attr">
          <fs type="attr">
            <f name="part">N</f>
          </fs>
        </f>
      </fs>
    </span>
    <span id="s145" from="4605" to="4652" l="4">
      <fs type="struct" xmlns="http://www.tei-c.org/ns/1.0">
        <f name="name">posting</f>
        <f name="attr">
          <fs type="attr">
            <f name="id">f1306017.m42</f>
            <f name="type">standard</f>
            <f name="who">#f1306017.A02</f>
          </fs>
        </f>
      </fs>
    </span>
    <span id="s146" from="4606" to="4652" l="5">
      <fs type="struct" xmlns="http://www.tei-c.org/ns/1.0">
        <f name="name">p</f>
        <f name="attr">
          <fs type="attr">
            <f name="part">N</f>
          </fs>
        </f>
      </fs>
    </span>
    <span id="s147" from="4607" to="4652" l="6">
      <fs type="struct" xmlns="http://www.tei-c.org/ns/1.0">
        <f name="name">s</f>
        <f name="attr">
          <fs type="attr">
            <f name="part">N</f>
          </fs>
        </f>
      </fs>
    </span>
    <span id="s148" from="4652" to="4738" l="4">
      <fs type="struct" xmlns="http://www.tei-c.org/ns/1.0">
        <f name="name">posting</f>
        <f name="attr">
          <fs type="attr">
            <f name="id">f1306017.m43</f>
            <f name="type">standard</f>
            <f name="who">#f1306017.A12</f>
          </fs>
        </f>
      </fs>
    </span>
    <span id="s149" from="4653" to="4738" l="5">
      <fs type="struct" xmlns="http://www.tei-c.org/ns/1.0">
        <f name="name">p</f>
        <f name="attr">
          <fs type="attr">
            <f name="part">N</f>
          </fs>
        </f>
      </fs>
    </span>
    <span id="s150" from="4654" to="4738" l="6">
      <fs type="struct" xmlns="http://www.tei-c.org/ns/1.0">
        <f name="name">s</f>
        <f name="attr">
          <fs type="attr">
            <f name="part">N</f>
          </fs>
        </f>
      </fs>
    </span>
    <span id="s151" from="4738" to="4847" l="4">
      <fs type="struct" xmlns="http://www.tei-c.org/ns/1.0">
        <f name="name">posting</f>
        <f name="attr">
          <fs type="attr">
            <f name="id">f1306017.m44</f>
            <f name="type">standard</f>
            <f name="who">#f1306017.A02</f>
          </fs>
        </f>
      </fs>
    </span>
    <span id="s152" from="4739" to="4847" l="5">
      <fs type="struct" xmlns="http://www.tei-c.org/ns/1.0">
        <f name="name">p</f>
        <f name="attr">
          <fs type="attr">
            <f name="part">N</f>
          </fs>
        </f>
      </fs>
    </span>
    <span id="s153" from="4740" to="4847" l="6">
      <fs type="struct" xmlns="http://www.tei-c.org/ns/1.0">
        <f name="name">s</f>
        <f name="attr">
          <fs type="attr">
            <f name="part">N</f>
          </fs>
        </f>
      </fs>
    </span>
    <span id="s154" from="4847" to="4904" l="4">
      <fs type="struct" xmlns="http://www.tei-c.org/ns/1.0">
        <f name="name">posting</f>
        <f name="attr">
          <fs type="attr">
            <f name="id">f1306017.m45</f>
            <f name="type">standard</f>
            <f name="who">#f1306017.A16</f>
          </fs>
        </f>
      </fs>
    </span>
    <span id="s155" from="4848" to="4904" l="5">
      <fs type="struct" xmlns="http://www.tei-c.org/ns/1.0">
        <f name="name">p</f>
        <f name="attr">
          <fs type="attr">
            <f name="part">N</f>
          </fs>
        </f>
      </fs>
    </span>
    <span id="s156" from="4849" to="4904" l="6">
      <fs type="struct" xmlns="http://www.tei-c.org/ns/1.0">
        <f name="name">s</f>
        <f name="attr">
          <fs type="attr">
            <f name="part">N</f>
          </fs>
        </f>
      </fs>
    </span>
    <span id="s157" from="4904" to="5141" l="4">
      <fs type="struct" xmlns="http://www.tei-c.org/ns/1.0">
        <f name="name">posting</f>
        <f name="attr">
          <fs type="attr">
            <f name="id">f1306017.m46</f>
            <f name="type">standard</f>
            <f name="who">#f1306017.A02</f>
          </fs>
        </f>
      </fs>
    </span>
    <span id="s158" from="4905" to="5141" l="5">
      <fs type="struct" xmlns="http://www.tei-c.org/ns/1.0">
        <f name="name">p</f>
        <f name="attr">
          <fs type="attr">
            <f name="part">N</f>
          </fs>
        </f>
      </fs>
    </span>
    <span id="s159" from="4906" to="5141" l="6">
      <fs type="struct" xmlns="http://www.tei-c.org/ns/1.0">
        <f name="name">s</f>
        <f name="attr">
          <fs type="attr">
            <f name="part">N</f>
          </fs>
        </f>
      </fs>
    </span>
    <span id="s160" from="5141" to="5189" l="4">
      <fs type="struct" xmlns="http://www.tei-c.org/ns/1.0">
        <f name="name">posting</f>
        <f name="attr">
          <fs type="attr">
            <f name="id">f1306017.m47</f>
            <f name="type">standard</f>
            <f name="who">#f1306017.A05</f>
          </fs>
        </f>
      </fs>
    </span>
    <span id="s161" from="5142" to="5189" l="5">
      <fs type="struct" xmlns="http://www.tei-c.org/ns/1.0">
        <f name="name">p</f>
        <f name="attr">
          <fs type="attr">
            <f name="part">N</f>
          </fs>
        </f>
      </fs>
    </span>
    <span id="s162" from="5143" to="5189" l="6">
      <fs type="struct" xmlns="http://www.tei-c.org/ns/1.0">
        <f name="name">s</f>
        <f name="attr">
          <fs type="attr">
            <f name="part">N</f>
          </fs>
        </f>
      </fs>
    </span>
    <span id="s163" from="5189" to="5216" l="4">
      <fs type="struct" xmlns="http://www.tei-c.org/ns/1.0">
        <f name="name">posting</f>
        <f name="attr">
          <fs type="attr">
            <f name="id">f1306017.m48</f>
            <f name="type">standard</f>
            <f name="who">#f1306017.A02</f>
          </fs>
        </f>
      </fs>
    </span>
    <span id="s164" from="5190" to="5216" l="5">
      <fs type="struct" xmlns="http://www.tei-c.org/ns/1.0">
        <f name="name">p</f>
        <f name="attr">
          <fs type="attr">
            <f name="part">N</f>
          </fs>
        </f>
      </fs>
    </span>
    <span id="s165" from="5191" to="5216" l="6">
      <fs type="struct" xmlns="http://www.tei-c.org/ns/1.0">
        <f name="name">s</f>
        <f name="attr">
          <fs type="attr">
            <f name="part">N</f>
          </fs>
        </f>
      </fs>
    </span>
    <span id="s166" from="5216" to="5300" l="4">
      <fs type="struct" xmlns="http://www.tei-c.org/ns/1.0">
        <f name="name">posting</f>
        <f name="attr">
          <fs type="attr">
            <f name="id">f1306017.m49</f>
            <f name="type">standard</f>
            <f name="who">#f1306017.A17</f>
          </fs>
        </f>
      </fs>
    </span>
    <span id="s167" from="5217" to="5300" l="5">
      <fs type="struct" xmlns="http://www.tei-c.org/ns/1.0">
        <f name="name">p</f>
        <f name="attr">
          <fs type="attr">
            <f name="part">N</f>
          </fs>
        </f>
      </fs>
    </span>
    <span id="s168" from="5218" to="5300" l="6">
      <fs type="struct" xmlns="http://www.tei-c.org/ns/1.0">
        <f name="name">s</f>
        <f name="attr">
          <fs type="attr">
            <f name="part">N</f>
          </fs>
        </f>
      </fs>
    </span>
    <span id="s169" from="5219" to="5226" l="7">
      <fs type="struct" xmlns="http://www.tei-c.org/ns/1.0">
        <f name="name">ref</f>
        <f name="attr">
          <fs type="attr">
            <f name="corresp">#f1306017.A02</f>
            <f name="type">addressingTerm</f>
          </fs>
        </f>
      </fs>
    </span>
    <span id="s170" from="5300" to="5491" l="4">
      <fs type="struct" xmlns="http://www.tei-c.org/ns/1.0">
        <f name="name">posting</f>
        <f name="attr">
          <fs type="attr">
            <f name="id">f1306017.m50</f>
            <f name="type">standard</f>
            <f name="who">#f1306017.A02</f>
          </fs>
        </f>
      </fs>
    </span>
    <span id="s171" from="5301" to="5491" l="5">
      <fs type="struct" xmlns="http://www.tei-c.org/ns/1.0">
        <f name="name">p</f>
        <f name="attr">
          <fs type="attr">
            <f name="part">N</f>
          </fs>
        </f>
      </fs>
    </span>
    <span id="s172" from="5302" to="5491" l="6">
      <fs type="struct" xmlns="http://www.tei-c.org/ns/1.0">
        <f name="name">s</f>
        <f name="attr">
          <fs type="attr">
            <f name="part">N</f>
          </fs>
        </f>
      </fs>
    </span>
    <span id="s173" from="5491" to="5589" l="4">
      <fs type="struct" xmlns="http://www.tei-c.org/ns/1.0">
        <f name="name">posting</f>
        <f name="attr">
          <fs type="attr">
            <f name="id">f1306017.m51</f>
            <f name="type">standard</f>
            <f name="who">#f1306017.A18</f>
          </fs>
        </f>
      </fs>
    </span>
    <span id="s174" from="5492" to="5589" l="5">
      <fs type="struct" xmlns="http://www.tei-c.org/ns/1.0">
        <f name="name">p</f>
        <f name="attr">
          <fs type="attr">
            <f name="part">N</f>
          </fs>
        </f>
      </fs>
    </span>
    <span id="s175" from="5493" to="5589" l="6">
      <fs type="struct" xmlns="http://www.tei-c.org/ns/1.0">
        <f name="name">s</f>
        <f name="attr">
          <fs type="attr">
            <f name="part">N</f>
          </fs>
        </f>
      </fs>
    </span>
    <span id="s176" from="5589" to="5985" l="4">
      <fs type="struct" xmlns="http://www.tei-c.org/ns/1.0">
        <f name="name">posting</f>
        <f name="attr">
          <fs type="attr">
            <f name="id">f1306017.m52</f>
            <f name="type">standard</f>
            <f name="who">#f1306017.A02</f>
          </fs>
        </f>
      </fs>
    </span>
    <span id="s177" from="5590" to="5985" l="5">
      <fs type="struct" xmlns="http://www.tei-c.org/ns/1.0">
        <f name="name">p</f>
        <f name="attr">
          <fs type="attr">
            <f name="part">N</f>
          </fs>
        </f>
      </fs>
    </span>
    <span id="s178" from="5591" to="5985" l="6">
      <fs type="struct" xmlns="http://www.tei-c.org/ns/1.0">
        <f name="name">s</f>
        <f name="attr">
          <fs type="attr">
            <f name="part">N</f>
          </fs>
        </f>
      </fs>
    </span>
    <span id="s179" from="5985" to="6047" l="4">
      <fs type="struct" xmlns="http://www.tei-c.org/ns/1.0">
        <f name="name">posting</f>
        <f name="attr">
          <fs type="attr">
            <f name="id">f1306017.m53</f>
            <f name="type">standard</f>
            <f name="who">#f1306017.A19</f>
          </fs>
        </f>
      </fs>
    </span>
    <span id="s180" from="5986" to="6047" l="5">
      <fs type="struct" xmlns="http://www.tei-c.org/ns/1.0">
        <f name="name">p</f>
        <f name="attr">
          <fs type="attr">
            <f name="part">N</f>
          </fs>
        </f>
      </fs>
    </span>
    <span id="s181" from="5987" to="6047" l="6">
      <fs type="struct" xmlns="http://www.tei-c.org/ns/1.0">
        <f name="name">s</f>
        <f name="attr">
          <fs type="attr">
            <f name="part">N</f>
          </fs>
        </f>
      </fs>
    </span>
    <span id="s182" from="6047" to="6097" l="4">
      <fs type="struct" xmlns="http://www.tei-c.org/ns/1.0">
        <f name="name">posting</f>
        <f name="attr">
          <fs type="attr">
            <f name="id">f1306017.m54</f>
            <f name="type">standard</f>
            <f name="who">#f1306017.A02</f>
          </fs>
        </f>
      </fs>
    </span>
    <span id="s183" from="6048" to="6097" l="5">
      <fs type="struct" xmlns="http://www.tei-c.org/ns/1.0">
        <f name="name">p</f>
        <f name="attr">
          <fs type="attr">
            <f name="part">N</f>
          </fs>
        </f>
      </fs>
    </span>
    <span id="s184" from="6049" to="6097" l="6">
      <fs type="struct" xmlns="http://www.tei-c.org/ns/1.0">
        <f name="name">s</f>
        <f name="attr">
          <fs type="attr">
            <f name="part">N</f>
          </fs>
        </f>
      </fs>
    </span>
    <span id="s185" from="6097" to="6327" l="4">
      <fs type="struct" xmlns="http://www.tei-c.org/ns/1.0">
        <f name="name">posting</f>
        <f name="attr">
          <fs type="attr">
            <f name="id">f1306017.m55</f>
            <f name="type">standard</f>
            <f name="who">#f1306017.A20</f>
          </fs>
        </f>
      </fs>
    </span>
    <span id="s186" from="6098" to="6327" l="5">
      <fs type="struct" xmlns="http://www.tei-c.org/ns/1.0">
        <f name="name">p</f>
        <f name="attr">
          <fs type="attr">
            <f name="part">N</f>
          </fs>
        </f>
      </fs>
    </span>
    <span id="s187" from="6099" to="6327" l="6">
      <fs type="struct" xmlns="http://www.tei-c.org/ns/1.0">
        <f name="name">s</f>
        <f name="attr">
          <fs type="attr">
            <f name="part">N</f>
          </fs>
        </f>
      </fs>
    </span>
    <span id="s188" from="6100" to="6107" l="7">
      <fs type="struct" xmlns="http://www.tei-c.org/ns/1.0">
        <f name="name">ref</f>
        <f name="attr">
          <fs type="attr">
            <f name="corresp">#f1306017.A02</f>
            <f name="type">addressingTerm</f>
          </fs>
        </f>
      </fs>
    </span>
    <span id="s189" from="6327" to="6469" l="4">
      <fs type="struct" xmlns="http://www.tei-c.org/ns/1.0">
        <f name="name">posting</f>
        <f name="attr">
          <fs type="attr">
            <f name="id">f1306017.m56</f>
            <f name="type">standard</f>
            <f name="who">#f1306017.A02</f>
          </fs>
        </f>
      </fs>
    </span>
    <span id="s190" from="6328" to="6469" l="5">
      <fs type="struct" xmlns="http://www.tei-c.org/ns/1.0">
        <f name="name">p</f>
        <f name="attr">
          <fs type="attr">
            <f name="part">N</f>
          </fs>
        </f>
      </fs>
    </span>
    <span id="s191" from="6329" to="6469" l="6">
      <fs type="struct" xmlns="http://www.tei-c.org/ns/1.0">
        <f name="name">s</f>
        <f name="attr">
          <fs type="attr">
            <f name="part">N</f>
          </fs>
        </f>
      </fs>
    </span>
    <span id="s192" from="6469" to="6504" l="4">
      <fs type="struct" xmlns="http://www.tei-c.org/ns/1.0">
        <f name="name">posting</f>
        <f name="attr">
          <fs type="attr">
            <f name="id">f1306017.m57</f>
            <f name="type">standard</f>
            <f name="who">#f1306017.A05</f>
          </fs>
        </f>
      </fs>
    </span>
    <span id="s193" from="6470" to="6504" l="5">
      <fs type="struct" xmlns="http://www.tei-c.org/ns/1.0">
        <f name="name">p</f>
        <f name="attr">
          <fs type="attr">
            <f name="part">N</f>
          </fs>
        </f>
      </fs>
    </span>
    <span id="s194" from="6471" to="6504" l="6">
      <fs type="struct" xmlns="http://www.tei-c.org/ns/1.0">
        <f name="name">s</f>
        <f name="attr">
          <fs type="attr">
            <f name="part">N</f>
          </fs>
        </f>
      </fs>
    </span>
    <span id="s195" from="6504" to="6735" l="4">
      <fs type="struct" xmlns="http://www.tei-c.org/ns/1.0">
        <f name="name">posting</f>
        <f name="attr">
          <fs type="attr">
            <f name="id">f1306017.m58</f>
            <f name="type">standard</f>
            <f name="who">#f1306017.A02</f>
          </fs>
        </f>
      </fs>
    </span>
    <span id="s196" from="6505" to="6735" l="5">
      <fs type="struct" xmlns="http://www.tei-c.org/ns/1.0">
        <f name="name">p</f>
        <f name="attr">
          <fs type="attr">
            <f name="part">N</f>
          </fs>
        </f>
      </fs>
    </span>
    <span id="s197" from="6506" to="6735" l="6">
      <fs type="struct" xmlns="http://www.tei-c.org/ns/1.0">
        <f name="name">s</f>
        <f name="attr">
          <fs type="attr">
            <f name="part">N</f>
          </fs>
        </f>
      </fs>
    </span>
    <span id="s198" from="6735" to="6776" l="4">
      <fs type="struct" xmlns="http://www.tei-c.org/ns/1.0">
        <f name="name">posting</f>
        <f name="attr">
          <fs type="attr">
            <f name="id">f1306017.m59</f>
            <f name="type">standard</f>
            <f name="who">#f1306017.A21</f>
          </fs>
        </f>
      </fs>
    </span>
    <span id="s199" from="6736" to="6776" l="5">
      <fs type="struct" xmlns="http://www.tei-c.org/ns/1.0">
        <f name="name">p</f>
        <f name="attr">
          <fs type="attr">
            <f name="part">N</f>
          </fs>
        </f>
      </fs>
    </span>
    <span id="s200" from="6737" to="6776" l="6">
      <fs type="struct" xmlns="http://www.tei-c.org/ns/1.0">
        <f name="name">s</f>
        <f name="attr">
          <fs type="attr">
            <f name="part">N</f>
          </fs>
        </f>
      </fs>
    </span>
    <span id="s201" from="6776" to="6919" l="4">
      <fs type="struct" xmlns="http://www.tei-c.org/ns/1.0">
        <f name="name">posting</f>
        <f name="attr">
          <fs type="attr">
            <f name="id">f1306017.m60</f>
            <f name="type">standard</f>
            <f name="who">#f1306017.A02</f>
          </fs>
        </f>
      </fs>
    </span>
    <span id="s202" from="6777" to="6919" l="5">
      <fs type="struct" xmlns="http://www.tei-c.org/ns/1.0">
        <f name="name">p</f>
        <f name="attr">
          <fs type="attr">
            <f name="part">N</f>
          </fs>
        </f>
      </fs>
    </span>
    <span id="s203" from="6778" to="6919" l="6">
      <fs type="struct" xmlns="http://www.tei-c.org/ns/1.0">
        <f name="name">s</f>
        <f name="attr">
          <fs type="attr">
            <f name="part">N</f>
          </fs>
        </f>
      </fs>
    </span>
    <span id="s204" from="6919" to="7013" l="4">
      <fs type="struct" xmlns="http://www.tei-c.org/ns/1.0">
        <f name="name">posting</f>
        <f name="attr">
          <fs type="attr">
            <f name="id">f1306017.m61</f>
            <f name="type">standard</f>
            <f name="who">#f1306017.A22</f>
          </fs>
        </f>
      </fs>
    </span>
    <span id="s205" from="6920" to="7013" l="5">
      <fs type="struct" xmlns="http://www.tei-c.org/ns/1.0">
        <f name="name">p</f>
        <f name="attr">
          <fs type="attr">
            <f name="part">N</f>
          </fs>
        </f>
      </fs>
    </span>
    <span id="s206" from="6921" to="7013" l="6">
      <fs type="struct" xmlns="http://www.tei-c.org/ns/1.0">
        <f name="name">s</f>
        <f name="attr">
          <fs type="attr">
            <f name="part">N</f>
          </fs>
        </f>
      </fs>
    </span>
    <span id="s207" from="7013" to="7140" l="4">
      <fs type="struct" xmlns="http://www.tei-c.org/ns/1.0">
        <f name="name">posting</f>
        <f name="attr">
          <fs type="attr">
            <f name="id">f1306017.m62</f>
            <f name="type">standard</f>
            <f name="who">#f1306017.A02</f>
          </fs>
        </f>
      </fs>
    </span>
    <span id="s208" from="7014" to="7140" l="5">
      <fs type="struct" xmlns="http://www.tei-c.org/ns/1.0">
        <f name="name">p</f>
        <f name="attr">
          <fs type="attr">
            <f name="part">N</f>
          </fs>
        </f>
      </fs>
    </span>
    <span id="s209" from="7015" to="7140" l="6">
      <fs type="struct" xmlns="http://www.tei-c.org/ns/1.0">
        <f name="name">s</f>
        <f name="attr">
          <fs type="attr">
            <f name="part">N</f>
          </fs>
        </f>
      </fs>
    </span>
    <span id="s210" from="7140" to="7189" l="4">
      <fs type="struct" xmlns="http://www.tei-c.org/ns/1.0">
        <f name="name">posting</f>
        <f name="attr">
          <fs type="attr">
            <f name="id">f1306017.m63</f>
            <f name="type">standard</f>
            <f name="who">#f1306017.A12</f>
          </fs>
        </f>
      </fs>
    </span>
    <span id="s211" from="7141" to="7189" l="5">
      <fs type="struct" xmlns="http://www.tei-c.org/ns/1.0">
        <f name="name">p</f>
        <f name="attr">
          <fs type="attr">
            <f name="part">N</f>
          </fs>
        </f>
      </fs>
    </span>
    <span id="s212" from="7142" to="7167" l="6">
      <fs type="struct" xmlns="http://www.tei-c.org/ns/1.0">
        <f name="name">s</f>
        <f name="attr">
          <fs type="attr">
            <f name="part">N</f>
          </fs>
        </f>
      </fs>
    </span>
    <span id="s213" from="7167" to="7189" l="6">
      <fs type="struct" xmlns="http://www.tei-c.org/ns/1.0">
        <f name="name">s</f>
        <f name="attr">
          <fs type="attr">
            <f name="part">N</f>
          </fs>
        </f>
      </fs>
    </span>
    <span id="s214" from="7189" to="7331" l="4">
      <fs type="struct" xmlns="http://www.tei-c.org/ns/1.0">
        <f name="name">posting</f>
        <f name="attr">
          <fs type="attr">
            <f name="id">f1306017.m64</f>
            <f name="type">standard</f>
            <f name="who">#f1306017.A02</f>
          </fs>
        </f>
      </fs>
    </span>
    <span id="s215" from="7190" to="7331" l="5">
      <fs type="struct" xmlns="http://www.tei-c.org/ns/1.0">
        <f name="name">p</f>
        <f name="attr">
          <fs type="attr">
            <f name="part">N</f>
          </fs>
        </f>
      </fs>
    </span>
    <span id="s216" from="7191" to="7331" l="6">
      <fs type="struct" xmlns="http://www.tei-c.org/ns/1.0">
        <f name="name">s</f>
        <f name="attr">
          <fs type="attr">
            <f name="part">N</f>
          </fs>
        </f>
      </fs>
    </span>
    <span id="s217" from="7331" to="7337" l="4">
      <fs type="struct" xmlns="http://www.tei-c.org/ns/1.0">
        <f name="name">posting</f>
        <f name="attr">
          <fs type="attr">
            <f name="id">f1306017.m65</f>
            <f name="type">standard</f>
            <f name="who">#f1306017.A02</f>
          </fs>
        </f>
      </fs>
    </span>
    <span id="s218" from="7332" to="7337" l="5">
      <fs type="struct" xmlns="http://www.tei-c.org/ns/1.0">
        <f name="name">p</f>
        <f name="attr">
          <fs type="attr">
            <f name="part">N</f>
          </fs>
        </f>
      </fs>
    </span>
    <span id="s219" from="7337" to="7505" l="4">
      <fs type="struct" xmlns="http://www.tei-c.org/ns/1.0">
        <f name="name">posting</f>
        <f name="attr">
          <fs type="attr">
            <f name="id">f1306017.m66</f>
            <f name="type">standard</f>
            <f name="who">#f1306017.A10</f>
          </fs>
        </f>
      </fs>
    </span>
    <span id="s220" from="7338" to="7505" l="5">
      <fs type="struct" xmlns="http://www.tei-c.org/ns/1.0">
        <f name="name">p</f>
        <f name="attr">
          <fs type="attr">
            <f name="part">N</f>
          </fs>
        </f>
      </fs>
    </span>
    <span id="s221" from="7339" to="7505" l="6">
      <fs type="struct" xmlns="http://www.tei-c.org/ns/1.0">
        <f name="name">s</f>
        <f name="attr">
          <fs type="attr">
            <f name="part">N</f>
          </fs>
        </f>
      </fs>
    </span>
    <span id="s222" from="7505" to="7579" l="4">
      <fs type="struct" xmlns="http://www.tei-c.org/ns/1.0">
        <f name="name">posting</f>
        <f name="attr">
          <fs type="attr">
            <f name="id">f1306017.m67</f>
            <f name="type">standard</f>
            <f name="who">#f1306017.A02</f>
          </fs>
        </f>
      </fs>
    </span>
    <span id="s223" from="7506" to="7579" l="5">
      <fs type="struct" xmlns="http://www.tei-c.org/ns/1.0">
        <f name="name">p</f>
        <f name="attr">
          <fs type="attr">
            <f name="part">N</f>
          </fs>
        </f>
      </fs>
    </span>
    <span id="s224" from="7507" to="7579" l="6">
      <fs type="struct" xmlns="http://www.tei-c.org/ns/1.0">
        <f name="name">s</f>
        <f name="attr">
          <fs type="attr">
            <f name="part">N</f>
          </fs>
        </f>
      </fs>
    </span>
    <span id="s225" from="7579" to="7677" l="4">
      <fs type="struct" xmlns="http://www.tei-c.org/ns/1.0">
        <f name="name">posting</f>
        <f name="attr">
          <fs type="attr">
            <f name="id">f1306017.m68</f>
            <f name="type">standard</f>
            <f name="who">#f1306017.A19</f>
          </fs>
        </f>
      </fs>
    </span>
    <span id="s226" from="7580" to="7677" l="5">
      <fs type="struct" xmlns="http://www.tei-c.org/ns/1.0">
        <f name="name">p</f>
        <f name="attr">
          <fs type="attr">
            <f name="part">N</f>
          </fs>
        </f>
      </fs>
    </span>
    <span id="s227" from="7581" to="7677" l="6">
      <fs type="struct" xmlns="http://www.tei-c.org/ns/1.0">
        <f name="name">s</f>
        <f name="attr">
          <fs type="attr">
            <f name="part">N</f>
          </fs>
        </f>
      </fs>
    </span>
    <span id="s228" from="7677" to="7748" l="4">
      <fs type="struct" xmlns="http://www.tei-c.org/ns/1.0">
        <f name="name">posting</f>
        <f name="attr">
          <fs type="attr">
            <f name="id">f1306017.m69</f>
            <f name="type">standard</f>
            <f name="who">#f1306017.A02</f>
          </fs>
        </f>
      </fs>
    </span>
    <span id="s229" from="7678" to="7748" l="5">
      <fs type="struct" xmlns="http://www.tei-c.org/ns/1.0">
        <f name="name">p</f>
        <f name="attr">
          <fs type="attr">
            <f name="part">N</f>
          </fs>
        </f>
      </fs>
    </span>
    <span id="s230" from="7679" to="7748" l="6">
      <fs type="struct" xmlns="http://www.tei-c.org/ns/1.0">
        <f name="name">s</f>
        <f name="attr">
          <fs type="attr">
            <f name="part">N</f>
          </fs>
        </f>
      </fs>
    </span>
    <span id="s231" from="7748" to="7806" l="4">
      <fs type="struct" xmlns="http://www.tei-c.org/ns/1.0">
        <f name="name">posting</f>
        <f name="attr">
          <fs type="attr">
            <f name="id">f1306017.m70</f>
            <f name="type">standard</f>
            <f name="who">#f1306017.A05</f>
          </fs>
        </f>
      </fs>
    </span>
    <span id="s232" from="7749" to="7806" l="5">
      <fs type="struct" xmlns="http://www.tei-c.org/ns/1.0">
        <f name="name">p</f>
        <f name="attr">
          <fs type="attr">
            <f name="part">N</f>
          </fs>
        </f>
      </fs>
    </span>
    <span id="s233" from="7750" to="7806" l="6">
      <fs type="struct" xmlns="http://www.tei-c.org/ns/1.0">
        <f name="name">s</f>
        <f name="attr">
          <fs type="attr">
            <f name="part">N</f>
          </fs>
        </f>
      </fs>
    </span>
    <span id="s234" from="7806" to="7958" l="4">
      <fs type="struct" xmlns="http://www.tei-c.org/ns/1.0">
        <f name="name">posting</f>
        <f name="attr">
          <fs type="attr">
            <f name="id">f1306017.m71</f>
            <f name="type">standard</f>
            <f name="who">#f1306017.A02</f>
          </fs>
        </f>
      </fs>
    </span>
    <span id="s235" from="7807" to="7958" l="5">
      <fs type="struct" xmlns="http://www.tei-c.org/ns/1.0">
        <f name="name">p</f>
        <f name="attr">
          <fs type="attr">
            <f name="part">N</f>
          </fs>
        </f>
      </fs>
    </span>
    <span id="s236" from="7808" to="7958" l="6">
      <fs type="struct" xmlns="http://www.tei-c.org/ns/1.0">
        <f name="name">s</f>
        <f name="attr">
          <fs type="attr">
            <f name="part">N</f>
          </fs>
        </f>
      </fs>
    </span>
    <span id="s237" from="7958" to="8044" l="4">
      <fs type="struct" xmlns="http://www.tei-c.org/ns/1.0">
        <f name="name">posting</f>
        <f name="attr">
          <fs type="attr">
            <f name="id">f1306017.m72</f>
            <f name="type">standard</f>
            <f name="who">#f1306017.A23</f>
          </fs>
        </f>
      </fs>
    </span>
    <span id="s238" from="7959" to="8044" l="5">
      <fs type="struct" xmlns="http://www.tei-c.org/ns/1.0">
        <f name="name">p</f>
        <f name="attr">
          <fs type="attr">
            <f name="part">N</f>
          </fs>
        </f>
      </fs>
    </span>
    <span id="s239" from="7960" to="8044" l="6">
      <fs type="struct" xmlns="http://www.tei-c.org/ns/1.0">
        <f name="name">s</f>
        <f name="attr">
          <fs type="attr">
            <f name="part">N</f>
          </fs>
        </f>
      </fs>
    </span>
    <span id="s240" from="8044" to="8462" l="4">
      <fs type="struct" xmlns="http://www.tei-c.org/ns/1.0">
        <f name="name">posting</f>
        <f name="attr">
          <fs type="attr">
            <f name="id">f1306017.m73</f>
            <f name="type">standard</f>
            <f name="who">#f1306017.A02</f>
          </fs>
        </f>
      </fs>
    </span>
    <span id="s241" from="8045" to="8462" l="5">
      <fs type="struct" xmlns="http://www.tei-c.org/ns/1.0">
        <f name="name">p</f>
        <f name="attr">
          <fs type="attr">
            <f name="part">N</f>
          </fs>
        </f>
      </fs>
    </span>
    <span id="s242" from="8046" to="8462" l="6">
      <fs type="struct" xmlns="http://www.tei-c.org/ns/1.0">
        <f name="name">s</f>
        <f name="attr">
          <fs type="attr">
            <f name="part">N</f>
          </fs>
        </f>
      </fs>
    </span>
    <span id="s243" from="8462" to="8514" l="4">
      <fs type="struct" xmlns="http://www.tei-c.org/ns/1.0">
        <f name="name">posting</f>
        <f name="attr">
          <fs type="attr">
            <f name="id">f1306017.m74</f>
            <f name="type">standard</f>
            <f name="who">#f1306017.A24</f>
          </fs>
        </f>
      </fs>
    </span>
    <span id="s244" from="8463" to="8514" l="5">
      <fs type="struct" xmlns="http://www.tei-c.org/ns/1.0">
        <f name="name">p</f>
        <f name="attr">
          <fs type="attr">
            <f name="part">N</f>
          </fs>
        </f>
      </fs>
    </span>
    <span id="s245" from="8464" to="8514" l="6">
      <fs type="struct" xmlns="http://www.tei-c.org/ns/1.0">
        <f name="name">s</f>
        <f name="attr">
          <fs type="attr">
            <f name="part">N</f>
          </fs>
        </f>
      </fs>
    </span>
    <span id="s246" from="8514" to="8548" l="4">
      <fs type="struct" xmlns="http://www.tei-c.org/ns/1.0">
        <f name="name">posting</f>
        <f name="attr">
          <fs type="attr">
            <f name="id">f1306017.m75</f>
            <f name="type">standard</f>
            <f name="who">#f1306017.A02</f>
          </fs>
        </f>
      </fs>
    </span>
    <span id="s247" from="8515" to="8548" l="5">
      <fs type="struct" xmlns="http://www.tei-c.org/ns/1.0">
        <f name="name">p</f>
        <f name="attr">
          <fs type="attr">
            <f name="part">N</f>
          </fs>
        </f>
      </fs>
    </span>
    <span id="s248" from="8516" to="8548" l="6">
      <fs type="struct" xmlns="http://www.tei-c.org/ns/1.0">
        <f name="name">s</f>
        <f name="attr">
          <fs type="attr">
            <f name="part">N</f>
          </fs>
        </f>
      </fs>
    </span>
    <span id="s249" from="8548" to="8609" l="4">
      <fs type="struct" xmlns="http://www.tei-c.org/ns/1.0">
        <f name="name">posting</f>
        <f name="attr">
          <fs type="attr">
            <f name="id">f1306017.m76</f>
            <f name="type">standard</f>
            <f name="who">#f1306017.A04</f>
          </fs>
        </f>
      </fs>
    </span>
    <span id="s250" from="8549" to="8609" l="5">
      <fs type="struct" xmlns="http://www.tei-c.org/ns/1.0">
        <f name="name">p</f>
        <f name="attr">
          <fs type="attr">
            <f name="part">N</f>
          </fs>
        </f>
      </fs>
    </span>
    <span id="s251" from="8550" to="8609" l="6">
      <fs type="struct" xmlns="http://www.tei-c.org/ns/1.0">
        <f name="name">s</f>
        <f name="attr">
          <fs type="attr">
            <f name="part">N</f>
          </fs>
        </f>
      </fs>
    </span>
    <span id="s252" from="8609" to="8716" l="4">
      <fs type="struct" xmlns="http://www.tei-c.org/ns/1.0">
        <f name="name">posting</f>
        <f name="attr">
          <fs type="attr">
            <f name="id">f1306017.m77</f>
            <f name="type">standard</f>
            <f name="who">#f1306017.A02</f>
          </fs>
        </f>
      </fs>
    </span>
    <span id="s253" from="8610" to="8716" l="5">
      <fs type="struct" xmlns="http://www.tei-c.org/ns/1.0">
        <f name="name">p</f>
        <f name="attr">
          <fs type="attr">
            <f name="part">N</f>
          </fs>
        </f>
      </fs>
    </span>
    <span id="s254" from="8611" to="8716" l="6">
      <fs type="struct" xmlns="http://www.tei-c.org/ns/1.0">
        <f name="name">s</f>
        <f name="attr">
          <fs type="attr">
            <f name="part">N</f>
          </fs>
        </f>
      </fs>
    </span>
    <span id="s255" from="8632" to="8650" l="7">
      <fs type="struct" xmlns="http://www.tei-c.org/ns/1.0">
        <f name="name">name</f>
        <f name="attr">
          <fs type="attr">
            <f name="full">yes</f>
            <f name="instant">false</f>
            <f name="type">PER</f>
          </fs>
        </f>
      </fs>
    </span>
    <span id="s256" from="8716" to="8762" l="4">
      <fs type="struct" xmlns="http://www.tei-c.org/ns/1.0">
        <f name="name">posting</f>
        <f name="attr">
          <fs type="attr">
            <f name="id">f1306017.m78</f>
            <f name="type">standard</f>
            <f name="who">#f1306017.A15</f>
          </fs>
        </f>
      </fs>
    </span>
    <span id="s257" from="8717" to="8762" l="5">
      <fs type="struct" xmlns="http://www.tei-c.org/ns/1.0">
        <f name="name">p</f>
        <f name="attr">
          <fs type="attr">
            <f name="part">N</f>
          </fs>
        </f>
      </fs>
    </span>
    <span id="s258" from="8718" to="8762" l="6">
      <fs type="struct" xmlns="http://www.tei-c.org/ns/1.0">
        <f name="name">s</f>
        <f name="attr">
          <fs type="attr">
            <f name="part">N</f>
          </fs>
        </f>
      </fs>
    </span>
    <span id="s259" from="8762" to="8768" l="4">
      <fs type="struct" xmlns="http://www.tei-c.org/ns/1.0">
        <f name="name">posting</f>
        <f name="attr">
          <fs type="attr">
            <f name="id">f1306017.m79</f>
            <f name="type">standard</f>
            <f name="who">#f1306017.A02</f>
          </fs>
        </f>
      </fs>
    </span>
    <span id="s260" from="8763" to="8768" l="5">
      <fs type="struct" xmlns="http://www.tei-c.org/ns/1.0">
        <f name="name">p</f>
        <f name="attr">
          <fs type="attr">
            <f name="part">N</f>
          </fs>
        </f>
      </fs>
    </span>
    <span id="s261" from="8764" to="8768" l="6">
      <fs type="struct" xmlns="http://www.tei-c.org/ns/1.0">
        <f name="name">s</f>
        <f name="attr">
          <fs type="attr">
            <f name="part">N</f>
          </fs>
        </f>
      </fs>
    </span>
    <span id="s262" from="8768" to="8818" l="4">
      <fs type="struct" xmlns="http://www.tei-c.org/ns/1.0">
        <f name="name">posting</f>
        <f name="attr">
          <fs type="attr">
            <f name="id">f1306017.m80</f>
            <f name="type">standard</f>
            <f name="who">#f1306017.A10</f>
          </fs>
        </f>
      </fs>
    </span>
    <span id="s263" from="8769" to="8818" l="5">
      <fs type="struct" xmlns="http://www.tei-c.org/ns/1.0">
        <f name="name">p</f>
        <f name="attr">
          <fs type="attr">
            <f name="part">N</f>
          </fs>
        </f>
      </fs>
    </span>
    <span id="s264" from="8770" to="8818" l="6">
      <fs type="struct" xmlns="http://www.tei-c.org/ns/1.0">
        <f name="name">s</f>
        <f name="attr">
          <fs type="attr">
            <f name="part">N</f>
          </fs>
        </f>
      </fs>
    </span>
    <span id="s265" from="8818" to="8842" l="4">
      <fs type="struct" xmlns="http://www.tei-c.org/ns/1.0">
        <f name="name">posting</f>
        <f name="attr">
          <fs type="attr">
            <f name="id">f1306017.m81</f>
            <f name="type">standard</f>
            <f name="who">#f1306017.A02</f>
          </fs>
        </f>
      </fs>
    </span>
    <span id="s266" from="8819" to="8842" l="5">
      <fs type="struct" xmlns="http://www.tei-c.org/ns/1.0">
        <f name="name">p</f>
        <f name="attr">
          <fs type="attr">
            <f name="part">N</f>
          </fs>
        </f>
      </fs>
    </span>
    <span id="s267" from="8820" to="8842" l="6">
      <fs type="struct" xmlns="http://www.tei-c.org/ns/1.0">
        <f name="name">s</f>
        <f name="attr">
          <fs type="attr">
            <f name="part">N</f>
          </fs>
        </f>
      </fs>
    </span>
    <span id="s268" from="8842" to="8851" l="4">
      <fs type="struct" xmlns="http://www.tei-c.org/ns/1.0">
        <f name="name">posting</f>
        <f name="attr">
          <fs type="attr">
            <f name="id">f1306017.m82</f>
            <f name="type">standard</f>
            <f name="who">#f1306017.A04</f>
          </fs>
        </f>
      </fs>
    </span>
    <span id="s269" from="8843" to="8851" l="5">
      <fs type="struct" xmlns="http://www.tei-c.org/ns/1.0">
        <f name="name">p</f>
        <f name="attr">
          <fs type="attr">
            <f name="part">N</f>
          </fs>
        </f>
      </fs>
    </span>
    <span id="s270" from="8844" to="8851" l="6">
      <fs type="struct" xmlns="http://www.tei-c.org/ns/1.0">
        <f name="name">s</f>
        <f name="attr">
          <fs type="attr">
            <f name="part">N</f>
          </fs>
        </f>
      </fs>
    </span>
    <span id="s271" from="8851" to="9025" l="4">
      <fs type="struct" xmlns="http://www.tei-c.org/ns/1.0">
        <f name="name">posting</f>
        <f name="attr">
          <fs type="attr">
            <f name="id">f1306017.m83</f>
            <f name="type">standard</f>
            <f name="who">#f1306017.A02</f>
          </fs>
        </f>
      </fs>
    </span>
    <span id="s272" from="8852" to="9025" l="5">
      <fs type="struct" xmlns="http://www.tei-c.org/ns/1.0">
        <f name="name">p</f>
        <f name="attr">
          <fs type="attr">
            <f name="part">N</f>
          </fs>
        </f>
      </fs>
    </span>
    <span id="s273" from="8853" to="9025" l="6">
      <fs type="struct" xmlns="http://www.tei-c.org/ns/1.0">
        <f name="name">s</f>
        <f name="attr">
          <fs type="attr">
            <f name="part">N</f>
          </fs>
        </f>
      </fs>
    </span>
    <span id="s274" from="9025" to="9081" l="4">
      <fs type="struct" xmlns="http://www.tei-c.org/ns/1.0">
        <f name="name">posting</f>
        <f name="attr">
          <fs type="attr">
            <f name="id">f1306017.m84</f>
            <f name="type">standard</f>
            <f name="who">#f1306017.A10</f>
          </fs>
        </f>
      </fs>
    </span>
    <span id="s275" from="9026" to="9081" l="5">
      <fs type="struct" xmlns="http://www.tei-c.org/ns/1.0">
        <f name="name">p</f>
        <f name="attr">
          <fs type="attr">
            <f name="part">N</f>
          </fs>
        </f>
      </fs>
    </span>
    <span id="s276" from="9027" to="9081" l="6">
      <fs type="struct" xmlns="http://www.tei-c.org/ns/1.0">
        <f name="name">s</f>
        <f name="attr">
          <fs type="attr">
            <f name="part">N</f>
          </fs>
        </f>
      </fs>
    </span>
    <span id="s277" from="9081" to="9329" l="4">
      <fs type="struct" xmlns="http://www.tei-c.org/ns/1.0">
        <f name="name">posting</f>
        <f name="attr">
          <fs type="attr">
            <f name="id">f1306017.m85</f>
            <f name="type">standard</f>
            <f name="who">#f1306017.A02</f>
          </fs>
        </f>
      </fs>
    </span>
    <span id="s278" from="9082" to="9329" l="5">
      <fs type="struct" xmlns="http://www.tei-c.org/ns/1.0">
        <f name="name">p</f>
        <f name="attr">
          <fs type="attr">
            <f name="part">N</f>
          </fs>
        </f>
      </fs>
    </span>
    <span id="s279" from="9083" to="9329" l="6">
      <fs type="struct" xmlns="http://www.tei-c.org/ns/1.0">
        <f name="name">s</f>
        <f name="attr">
          <fs type="attr">
            <f name="part">N</f>
          </fs>
        </f>
      </fs>
    </span>
    <span id="s280" from="9329" to="9481" l="4">
      <fs type="struct" xmlns="http://www.tei-c.org/ns/1.0">
        <f name="name">posting</f>
        <f name="attr">
          <fs type="attr">
            <f name="id">f1306017.m86</f>
            <f name="type">standard</f>
            <f name="who">#f1306017.A20</f>
          </fs>
        </f>
      </fs>
    </span>
    <span id="s281" from="9330" to="9481" l="5">
      <fs type="struct" xmlns="http://www.tei-c.org/ns/1.0">
        <f name="name">p</f>
        <f name="attr">
          <fs type="attr">
            <f name="part">N</f>
          </fs>
        </f>
      </fs>
    </span>
    <span id="s282" from="9331" to="9481" l="6">
      <fs type="struct" xmlns="http://www.tei-c.org/ns/1.0">
        <f name="name">s</f>
        <f name="attr">
          <fs type="attr">
            <f name="part">N</f>
          </fs>
        </f>
      </fs>
    </span>
    <span id="s283" from="9332" to="9339" l="7">
      <fs type="struct" xmlns="http://www.tei-c.org/ns/1.0">
        <f name="name">ref</f>
        <f name="attr">
          <fs type="attr">
            <f name="corresp">#f1306017.A02</f>
            <f name="type">addressingTerm</f>
          </fs>
        </f>
      </fs>
    </span>
    <span id="s284" from="9481" to="9734" l="4">
      <fs type="struct" xmlns="http://www.tei-c.org/ns/1.0">
        <f name="name">posting</f>
        <f name="attr">
          <fs type="attr">
            <f name="id">f1306017.m87</f>
            <f name="type">standard</f>
            <f name="who">#f1306017.A02</f>
          </fs>
        </f>
      </fs>
    </span>
    <span id="s285" from="9482" to="9734" l="5">
      <fs type="struct" xmlns="http://www.tei-c.org/ns/1.0">
        <f name="name">p</f>
        <f name="attr">
          <fs type="attr">
            <f name="part">N</f>
          </fs>
        </f>
      </fs>
    </span>
    <span id="s286" from="9483" to="9734" l="6">
      <fs type="struct" xmlns="http://www.tei-c.org/ns/1.0">
        <f name="name">s</f>
        <f name="attr">
          <fs type="attr">
            <f name="part">N</f>
          </fs>
        </f>
      </fs>
    </span>
    <span id="s287" from="9734" to="9815" l="4">
      <fs type="struct" xmlns="http://www.tei-c.org/ns/1.0">
        <f name="name">posting</f>
        <f name="attr">
          <fs type="attr">
            <f name="id">f1306017.m88</f>
            <f name="type">standard</f>
            <f name="who">#f1306017.A02</f>
          </fs>
        </f>
      </fs>
    </span>
    <span id="s288" from="9735" to="9815" l="5">
      <fs type="struct" xmlns="http://www.tei-c.org/ns/1.0">
        <f name="name">p</f>
        <f name="attr">
          <fs type="attr">
            <f name="part">N</f>
          </fs>
        </f>
      </fs>
    </span>
    <span id="s289" from="9736" to="9815" l="6">
      <fs type="struct" xmlns="http://www.tei-c.org/ns/1.0">
        <f name="name">s</f>
        <f name="attr">
          <fs type="attr">
            <f name="part">N</f>
          </fs>
        </f>
      </fs>
    </span>
    <span id="s290" from="9815" to="9839" l="4">
      <fs type="struct" xmlns="http://www.tei-c.org/ns/1.0">
        <f name="name">posting</f>
        <f name="attr">
          <fs type="attr">
            <f name="id">f1306017.m89</f>
            <f name="type">standard</f>
            <f name="who">#f1306017.A04</f>
          </fs>
        </f>
      </fs>
    </span>
    <span id="s291" from="9816" to="9839" l="5">
      <fs type="struct" xmlns="http://www.tei-c.org/ns/1.0">
        <f name="name">p</f>
        <f name="attr">
          <fs type="attr">
            <f name="part">N</f>
          </fs>
        </f>
      </fs>
    </span>
    <span id="s292" from="9817" to="9839" l="6">
      <fs type="struct" xmlns="http://www.tei-c.org/ns/1.0">
        <f name="name">s</f>
        <f name="attr">
          <fs type="attr">
            <f name="part">N</f>
          </fs>
        </f>
      </fs>
    </span>
  </spanList>
</layer>