<?xml version="1.0" encoding="UTF-8"?>
<?xml-model href="span.rng"
            type="application/xml"
            schematypens="http://relaxng.org/ns/structure/1.0"?>
<layer docid="DCK_CPR.00179"
       xmlns="http://ids-mannheim.de/ns/KorAP"
       version="KorAP-0.4">
  <spanList>
    <span id="s0" from="0" to="7207" l="1">
      <fs type="struct" xmlns="http://www.tei-c.org/ns/1.0">
        <f name="name">text</f>
      </fs>
    </span>
    <span id="s1" from="0" to="7207" l="2">
      <fs type="struct" xmlns="http://www.tei-c.org/ns/1.0">
        <f name="name">body</f>
      </fs>
    </span>
    <span id="s2" from="0" to="7207" l="3">
      <fs type="struct" xmlns="http://www.tei-c.org/ns/1.0">
        <f name="name">div</f>
        <f name="attr">
          <fs type="attr">
            <f name="complete">y</f>
            <f name="org">uniform</f>
            <f name="part">N</f>
            <f name="sample">complete</f>
            <f name="type">logfile</f>
          </fs>
        </f>
      </fs>
    </span>
    <span id="s3" from="0" to="7" l="4">
      <fs type="struct" xmlns="http://www.tei-c.org/ns/1.0">
        <f name="name">posting</f>
        <f name="attr">
          <fs type="attr">
            <f name="id">f1303002.m1</f>
            <f name="rend">color:red</f>
            <f name="type">standard</f>
            <f name="who">#f1303002.A01</f>
          </fs>
        </f>
      </fs>
    </span>
    <span id="s4" from="0" to="7" l="5">
      <fs type="struct" xmlns="http://www.tei-c.org/ns/1.0">
        <f name="name">p</f>
        <f name="attr">
          <fs type="attr">
            <f name="part">N</f>
          </fs>
        </f>
      </fs>
    </span>
    <span id="s5" from="1" to="7" l="6">
      <fs type="struct" xmlns="http://www.tei-c.org/ns/1.0">
        <f name="name">s</f>
        <f name="attr">
          <fs type="attr">
            <f name="part">N</f>
          </fs>
        </f>
      </fs>
    </span>
    <span id="s6" from="7" to="80" l="4">
      <fs type="struct" xmlns="http://www.tei-c.org/ns/1.0">
        <f name="name">posting</f>
        <f name="attr">
          <fs type="attr">
            <f name="id">f1303002.m2</f>
            <f name="rend">color:red</f>
            <f name="type">standard</f>
            <f name="who">#f1303002.A02</f>
          </fs>
        </f>
      </fs>
    </span>
    <span id="s7" from="8" to="80" l="5">
      <fs type="struct" xmlns="http://www.tei-c.org/ns/1.0">
        <f name="name">p</f>
        <f name="attr">
          <fs type="attr">
            <f name="part">N</f>
          </fs>
        </f>
      </fs>
    </span>
    <span id="s8" from="9" to="80" l="6">
      <fs type="struct" xmlns="http://www.tei-c.org/ns/1.0">
        <f name="name">s</f>
        <f name="attr">
          <fs type="attr">
            <f name="part">N</f>
          </fs>
        </f>
      </fs>
    </span>
    <span id="s9" from="26" to="39" l="7">
      <fs type="struct" xmlns="http://www.tei-c.org/ns/1.0">
        <f name="name">name</f>
        <f name="attr">
          <fs type="attr">
            <f name="corresp">#f1303002.A01</f>
            <f name="full">yes</f>
            <f name="instant">false</f>
            <f name="type">NICK</f>
          </fs>
        </f>
      </fs>
    </span>
    <span id="s10" from="80" to="127" l="4">
      <fs type="struct" xmlns="http://www.tei-c.org/ns/1.0">
        <f name="name">posting</f>
        <f name="attr">
          <fs type="attr">
            <f name="id">f1303002.m3</f>
            <f name="rend">color:red</f>
            <f name="type">standard</f>
            <f name="who">#f1303002.A02</f>
          </fs>
        </f>
      </fs>
    </span>
    <span id="s11" from="81" to="127" l="5">
      <fs type="struct" xmlns="http://www.tei-c.org/ns/1.0">
        <f name="name">p</f>
        <f name="attr">
          <fs type="attr">
            <f name="part">N</f>
          </fs>
        </f>
      </fs>
    </span>
    <span id="s12" from="82" to="127" l="6">
      <fs type="struct" xmlns="http://www.tei-c.org/ns/1.0">
        <f name="name">s</f>
        <f name="attr">
          <fs type="attr">
            <f name="part">N</f>
          </fs>
        </f>
      </fs>
    </span>
    <span id="s13" from="127" to="218" l="4">
      <fs type="struct" xmlns="http://www.tei-c.org/ns/1.0">
        <f name="name">posting</f>
        <f name="attr">
          <fs type="attr">
            <f name="id">f1303002.m4</f>
            <f name="rend">color:red</f>
            <f name="type">standard</f>
            <f name="who">#f1303002.A02</f>
          </fs>
        </f>
      </fs>
    </span>
    <span id="s14" from="128" to="218" l="5">
      <fs type="struct" xmlns="http://www.tei-c.org/ns/1.0">
        <f name="name">p</f>
        <f name="attr">
          <fs type="attr">
            <f name="part">N</f>
          </fs>
        </f>
      </fs>
    </span>
    <span id="s15" from="129" to="218" l="6">
      <fs type="struct" xmlns="http://www.tei-c.org/ns/1.0">
        <f name="name">s</f>
        <f name="attr">
          <fs type="attr">
            <f name="part">N</f>
          </fs>
        </f>
      </fs>
    </span>
    <span id="s16" from="194" to="215" l="7">
      <fs type="struct" xmlns="http://www.tei-c.org/ns/1.0">
        <f name="name">name</f>
        <f name="attr">
          <fs type="attr">
            <f name="corresp">#f1303002.A01</f>
            <f name="full">yes</f>
            <f name="instant">false</f>
            <f name="type">NICK</f>
          </fs>
        </f>
      </fs>
    </span>
    <span id="s17" from="218" to="265" l="4">
      <fs type="struct" xmlns="http://www.tei-c.org/ns/1.0">
        <f name="name">posting</f>
        <f name="attr">
          <fs type="attr">
            <f name="id">f1303002.m5</f>
            <f name="rend">color:red</f>
            <f name="type">standard</f>
            <f name="who">#f1303002.A01</f>
          </fs>
        </f>
      </fs>
    </span>
    <span id="s18" from="219" to="265" l="5">
      <fs type="struct" xmlns="http://www.tei-c.org/ns/1.0">
        <f name="name">p</f>
        <f name="attr">
          <fs type="attr">
            <f name="part">N</f>
          </fs>
        </f>
      </fs>
    </span>
    <span id="s19" from="220" to="265" l="6">
      <fs type="struct" xmlns="http://www.tei-c.org/ns/1.0">
        <f name="name">s</f>
        <f name="attr">
          <fs type="attr">
            <f name="part">N</f>
          </fs>
        </f>
      </fs>
    </span>
    <span id="s20" from="265" to="417" l="4">
      <fs type="struct" xmlns="http://www.tei-c.org/ns/1.0">
        <f name="name">posting</f>
        <f name="attr">
          <fs type="attr">
            <f name="id">f1303002.m6</f>
            <f name="rend">color:red</f>
            <f name="type">standard</f>
            <f name="who">#f1303002.A03</f>
          </fs>
        </f>
      </fs>
    </span>
    <span id="s21" from="266" to="417" l="5">
      <fs type="struct" xmlns="http://www.tei-c.org/ns/1.0">
        <f name="name">p</f>
        <f name="attr">
          <fs type="attr">
            <f name="part">N</f>
          </fs>
        </f>
      </fs>
    </span>
    <span id="s22" from="267" to="417" l="6">
      <fs type="struct" xmlns="http://www.tei-c.org/ns/1.0">
        <f name="name">s</f>
        <f name="attr">
          <fs type="attr">
            <f name="part">N</f>
          </fs>
        </f>
      </fs>
    </span>
    <span id="s23" from="268" to="283" l="7">
      <fs type="struct" xmlns="http://www.tei-c.org/ns/1.0">
        <f name="name">ref</f>
        <f name="attr">
          <fs type="attr">
            <f name="corresp">#f1303002.A01</f>
            <f name="type">addressingTerm</f>
          </fs>
        </f>
      </fs>
    </span>
    <span id="s24" from="417" to="514" l="4">
      <fs type="struct" xmlns="http://www.tei-c.org/ns/1.0">
        <f name="name">posting</f>
        <f name="attr">
          <fs type="attr">
            <f name="id">f1303002.m7</f>
            <f name="rend">color:red</f>
            <f name="type">standard</f>
            <f name="who">#f1303002.A01</f>
          </fs>
        </f>
      </fs>
    </span>
    <span id="s25" from="418" to="514" l="5">
      <fs type="struct" xmlns="http://www.tei-c.org/ns/1.0">
        <f name="name">p</f>
        <f name="attr">
          <fs type="attr">
            <f name="part">N</f>
          </fs>
        </f>
      </fs>
    </span>
    <span id="s26" from="419" to="434" l="6">
      <fs type="struct" xmlns="http://www.tei-c.org/ns/1.0">
        <f name="name">s</f>
        <f name="attr">
          <fs type="attr">
            <f name="part">N</f>
          </fs>
        </f>
      </fs>
    </span>
    <span id="s27" from="434" to="514" l="6">
      <fs type="struct" xmlns="http://www.tei-c.org/ns/1.0">
        <f name="name">s</f>
        <f name="attr">
          <fs type="attr">
            <f name="part">N</f>
          </fs>
        </f>
      </fs>
    </span>
    <span id="s28" from="514" to="594" l="4">
      <fs type="struct" xmlns="http://www.tei-c.org/ns/1.0">
        <f name="name">posting</f>
        <f name="attr">
          <fs type="attr">
            <f name="id">f1303002.m8</f>
            <f name="rend">color:red</f>
            <f name="type">standard</f>
            <f name="who">#f1303002.A01</f>
          </fs>
        </f>
      </fs>
    </span>
    <span id="s29" from="515" to="594" l="5">
      <fs type="struct" xmlns="http://www.tei-c.org/ns/1.0">
        <f name="name">p</f>
        <f name="attr">
          <fs type="attr">
            <f name="part">N</f>
          </fs>
        </f>
      </fs>
    </span>
    <span id="s30" from="516" to="594" l="6">
      <fs type="struct" xmlns="http://www.tei-c.org/ns/1.0">
        <f name="name">s</f>
        <f name="attr">
          <fs type="attr">
            <f name="part">N</f>
          </fs>
        </f>
      </fs>
    </span>
    <span id="s31" from="594" to="740" l="4">
      <fs type="struct" xmlns="http://www.tei-c.org/ns/1.0">
        <f name="name">posting</f>
        <f name="attr">
          <fs type="attr">
            <f name="id">f1303002.m9</f>
            <f name="rend">color:red</f>
            <f name="type">standard</f>
            <f name="who">#f1303002.A04</f>
          </fs>
        </f>
      </fs>
    </span>
    <span id="s32" from="595" to="740" l="5">
      <fs type="struct" xmlns="http://www.tei-c.org/ns/1.0">
        <f name="name">p</f>
        <f name="attr">
          <fs type="attr">
            <f name="part">N</f>
          </fs>
        </f>
      </fs>
    </span>
    <span id="s33" from="596" to="740" l="6">
      <fs type="struct" xmlns="http://www.tei-c.org/ns/1.0">
        <f name="name">s</f>
        <f name="attr">
          <fs type="attr">
            <f name="part">N</f>
          </fs>
        </f>
      </fs>
    </span>
    <span id="s34" from="604" to="617" l="7">
      <fs type="struct" xmlns="http://www.tei-c.org/ns/1.0">
        <f name="name">ref</f>
        <f name="attr">
          <fs type="attr">
            <f name="corresp">#f1303002.A01</f>
            <f name="type">addressingTerm</f>
          </fs>
        </f>
      </fs>
    </span>
    <span id="s35" from="740" to="867" l="4">
      <fs type="struct" xmlns="http://www.tei-c.org/ns/1.0">
        <f name="name">posting</f>
        <f name="attr">
          <fs type="attr">
            <f name="id">f1303002.m10</f>
            <f name="rend">color:red</f>
            <f name="type">standard</f>
            <f name="who">#f1303002.A01</f>
          </fs>
        </f>
      </fs>
    </span>
    <span id="s36" from="741" to="867" l="5">
      <fs type="struct" xmlns="http://www.tei-c.org/ns/1.0">
        <f name="name">p</f>
        <f name="attr">
          <fs type="attr">
            <f name="part">N</f>
          </fs>
        </f>
      </fs>
    </span>
    <span id="s37" from="742" to="769" l="6">
      <fs type="struct" xmlns="http://www.tei-c.org/ns/1.0">
        <f name="name">s</f>
        <f name="attr">
          <fs type="attr">
            <f name="part">N</f>
          </fs>
        </f>
      </fs>
    </span>
    <span id="s38" from="769" to="821" l="6">
      <fs type="struct" xmlns="http://www.tei-c.org/ns/1.0">
        <f name="name">s</f>
        <f name="attr">
          <fs type="attr">
            <f name="part">N</f>
          </fs>
        </f>
      </fs>
    </span>
    <span id="s39" from="821" to="867" l="6">
      <fs type="struct" xmlns="http://www.tei-c.org/ns/1.0">
        <f name="name">s</f>
        <f name="attr">
          <fs type="attr">
            <f name="part">N</f>
          </fs>
        </f>
      </fs>
    </span>
    <span id="s40" from="867" to="1055" l="4">
      <fs type="struct" xmlns="http://www.tei-c.org/ns/1.0">
        <f name="name">posting</f>
        <f name="attr">
          <fs type="attr">
            <f name="id">f1303002.m11</f>
            <f name="rend">color:red</f>
            <f name="type">standard</f>
            <f name="who">#f1303002.A05</f>
          </fs>
        </f>
      </fs>
    </span>
    <span id="s41" from="868" to="1055" l="5">
      <fs type="struct" xmlns="http://www.tei-c.org/ns/1.0">
        <f name="name">p</f>
        <f name="attr">
          <fs type="attr">
            <f name="part">N</f>
          </fs>
        </f>
      </fs>
    </span>
    <span id="s42" from="869" to="997" l="6">
      <fs type="struct" xmlns="http://www.tei-c.org/ns/1.0">
        <f name="name">s</f>
        <f name="attr">
          <fs type="attr">
            <f name="part">N</f>
          </fs>
        </f>
      </fs>
    </span>
    <span id="s43" from="997" to="1055" l="6">
      <fs type="struct" xmlns="http://www.tei-c.org/ns/1.0">
        <f name="name">s</f>
        <f name="attr">
          <fs type="attr">
            <f name="part">N</f>
          </fs>
        </f>
      </fs>
    </span>
    <span id="s44" from="1055" to="1148" l="4">
      <fs type="struct" xmlns="http://www.tei-c.org/ns/1.0">
        <f name="name">posting</f>
        <f name="attr">
          <fs type="attr">
            <f name="id">f1303002.m12</f>
            <f name="rend">color:red</f>
            <f name="type">standard</f>
            <f name="who">#f1303002.A01</f>
          </fs>
        </f>
      </fs>
    </span>
    <span id="s45" from="1056" to="1148" l="5">
      <fs type="struct" xmlns="http://www.tei-c.org/ns/1.0">
        <f name="name">p</f>
        <f name="attr">
          <fs type="attr">
            <f name="part">N</f>
          </fs>
        </f>
      </fs>
    </span>
    <span id="s46" from="1057" to="1091" l="6">
      <fs type="struct" xmlns="http://www.tei-c.org/ns/1.0">
        <f name="name">s</f>
        <f name="attr">
          <fs type="attr">
            <f name="part">N</f>
          </fs>
        </f>
      </fs>
    </span>
    <span id="s47" from="1091" to="1148" l="6">
      <fs type="struct" xmlns="http://www.tei-c.org/ns/1.0">
        <f name="name">s</f>
        <f name="attr">
          <fs type="attr">
            <f name="part">N</f>
          </fs>
        </f>
      </fs>
    </span>
    <span id="s48" from="1148" to="1192" l="4">
      <fs type="struct" xmlns="http://www.tei-c.org/ns/1.0">
        <f name="name">posting</f>
        <f name="attr">
          <fs type="attr">
            <f name="id">f1303002.m13</f>
            <f name="rend">color:red</f>
            <f name="type">standard</f>
            <f name="who">#f1303002.A01</f>
          </fs>
        </f>
      </fs>
    </span>
    <span id="s49" from="1149" to="1192" l="5">
      <fs type="struct" xmlns="http://www.tei-c.org/ns/1.0">
        <f name="name">p</f>
        <f name="attr">
          <fs type="attr">
            <f name="part">N</f>
          </fs>
        </f>
      </fs>
    </span>
    <span id="s50" from="1150" to="1192" l="6">
      <fs type="struct" xmlns="http://www.tei-c.org/ns/1.0">
        <f name="name">s</f>
        <f name="attr">
          <fs type="attr">
            <f name="part">N</f>
          </fs>
        </f>
      </fs>
    </span>
    <span id="s51" from="1192" to="1310" l="4">
      <fs type="struct" xmlns="http://www.tei-c.org/ns/1.0">
        <f name="name">posting</f>
        <f name="attr">
          <fs type="attr">
            <f name="id">f1303002.m14</f>
            <f name="rend">color:red</f>
            <f name="type">standard</f>
            <f name="who">#f1303002.A06</f>
          </fs>
        </f>
      </fs>
    </span>
    <span id="s52" from="1193" to="1310" l="5">
      <fs type="struct" xmlns="http://www.tei-c.org/ns/1.0">
        <f name="name">p</f>
        <f name="attr">
          <fs type="attr">
            <f name="part">N</f>
          </fs>
        </f>
      </fs>
    </span>
    <span id="s53" from="1194" to="1310" l="6">
      <fs type="struct" xmlns="http://www.tei-c.org/ns/1.0">
        <f name="name">s</f>
        <f name="attr">
          <fs type="attr">
            <f name="part">N</f>
          </fs>
        </f>
      </fs>
    </span>
    <span id="s54" from="1310" to="1431" l="4">
      <fs type="struct" xmlns="http://www.tei-c.org/ns/1.0">
        <f name="name">posting</f>
        <f name="attr">
          <fs type="attr">
            <f name="id">f1303002.m15</f>
            <f name="rend">color:red</f>
            <f name="type">standard</f>
            <f name="who">#f1303002.A01</f>
          </fs>
        </f>
      </fs>
    </span>
    <span id="s55" from="1311" to="1431" l="5">
      <fs type="struct" xmlns="http://www.tei-c.org/ns/1.0">
        <f name="name">p</f>
        <f name="attr">
          <fs type="attr">
            <f name="part">N</f>
          </fs>
        </f>
      </fs>
    </span>
    <span id="s56" from="1312" to="1365" l="6">
      <fs type="struct" xmlns="http://www.tei-c.org/ns/1.0">
        <f name="name">s</f>
        <f name="attr">
          <fs type="attr">
            <f name="part">N</f>
          </fs>
        </f>
      </fs>
    </span>
    <span id="s57" from="1365" to="1431" l="6">
      <fs type="struct" xmlns="http://www.tei-c.org/ns/1.0">
        <f name="name">s</f>
        <f name="attr">
          <fs type="attr">
            <f name="part">N</f>
          </fs>
        </f>
      </fs>
    </span>
    <span id="s58" from="1431" to="1581" l="4">
      <fs type="struct" xmlns="http://www.tei-c.org/ns/1.0">
        <f name="name">posting</f>
        <f name="attr">
          <fs type="attr">
            <f name="id">f1303002.m16</f>
            <f name="rend">color:red</f>
            <f name="type">standard</f>
            <f name="who">#f1303002.A01</f>
          </fs>
        </f>
      </fs>
    </span>
    <span id="s59" from="1432" to="1581" l="5">
      <fs type="struct" xmlns="http://www.tei-c.org/ns/1.0">
        <f name="name">p</f>
        <f name="attr">
          <fs type="attr">
            <f name="part">N</f>
          </fs>
        </f>
      </fs>
    </span>
    <span id="s60" from="1433" to="1502" l="6">
      <fs type="struct" xmlns="http://www.tei-c.org/ns/1.0">
        <f name="name">s</f>
        <f name="attr">
          <fs type="attr">
            <f name="part">N</f>
          </fs>
        </f>
      </fs>
    </span>
    <span id="s61" from="1502" to="1581" l="6">
      <fs type="struct" xmlns="http://www.tei-c.org/ns/1.0">
        <f name="name">s</f>
        <f name="attr">
          <fs type="attr">
            <f name="part">N</f>
          </fs>
        </f>
      </fs>
    </span>
    <span id="s62" from="1581" to="1682" l="4">
      <fs type="struct" xmlns="http://www.tei-c.org/ns/1.0">
        <f name="name">posting</f>
        <f name="attr">
          <fs type="attr">
            <f name="id">f1303002.m17</f>
            <f name="rend">color:red</f>
            <f name="type">standard</f>
            <f name="who">#f1303002.A01</f>
          </fs>
        </f>
      </fs>
    </span>
    <span id="s63" from="1582" to="1682" l="5">
      <fs type="struct" xmlns="http://www.tei-c.org/ns/1.0">
        <f name="name">p</f>
        <f name="attr">
          <fs type="attr">
            <f name="part">N</f>
          </fs>
        </f>
      </fs>
    </span>
    <span id="s64" from="1583" to="1682" l="6">
      <fs type="struct" xmlns="http://www.tei-c.org/ns/1.0">
        <f name="name">s</f>
        <f name="attr">
          <fs type="attr">
            <f name="part">N</f>
          </fs>
        </f>
      </fs>
    </span>
    <span id="s65" from="1682" to="1900" l="4">
      <fs type="struct" xmlns="http://www.tei-c.org/ns/1.0">
        <f name="name">posting</f>
        <f name="attr">
          <fs type="attr">
            <f name="id">f1303002.m18</f>
            <f name="rend">color:red</f>
            <f name="type">standard</f>
            <f name="who">#f1303002.A04</f>
          </fs>
        </f>
      </fs>
    </span>
    <span id="s66" from="1683" to="1900" l="5">
      <fs type="struct" xmlns="http://www.tei-c.org/ns/1.0">
        <f name="name">p</f>
        <f name="attr">
          <fs type="attr">
            <f name="part">N</f>
          </fs>
        </f>
      </fs>
    </span>
    <span id="s67" from="1684" to="1761" l="6">
      <fs type="struct" xmlns="http://www.tei-c.org/ns/1.0">
        <f name="name">s</f>
        <f name="attr">
          <fs type="attr">
            <f name="part">N</f>
          </fs>
        </f>
      </fs>
    </span>
    <span id="s68" from="1761" to="1800" l="6">
      <fs type="struct" xmlns="http://www.tei-c.org/ns/1.0">
        <f name="name">s</f>
        <f name="attr">
          <fs type="attr">
            <f name="part">N</f>
          </fs>
        </f>
      </fs>
    </span>
    <span id="s69" from="1800" to="1900" l="6">
      <fs type="struct" xmlns="http://www.tei-c.org/ns/1.0">
        <f name="name">s</f>
        <f name="attr">
          <fs type="attr">
            <f name="part">N</f>
          </fs>
        </f>
      </fs>
    </span>
    <span id="s70" from="1900" to="2005" l="4">
      <fs type="struct" xmlns="http://www.tei-c.org/ns/1.0">
        <f name="name">posting</f>
        <f name="attr">
          <fs type="attr">
            <f name="id">f1303002.m19</f>
            <f name="rend">color:red</f>
            <f name="type">standard</f>
            <f name="who">#f1303002.A01</f>
          </fs>
        </f>
      </fs>
    </span>
    <span id="s71" from="1901" to="2005" l="5">
      <fs type="struct" xmlns="http://www.tei-c.org/ns/1.0">
        <f name="name">p</f>
        <f name="attr">
          <fs type="attr">
            <f name="part">N</f>
          </fs>
        </f>
      </fs>
    </span>
    <span id="s72" from="1902" to="2005" l="6">
      <fs type="struct" xmlns="http://www.tei-c.org/ns/1.0">
        <f name="name">s</f>
        <f name="attr">
          <fs type="attr">
            <f name="part">N</f>
          </fs>
        </f>
      </fs>
    </span>
    <span id="s73" from="2005" to="2080" l="4">
      <fs type="struct" xmlns="http://www.tei-c.org/ns/1.0">
        <f name="name">posting</f>
        <f name="attr">
          <fs type="attr">
            <f name="id">f1303002.m20</f>
            <f name="rend">color:red</f>
            <f name="type">standard</f>
            <f name="who">#f1303002.A01</f>
          </fs>
        </f>
      </fs>
    </span>
    <span id="s74" from="2006" to="2080" l="5">
      <fs type="struct" xmlns="http://www.tei-c.org/ns/1.0">
        <f name="name">p</f>
        <f name="attr">
          <fs type="attr">
            <f name="part">N</f>
          </fs>
        </f>
      </fs>
    </span>
    <span id="s75" from="2007" to="2080" l="6">
      <fs type="struct" xmlns="http://www.tei-c.org/ns/1.0">
        <f name="name">s</f>
        <f name="attr">
          <fs type="attr">
            <f name="part">N</f>
          </fs>
        </f>
      </fs>
    </span>
    <span id="s76" from="2080" to="2150" l="4">
      <fs type="struct" xmlns="http://www.tei-c.org/ns/1.0">
        <f name="name">posting</f>
        <f name="attr">
          <fs type="attr">
            <f name="id">f1303002.m21</f>
            <f name="rend">color:red</f>
            <f name="type">standard</f>
            <f name="who">#f1303002.A07</f>
          </fs>
        </f>
      </fs>
    </span>
    <span id="s77" from="2081" to="2150" l="5">
      <fs type="struct" xmlns="http://www.tei-c.org/ns/1.0">
        <f name="name">p</f>
        <f name="attr">
          <fs type="attr">
            <f name="part">N</f>
          </fs>
        </f>
      </fs>
    </span>
    <span id="s78" from="2082" to="2150" l="6">
      <fs type="struct" xmlns="http://www.tei-c.org/ns/1.0">
        <f name="name">s</f>
        <f name="attr">
          <fs type="attr">
            <f name="part">N</f>
          </fs>
        </f>
      </fs>
    </span>
    <span id="s79" from="2150" to="2238" l="4">
      <fs type="struct" xmlns="http://www.tei-c.org/ns/1.0">
        <f name="name">posting</f>
        <f name="attr">
          <fs type="attr">
            <f name="id">f1303002.m22</f>
            <f name="rend">color:red</f>
            <f name="type">standard</f>
            <f name="who">#f1303002.A01</f>
          </fs>
        </f>
      </fs>
    </span>
    <span id="s80" from="2151" to="2238" l="5">
      <fs type="struct" xmlns="http://www.tei-c.org/ns/1.0">
        <f name="name">p</f>
        <f name="attr">
          <fs type="attr">
            <f name="part">N</f>
          </fs>
        </f>
      </fs>
    </span>
    <span id="s81" from="2152" to="2238" l="6">
      <fs type="struct" xmlns="http://www.tei-c.org/ns/1.0">
        <f name="name">s</f>
        <f name="attr">
          <fs type="attr">
            <f name="part">N</f>
          </fs>
        </f>
      </fs>
    </span>
    <span id="s82" from="2238" to="2330" l="4">
      <fs type="struct" xmlns="http://www.tei-c.org/ns/1.0">
        <f name="name">posting</f>
        <f name="attr">
          <fs type="attr">
            <f name="id">f1303002.m23</f>
            <f name="rend">color:red</f>
            <f name="type">standard</f>
            <f name="who">#f1303002.A01</f>
          </fs>
        </f>
      </fs>
    </span>
    <span id="s83" from="2239" to="2330" l="5">
      <fs type="struct" xmlns="http://www.tei-c.org/ns/1.0">
        <f name="name">p</f>
        <f name="attr">
          <fs type="attr">
            <f name="part">N</f>
          </fs>
        </f>
      </fs>
    </span>
    <span id="s84" from="2240" to="2293" l="6">
      <fs type="struct" xmlns="http://www.tei-c.org/ns/1.0">
        <f name="name">s</f>
        <f name="attr">
          <fs type="attr">
            <f name="part">N</f>
          </fs>
        </f>
      </fs>
    </span>
    <span id="s85" from="2293" to="2330" l="6">
      <fs type="struct" xmlns="http://www.tei-c.org/ns/1.0">
        <f name="name">s</f>
        <f name="attr">
          <fs type="attr">
            <f name="part">N</f>
          </fs>
        </f>
      </fs>
    </span>
    <span id="s86" from="2330" to="2433" l="4">
      <fs type="struct" xmlns="http://www.tei-c.org/ns/1.0">
        <f name="name">posting</f>
        <f name="attr">
          <fs type="attr">
            <f name="id">f1303002.m24</f>
            <f name="rend">color:red</f>
            <f name="type">standard</f>
            <f name="who">#f1303002.A01</f>
          </fs>
        </f>
      </fs>
    </span>
    <span id="s87" from="2331" to="2433" l="5">
      <fs type="struct" xmlns="http://www.tei-c.org/ns/1.0">
        <f name="name">p</f>
        <f name="attr">
          <fs type="attr">
            <f name="part">N</f>
          </fs>
        </f>
      </fs>
    </span>
    <span id="s88" from="2332" to="2433" l="6">
      <fs type="struct" xmlns="http://www.tei-c.org/ns/1.0">
        <f name="name">s</f>
        <f name="attr">
          <fs type="attr">
            <f name="part">N</f>
          </fs>
        </f>
      </fs>
    </span>
    <span id="s89" from="2433" to="2636" l="4">
      <fs type="struct" xmlns="http://www.tei-c.org/ns/1.0">
        <f name="name">posting</f>
        <f name="attr">
          <fs type="attr">
            <f name="id">f1303002.m25</f>
            <f name="rend">color:red</f>
            <f name="type">standard</f>
            <f name="who">#f1303002.A08</f>
          </fs>
        </f>
      </fs>
    </span>
    <span id="s90" from="2434" to="2636" l="5">
      <fs type="struct" xmlns="http://www.tei-c.org/ns/1.0">
        <f name="name">p</f>
        <f name="attr">
          <fs type="attr">
            <f name="part">N</f>
          </fs>
        </f>
      </fs>
    </span>
    <span id="s91" from="2435" to="2636" l="6">
      <fs type="struct" xmlns="http://www.tei-c.org/ns/1.0">
        <f name="name">s</f>
        <f name="attr">
          <fs type="attr">
            <f name="part">N</f>
          </fs>
        </f>
      </fs>
    </span>
    <span id="s92" from="2440" to="2452" l="7">
      <fs type="struct" xmlns="http://www.tei-c.org/ns/1.0">
        <f name="name">ref</f>
        <f name="attr">
          <fs type="attr">
            <f name="corresp">#f1303002.A01</f>
            <f name="type">addressingTerm</f>
          </fs>
        </f>
      </fs>
    </span>
    <span id="s93" from="2636" to="2764" l="4">
      <fs type="struct" xmlns="http://www.tei-c.org/ns/1.0">
        <f name="name">posting</f>
        <f name="attr">
          <fs type="attr">
            <f name="id">f1303002.m26</f>
            <f name="rend">color:red</f>
            <f name="type">standard</f>
            <f name="who">#f1303002.A01</f>
          </fs>
        </f>
      </fs>
    </span>
    <span id="s94" from="2637" to="2764" l="5">
      <fs type="struct" xmlns="http://www.tei-c.org/ns/1.0">
        <f name="name">p</f>
        <f name="attr">
          <fs type="attr">
            <f name="part">N</f>
          </fs>
        </f>
      </fs>
    </span>
    <span id="s95" from="2638" to="2689" l="6">
      <fs type="struct" xmlns="http://www.tei-c.org/ns/1.0">
        <f name="name">s</f>
        <f name="attr">
          <fs type="attr">
            <f name="part">N</f>
          </fs>
        </f>
      </fs>
    </span>
    <span id="s96" from="2689" to="2764" l="6">
      <fs type="struct" xmlns="http://www.tei-c.org/ns/1.0">
        <f name="name">s</f>
        <f name="attr">
          <fs type="attr">
            <f name="part">N</f>
          </fs>
        </f>
      </fs>
    </span>
    <span id="s97" from="2764" to="2876" l="4">
      <fs type="struct" xmlns="http://www.tei-c.org/ns/1.0">
        <f name="name">posting</f>
        <f name="attr">
          <fs type="attr">
            <f name="id">f1303002.m27</f>
            <f name="rend">color:red</f>
            <f name="type">standard</f>
            <f name="who">#f1303002.A01</f>
          </fs>
        </f>
      </fs>
    </span>
    <span id="s98" from="2765" to="2876" l="5">
      <fs type="struct" xmlns="http://www.tei-c.org/ns/1.0">
        <f name="name">p</f>
        <f name="attr">
          <fs type="attr">
            <f name="part">N</f>
          </fs>
        </f>
      </fs>
    </span>
    <span id="s99" from="2766" to="2812" l="6">
      <fs type="struct" xmlns="http://www.tei-c.org/ns/1.0">
        <f name="name">s</f>
        <f name="attr">
          <fs type="attr">
            <f name="part">N</f>
          </fs>
        </f>
      </fs>
    </span>
    <span id="s100" from="2812" to="2876" l="6">
      <fs type="struct" xmlns="http://www.tei-c.org/ns/1.0">
        <f name="name">s</f>
        <f name="attr">
          <fs type="attr">
            <f name="part">N</f>
          </fs>
        </f>
      </fs>
    </span>
    <span id="s101" from="2876" to="3013" l="4">
      <fs type="struct" xmlns="http://www.tei-c.org/ns/1.0">
        <f name="name">posting</f>
        <f name="attr">
          <fs type="attr">
            <f name="id">f1303002.m28</f>
            <f name="rend">color:red</f>
            <f name="type">standard</f>
            <f name="who">#f1303002.A01</f>
          </fs>
        </f>
      </fs>
    </span>
    <span id="s102" from="2877" to="3013" l="5">
      <fs type="struct" xmlns="http://www.tei-c.org/ns/1.0">
        <f name="name">p</f>
        <f name="attr">
          <fs type="attr">
            <f name="part">N</f>
          </fs>
        </f>
      </fs>
    </span>
    <span id="s103" from="2878" to="3013" l="6">
      <fs type="struct" xmlns="http://www.tei-c.org/ns/1.0">
        <f name="name">s</f>
        <f name="attr">
          <fs type="attr">
            <f name="part">N</f>
          </fs>
        </f>
      </fs>
    </span>
    <span id="s104" from="3013" to="3091" l="4">
      <fs type="struct" xmlns="http://www.tei-c.org/ns/1.0">
        <f name="name">posting</f>
        <f name="attr">
          <fs type="attr">
            <f name="id">f1303002.m29</f>
            <f name="rend">color:red</f>
            <f name="type">standard</f>
            <f name="who">#f1303002.A01</f>
          </fs>
        </f>
      </fs>
    </span>
    <span id="s105" from="3014" to="3091" l="5">
      <fs type="struct" xmlns="http://www.tei-c.org/ns/1.0">
        <f name="name">p</f>
        <f name="attr">
          <fs type="attr">
            <f name="part">N</f>
          </fs>
        </f>
      </fs>
    </span>
    <span id="s106" from="3015" to="3091" l="6">
      <fs type="struct" xmlns="http://www.tei-c.org/ns/1.0">
        <f name="name">s</f>
        <f name="attr">
          <fs type="attr">
            <f name="part">N</f>
          </fs>
        </f>
      </fs>
    </span>
    <span id="s107" from="3091" to="3218" l="4">
      <fs type="struct" xmlns="http://www.tei-c.org/ns/1.0">
        <f name="name">posting</f>
        <f name="attr">
          <fs type="attr">
            <f name="id">f1303002.m30</f>
            <f name="rend">color:red</f>
            <f name="type">standard</f>
            <f name="who">#f1303002.A09</f>
          </fs>
        </f>
      </fs>
    </span>
    <span id="s108" from="3092" to="3218" l="5">
      <fs type="struct" xmlns="http://www.tei-c.org/ns/1.0">
        <f name="name">p</f>
        <f name="attr">
          <fs type="attr">
            <f name="part">N</f>
          </fs>
        </f>
      </fs>
    </span>
    <span id="s109" from="3093" to="3218" l="6">
      <fs type="struct" xmlns="http://www.tei-c.org/ns/1.0">
        <f name="name">s</f>
        <f name="attr">
          <fs type="attr">
            <f name="part">N</f>
          </fs>
        </f>
      </fs>
    </span>
    <span id="s110" from="3218" to="3357" l="4">
      <fs type="struct" xmlns="http://www.tei-c.org/ns/1.0">
        <f name="name">posting</f>
        <f name="attr">
          <fs type="attr">
            <f name="id">f1303002.m31</f>
            <f name="rend">color:red</f>
            <f name="type">standard</f>
            <f name="who">#f1303002.A01</f>
          </fs>
        </f>
      </fs>
    </span>
    <span id="s111" from="3219" to="3357" l="5">
      <fs type="struct" xmlns="http://www.tei-c.org/ns/1.0">
        <f name="name">p</f>
        <f name="attr">
          <fs type="attr">
            <f name="part">N</f>
          </fs>
        </f>
      </fs>
    </span>
    <span id="s112" from="3220" to="3256" l="6">
      <fs type="struct" xmlns="http://www.tei-c.org/ns/1.0">
        <f name="name">s</f>
        <f name="attr">
          <fs type="attr">
            <f name="part">N</f>
          </fs>
        </f>
      </fs>
    </span>
    <span id="s113" from="3256" to="3357" l="6">
      <fs type="struct" xmlns="http://www.tei-c.org/ns/1.0">
        <f name="name">s</f>
        <f name="attr">
          <fs type="attr">
            <f name="part">N</f>
          </fs>
        </f>
      </fs>
    </span>
    <span id="s114" from="3357" to="3447" l="4">
      <fs type="struct" xmlns="http://www.tei-c.org/ns/1.0">
        <f name="name">posting</f>
        <f name="attr">
          <fs type="attr">
            <f name="id">f1303002.m32</f>
            <f name="rend">color:red</f>
            <f name="type">standard</f>
            <f name="who">#f1303002.A01</f>
          </fs>
        </f>
      </fs>
    </span>
    <span id="s115" from="3358" to="3447" l="5">
      <fs type="struct" xmlns="http://www.tei-c.org/ns/1.0">
        <f name="name">p</f>
        <f name="attr">
          <fs type="attr">
            <f name="part">N</f>
          </fs>
        </f>
      </fs>
    </span>
    <span id="s116" from="3359" to="3447" l="6">
      <fs type="struct" xmlns="http://www.tei-c.org/ns/1.0">
        <f name="name">s</f>
        <f name="attr">
          <fs type="attr">
            <f name="part">N</f>
          </fs>
        </f>
      </fs>
    </span>
    <span id="s117" from="3447" to="3518" l="4">
      <fs type="struct" xmlns="http://www.tei-c.org/ns/1.0">
        <f name="name">posting</f>
        <f name="attr">
          <fs type="attr">
            <f name="id">f1303002.m33</f>
            <f name="rend">color:red</f>
            <f name="type">standard</f>
            <f name="who">#f1303002.A01</f>
          </fs>
        </f>
      </fs>
    </span>
    <span id="s118" from="3448" to="3518" l="5">
      <fs type="struct" xmlns="http://www.tei-c.org/ns/1.0">
        <f name="name">p</f>
        <f name="attr">
          <fs type="attr">
            <f name="part">N</f>
          </fs>
        </f>
      </fs>
    </span>
    <span id="s119" from="3449" to="3518" l="6">
      <fs type="struct" xmlns="http://www.tei-c.org/ns/1.0">
        <f name="name">s</f>
        <f name="attr">
          <fs type="attr">
            <f name="part">N</f>
          </fs>
        </f>
      </fs>
    </span>
    <span id="s120" from="3518" to="3600" l="4">
      <fs type="struct" xmlns="http://www.tei-c.org/ns/1.0">
        <f name="name">posting</f>
        <f name="attr">
          <fs type="attr">
            <f name="id">f1303002.m34</f>
            <f name="rend">color:red</f>
            <f name="type">standard</f>
            <f name="who">#f1303002.A10</f>
          </fs>
        </f>
      </fs>
    </span>
    <span id="s121" from="3519" to="3600" l="5">
      <fs type="struct" xmlns="http://www.tei-c.org/ns/1.0">
        <f name="name">p</f>
        <f name="attr">
          <fs type="attr">
            <f name="part">N</f>
          </fs>
        </f>
      </fs>
    </span>
    <span id="s122" from="3520" to="3600" l="6">
      <fs type="struct" xmlns="http://www.tei-c.org/ns/1.0">
        <f name="name">s</f>
        <f name="attr">
          <fs type="attr">
            <f name="part">N</f>
          </fs>
        </f>
      </fs>
    </span>
    <span id="s123" from="3600" to="3674" l="4">
      <fs type="struct" xmlns="http://www.tei-c.org/ns/1.0">
        <f name="name">posting</f>
        <f name="attr">
          <fs type="attr">
            <f name="id">f1303002.m35</f>
            <f name="rend">color:red</f>
            <f name="type">standard</f>
            <f name="who">#f1303002.A01</f>
          </fs>
        </f>
      </fs>
    </span>
    <span id="s124" from="3601" to="3674" l="5">
      <fs type="struct" xmlns="http://www.tei-c.org/ns/1.0">
        <f name="name">p</f>
        <f name="attr">
          <fs type="attr">
            <f name="part">N</f>
          </fs>
        </f>
      </fs>
    </span>
    <span id="s125" from="3602" to="3674" l="6">
      <fs type="struct" xmlns="http://www.tei-c.org/ns/1.0">
        <f name="name">s</f>
        <f name="attr">
          <fs type="attr">
            <f name="part">N</f>
          </fs>
        </f>
      </fs>
    </span>
    <span id="s126" from="3674" to="3856" l="4">
      <fs type="struct" xmlns="http://www.tei-c.org/ns/1.0">
        <f name="name">posting</f>
        <f name="attr">
          <fs type="attr">
            <f name="id">f1303002.m36</f>
            <f name="rend">color:red</f>
            <f name="type">standard</f>
            <f name="who">#f1303002.A11</f>
          </fs>
        </f>
      </fs>
    </span>
    <span id="s127" from="3675" to="3856" l="5">
      <fs type="struct" xmlns="http://www.tei-c.org/ns/1.0">
        <f name="name">p</f>
        <f name="attr">
          <fs type="attr">
            <f name="part">N</f>
          </fs>
        </f>
      </fs>
    </span>
    <span id="s128" from="3676" to="3856" l="6">
      <fs type="struct" xmlns="http://www.tei-c.org/ns/1.0">
        <f name="name">s</f>
        <f name="attr">
          <fs type="attr">
            <f name="part">N</f>
          </fs>
        </f>
      </fs>
    </span>
    <span id="s129" from="3856" to="3982" l="4">
      <fs type="struct" xmlns="http://www.tei-c.org/ns/1.0">
        <f name="name">posting</f>
        <f name="attr">
          <fs type="attr">
            <f name="id">f1303002.m37</f>
            <f name="rend">color:red</f>
            <f name="type">standard</f>
            <f name="who">#f1303002.A01</f>
          </fs>
        </f>
      </fs>
    </span>
    <span id="s130" from="3857" to="3982" l="5">
      <fs type="struct" xmlns="http://www.tei-c.org/ns/1.0">
        <f name="name">p</f>
        <f name="attr">
          <fs type="attr">
            <f name="part">N</f>
          </fs>
        </f>
      </fs>
    </span>
    <span id="s131" from="3858" to="3919" l="6">
      <fs type="struct" xmlns="http://www.tei-c.org/ns/1.0">
        <f name="name">s</f>
        <f name="attr">
          <fs type="attr">
            <f name="part">N</f>
          </fs>
        </f>
      </fs>
    </span>
    <span id="s132" from="3919" to="3982" l="6">
      <fs type="struct" xmlns="http://www.tei-c.org/ns/1.0">
        <f name="name">s</f>
        <f name="attr">
          <fs type="attr">
            <f name="part">N</f>
          </fs>
        </f>
      </fs>
    </span>
    <span id="s133" from="3982" to="4074" l="4">
      <fs type="struct" xmlns="http://www.tei-c.org/ns/1.0">
        <f name="name">posting</f>
        <f name="attr">
          <fs type="attr">
            <f name="id">f1303002.m38</f>
            <f name="rend">color:red</f>
            <f name="type">standard</f>
            <f name="who">#f1303002.A01</f>
          </fs>
        </f>
      </fs>
    </span>
    <span id="s134" from="3983" to="4074" l="5">
      <fs type="struct" xmlns="http://www.tei-c.org/ns/1.0">
        <f name="name">p</f>
        <f name="attr">
          <fs type="attr">
            <f name="part">N</f>
          </fs>
        </f>
      </fs>
    </span>
    <span id="s135" from="3984" to="4074" l="6">
      <fs type="struct" xmlns="http://www.tei-c.org/ns/1.0">
        <f name="name">s</f>
        <f name="attr">
          <fs type="attr">
            <f name="part">N</f>
          </fs>
        </f>
      </fs>
    </span>
    <span id="s136" from="4074" to="4193" l="4">
      <fs type="struct" xmlns="http://www.tei-c.org/ns/1.0">
        <f name="name">posting</f>
        <f name="attr">
          <fs type="attr">
            <f name="id">f1303002.m39</f>
            <f name="rend">color:red</f>
            <f name="type">standard</f>
            <f name="who">#f1303002.A12</f>
          </fs>
        </f>
      </fs>
    </span>
    <span id="s137" from="4075" to="4193" l="5">
      <fs type="struct" xmlns="http://www.tei-c.org/ns/1.0">
        <f name="name">p</f>
        <f name="attr">
          <fs type="attr">
            <f name="part">N</f>
          </fs>
        </f>
      </fs>
    </span>
    <span id="s138" from="4076" to="4193" l="6">
      <fs type="struct" xmlns="http://www.tei-c.org/ns/1.0">
        <f name="name">s</f>
        <f name="attr">
          <fs type="attr">
            <f name="part">N</f>
          </fs>
        </f>
      </fs>
    </span>
    <span id="s139" from="4077" to="4098" l="7">
      <fs type="struct" xmlns="http://www.tei-c.org/ns/1.0">
        <f name="name">ref</f>
        <f name="attr">
          <fs type="attr">
            <f name="corresp">#f1303002.A01</f>
            <f name="type">addressingTerm</f>
          </fs>
        </f>
      </fs>
    </span>
    <span id="s140" from="4193" to="4308" l="4">
      <fs type="struct" xmlns="http://www.tei-c.org/ns/1.0">
        <f name="name">posting</f>
        <f name="attr">
          <fs type="attr">
            <f name="id">f1303002.m40</f>
            <f name="rend">color:red</f>
            <f name="type">standard</f>
            <f name="who">#f1303002.A01</f>
          </fs>
        </f>
      </fs>
    </span>
    <span id="s141" from="4194" to="4308" l="5">
      <fs type="struct" xmlns="http://www.tei-c.org/ns/1.0">
        <f name="name">p</f>
        <f name="attr">
          <fs type="attr">
            <f name="part">N</f>
          </fs>
        </f>
      </fs>
    </span>
    <span id="s142" from="4195" to="4224" l="6">
      <fs type="struct" xmlns="http://www.tei-c.org/ns/1.0">
        <f name="name">s</f>
        <f name="attr">
          <fs type="attr">
            <f name="part">N</f>
          </fs>
        </f>
      </fs>
    </span>
    <span id="s143" from="4224" to="4308" l="6">
      <fs type="struct" xmlns="http://www.tei-c.org/ns/1.0">
        <f name="name">s</f>
        <f name="attr">
          <fs type="attr">
            <f name="part">N</f>
          </fs>
        </f>
      </fs>
    </span>
    <span id="s144" from="4308" to="4463" l="4">
      <fs type="struct" xmlns="http://www.tei-c.org/ns/1.0">
        <f name="name">posting</f>
        <f name="attr">
          <fs type="attr">
            <f name="id">f1303002.m41</f>
            <f name="rend">color:red</f>
            <f name="type">standard</f>
            <f name="who">#f1303002.A01</f>
          </fs>
        </f>
      </fs>
    </span>
    <span id="s145" from="4309" to="4463" l="5">
      <fs type="struct" xmlns="http://www.tei-c.org/ns/1.0">
        <f name="name">p</f>
        <f name="attr">
          <fs type="attr">
            <f name="part">N</f>
          </fs>
        </f>
      </fs>
    </span>
    <span id="s146" from="4310" to="4344" l="6">
      <fs type="struct" xmlns="http://www.tei-c.org/ns/1.0">
        <f name="name">s</f>
        <f name="attr">
          <fs type="attr">
            <f name="part">N</f>
          </fs>
        </f>
      </fs>
    </span>
    <span id="s147" from="4344" to="4463" l="6">
      <fs type="struct" xmlns="http://www.tei-c.org/ns/1.0">
        <f name="name">s</f>
        <f name="attr">
          <fs type="attr">
            <f name="part">N</f>
          </fs>
        </f>
      </fs>
    </span>
    <span id="s148" from="4463" to="4589" l="4">
      <fs type="struct" xmlns="http://www.tei-c.org/ns/1.0">
        <f name="name">posting</f>
        <f name="attr">
          <fs type="attr">
            <f name="id">f1303002.m42</f>
            <f name="rend">color:red</f>
            <f name="type">standard</f>
            <f name="who">#f1303002.A01</f>
          </fs>
        </f>
      </fs>
    </span>
    <span id="s149" from="4464" to="4589" l="5">
      <fs type="struct" xmlns="http://www.tei-c.org/ns/1.0">
        <f name="name">p</f>
        <f name="attr">
          <fs type="attr">
            <f name="part">N</f>
          </fs>
        </f>
      </fs>
    </span>
    <span id="s150" from="4465" to="4519" l="6">
      <fs type="struct" xmlns="http://www.tei-c.org/ns/1.0">
        <f name="name">s</f>
        <f name="attr">
          <fs type="attr">
            <f name="part">N</f>
          </fs>
        </f>
      </fs>
    </span>
    <span id="s151" from="4519" to="4589" l="6">
      <fs type="struct" xmlns="http://www.tei-c.org/ns/1.0">
        <f name="name">s</f>
        <f name="attr">
          <fs type="attr">
            <f name="part">N</f>
          </fs>
        </f>
      </fs>
    </span>
    <span id="s152" from="4589" to="4845" l="4">
      <fs type="struct" xmlns="http://www.tei-c.org/ns/1.0">
        <f name="name">posting</f>
        <f name="attr">
          <fs type="attr">
            <f name="id">f1303002.m43</f>
            <f name="rend">color:red</f>
            <f name="type">standard</f>
            <f name="who">#f1303002.A13</f>
          </fs>
        </f>
      </fs>
    </span>
    <span id="s153" from="4590" to="4845" l="5">
      <fs type="struct" xmlns="http://www.tei-c.org/ns/1.0">
        <f name="name">p</f>
        <f name="attr">
          <fs type="attr">
            <f name="part">N</f>
          </fs>
        </f>
      </fs>
    </span>
    <span id="s154" from="4591" to="4845" l="6">
      <fs type="struct" xmlns="http://www.tei-c.org/ns/1.0">
        <f name="name">s</f>
        <f name="attr">
          <fs type="attr">
            <f name="part">N</f>
          </fs>
        </f>
      </fs>
    </span>
    <span id="s155" from="4606" to="4629" l="7">
      <fs type="struct" xmlns="http://www.tei-c.org/ns/1.0">
        <f name="name">ref</f>
        <f name="attr">
          <fs type="attr">
            <f name="corresp">#f1303002.A01</f>
            <f name="type">addressingTerm</f>
          </fs>
        </f>
      </fs>
    </span>
    <span id="s156" from="4845" to="5003" l="4">
      <fs type="struct" xmlns="http://www.tei-c.org/ns/1.0">
        <f name="name">posting</f>
        <f name="attr">
          <fs type="attr">
            <f name="id">f1303002.m44</f>
            <f name="rend">color:red</f>
            <f name="type">standard</f>
            <f name="who">#f1303002.A01</f>
          </fs>
        </f>
      </fs>
    </span>
    <span id="s157" from="4846" to="5003" l="5">
      <fs type="struct" xmlns="http://www.tei-c.org/ns/1.0">
        <f name="name">p</f>
        <f name="attr">
          <fs type="attr">
            <f name="part">N</f>
          </fs>
        </f>
      </fs>
    </span>
    <span id="s158" from="4847" to="4886" l="6">
      <fs type="struct" xmlns="http://www.tei-c.org/ns/1.0">
        <f name="name">s</f>
        <f name="attr">
          <fs type="attr">
            <f name="part">N</f>
          </fs>
        </f>
      </fs>
    </span>
    <span id="s159" from="4886" to="5003" l="6">
      <fs type="struct" xmlns="http://www.tei-c.org/ns/1.0">
        <f name="name">s</f>
        <f name="attr">
          <fs type="attr">
            <f name="part">N</f>
          </fs>
        </f>
      </fs>
    </span>
    <span id="s160" from="5003" to="5176" l="4">
      <fs type="struct" xmlns="http://www.tei-c.org/ns/1.0">
        <f name="name">posting</f>
        <f name="attr">
          <fs type="attr">
            <f name="id">f1303002.m45</f>
            <f name="rend">color:red</f>
            <f name="type">standard</f>
            <f name="who">#f1303002.A01</f>
          </fs>
        </f>
      </fs>
    </span>
    <span id="s161" from="5004" to="5176" l="5">
      <fs type="struct" xmlns="http://www.tei-c.org/ns/1.0">
        <f name="name">p</f>
        <f name="attr">
          <fs type="attr">
            <f name="part">N</f>
          </fs>
        </f>
      </fs>
    </span>
    <span id="s162" from="5005" to="5084" l="6">
      <fs type="struct" xmlns="http://www.tei-c.org/ns/1.0">
        <f name="name">s</f>
        <f name="attr">
          <fs type="attr">
            <f name="part">N</f>
          </fs>
        </f>
      </fs>
    </span>
    <span id="s163" from="5084" to="5176" l="6">
      <fs type="struct" xmlns="http://www.tei-c.org/ns/1.0">
        <f name="name">s</f>
        <f name="attr">
          <fs type="attr">
            <f name="part">N</f>
          </fs>
        </f>
      </fs>
    </span>
    <span id="s164" from="5176" to="5424" l="4">
      <fs type="struct" xmlns="http://www.tei-c.org/ns/1.0">
        <f name="name">posting</f>
        <f name="attr">
          <fs type="attr">
            <f name="id">f1303002.m46</f>
            <f name="rend">color:red</f>
            <f name="type">standard</f>
            <f name="who">#f1303002.A14</f>
          </fs>
        </f>
      </fs>
    </span>
    <span id="s165" from="5177" to="5424" l="5">
      <fs type="struct" xmlns="http://www.tei-c.org/ns/1.0">
        <f name="name">p</f>
        <f name="attr">
          <fs type="attr">
            <f name="part">N</f>
          </fs>
        </f>
      </fs>
    </span>
    <span id="s166" from="5178" to="5308" l="6">
      <fs type="struct" xmlns="http://www.tei-c.org/ns/1.0">
        <f name="name">s</f>
        <f name="attr">
          <fs type="attr">
            <f name="part">N</f>
          </fs>
        </f>
      </fs>
    </span>
    <span id="s167" from="5308" to="5393" l="6">
      <fs type="struct" xmlns="http://www.tei-c.org/ns/1.0">
        <f name="name">s</f>
        <f name="attr">
          <fs type="attr">
            <f name="part">N</f>
          </fs>
        </f>
      </fs>
    </span>
    <span id="s168" from="5393" to="5424" l="6">
      <fs type="struct" xmlns="http://www.tei-c.org/ns/1.0">
        <f name="name">s</f>
        <f name="attr">
          <fs type="attr">
            <f name="part">N</f>
          </fs>
        </f>
      </fs>
    </span>
    <span id="s169" from="5424" to="5456" l="4">
      <fs type="struct" xmlns="http://www.tei-c.org/ns/1.0">
        <f name="name">posting</f>
        <f name="attr">
          <fs type="attr">
            <f name="id">f1303002.m47</f>
            <f name="rend">color:red</f>
            <f name="type">standard</f>
            <f name="who">#f1303002.A01</f>
          </fs>
        </f>
      </fs>
    </span>
    <span id="s170" from="5425" to="5456" l="5">
      <fs type="struct" xmlns="http://www.tei-c.org/ns/1.0">
        <f name="name">p</f>
        <f name="attr">
          <fs type="attr">
            <f name="part">N</f>
          </fs>
        </f>
      </fs>
    </span>
    <span id="s171" from="5426" to="5456" l="6">
      <fs type="struct" xmlns="http://www.tei-c.org/ns/1.0">
        <f name="name">s</f>
        <f name="attr">
          <fs type="attr">
            <f name="part">N</f>
          </fs>
        </f>
      </fs>
    </span>
    <span id="s172" from="5456" to="5558" l="4">
      <fs type="struct" xmlns="http://www.tei-c.org/ns/1.0">
        <f name="name">posting</f>
        <f name="attr">
          <fs type="attr">
            <f name="id">f1303002.m48</f>
            <f name="rend">color:red</f>
            <f name="type">standard</f>
            <f name="who">#f1303002.A15</f>
          </fs>
        </f>
      </fs>
    </span>
    <span id="s173" from="5457" to="5558" l="5">
      <fs type="struct" xmlns="http://www.tei-c.org/ns/1.0">
        <f name="name">p</f>
        <f name="attr">
          <fs type="attr">
            <f name="part">N</f>
          </fs>
        </f>
      </fs>
    </span>
    <span id="s174" from="5458" to="5558" l="6">
      <fs type="struct" xmlns="http://www.tei-c.org/ns/1.0">
        <f name="name">s</f>
        <f name="attr">
          <fs type="attr">
            <f name="part">N</f>
          </fs>
        </f>
      </fs>
    </span>
    <span id="s175" from="5459" to="5474" l="7">
      <fs type="struct" xmlns="http://www.tei-c.org/ns/1.0">
        <f name="name">ref</f>
        <f name="attr">
          <fs type="attr">
            <f name="corresp">#f1303002.A01</f>
            <f name="type">addressingTerm</f>
          </fs>
        </f>
      </fs>
    </span>
    <span id="s176" from="5558" to="5673" l="4">
      <fs type="struct" xmlns="http://www.tei-c.org/ns/1.0">
        <f name="name">posting</f>
        <f name="attr">
          <fs type="attr">
            <f name="id">f1303002.m49</f>
            <f name="rend">color:red</f>
            <f name="type">standard</f>
            <f name="who">#f1303002.A01</f>
          </fs>
        </f>
      </fs>
    </span>
    <span id="s177" from="5559" to="5673" l="5">
      <fs type="struct" xmlns="http://www.tei-c.org/ns/1.0">
        <f name="name">p</f>
        <f name="attr">
          <fs type="attr">
            <f name="part">N</f>
          </fs>
        </f>
      </fs>
    </span>
    <span id="s178" from="5560" to="5618" l="6">
      <fs type="struct" xmlns="http://www.tei-c.org/ns/1.0">
        <f name="name">s</f>
        <f name="attr">
          <fs type="attr">
            <f name="part">N</f>
          </fs>
        </f>
      </fs>
    </span>
    <span id="s179" from="5618" to="5673" l="6">
      <fs type="struct" xmlns="http://www.tei-c.org/ns/1.0">
        <f name="name">s</f>
        <f name="attr">
          <fs type="attr">
            <f name="part">N</f>
          </fs>
        </f>
      </fs>
    </span>
    <span id="s180" from="5673" to="5719" l="4">
      <fs type="struct" xmlns="http://www.tei-c.org/ns/1.0">
        <f name="name">posting</f>
        <f name="attr">
          <fs type="attr">
            <f name="id">f1303002.m50</f>
            <f name="rend">color:red</f>
            <f name="type">standard</f>
            <f name="who">#f1303002.A01</f>
          </fs>
        </f>
      </fs>
    </span>
    <span id="s181" from="5674" to="5719" l="5">
      <fs type="struct" xmlns="http://www.tei-c.org/ns/1.0">
        <f name="name">p</f>
        <f name="attr">
          <fs type="attr">
            <f name="part">N</f>
          </fs>
        </f>
      </fs>
    </span>
    <span id="s182" from="5675" to="5719" l="6">
      <fs type="struct" xmlns="http://www.tei-c.org/ns/1.0">
        <f name="name">s</f>
        <f name="attr">
          <fs type="attr">
            <f name="part">N</f>
          </fs>
        </f>
      </fs>
    </span>
    <span id="s183" from="5719" to="5793" l="4">
      <fs type="struct" xmlns="http://www.tei-c.org/ns/1.0">
        <f name="name">posting</f>
        <f name="attr">
          <fs type="attr">
            <f name="id">f1303002.m51</f>
            <f name="rend">color:red</f>
            <f name="type">standard</f>
            <f name="who">#f1303002.A16</f>
          </fs>
        </f>
      </fs>
    </span>
    <span id="s184" from="5720" to="5793" l="5">
      <fs type="struct" xmlns="http://www.tei-c.org/ns/1.0">
        <f name="name">p</f>
        <f name="attr">
          <fs type="attr">
            <f name="part">N</f>
          </fs>
        </f>
      </fs>
    </span>
    <span id="s185" from="5721" to="5793" l="6">
      <fs type="struct" xmlns="http://www.tei-c.org/ns/1.0">
        <f name="name">s</f>
        <f name="attr">
          <fs type="attr">
            <f name="part">N</f>
          </fs>
        </f>
      </fs>
    </span>
    <span id="s186" from="5793" to="5890" l="4">
      <fs type="struct" xmlns="http://www.tei-c.org/ns/1.0">
        <f name="name">posting</f>
        <f name="attr">
          <fs type="attr">
            <f name="id">f1303002.m52</f>
            <f name="rend">color:red</f>
            <f name="type">standard</f>
            <f name="who">#f1303002.A01</f>
          </fs>
        </f>
      </fs>
    </span>
    <span id="s187" from="5794" to="5890" l="5">
      <fs type="struct" xmlns="http://www.tei-c.org/ns/1.0">
        <f name="name">p</f>
        <f name="attr">
          <fs type="attr">
            <f name="part">N</f>
          </fs>
        </f>
      </fs>
    </span>
    <span id="s188" from="5795" to="5824" l="6">
      <fs type="struct" xmlns="http://www.tei-c.org/ns/1.0">
        <f name="name">s</f>
        <f name="attr">
          <fs type="attr">
            <f name="part">N</f>
          </fs>
        </f>
      </fs>
    </span>
    <span id="s189" from="5824" to="5868" l="6">
      <fs type="struct" xmlns="http://www.tei-c.org/ns/1.0">
        <f name="name">s</f>
        <f name="attr">
          <fs type="attr">
            <f name="part">N</f>
          </fs>
        </f>
      </fs>
    </span>
    <span id="s190" from="5868" to="5890" l="6">
      <fs type="struct" xmlns="http://www.tei-c.org/ns/1.0">
        <f name="name">s</f>
        <f name="attr">
          <fs type="attr">
            <f name="part">N</f>
          </fs>
        </f>
      </fs>
    </span>
    <span id="s191" from="5890" to="5964" l="4">
      <fs type="struct" xmlns="http://www.tei-c.org/ns/1.0">
        <f name="name">posting</f>
        <f name="attr">
          <fs type="attr">
            <f name="id">f1303002.m53</f>
            <f name="rend">color:red</f>
            <f name="type">standard</f>
            <f name="who">#f1303002.A01</f>
          </fs>
        </f>
      </fs>
    </span>
    <span id="s192" from="5891" to="5964" l="5">
      <fs type="struct" xmlns="http://www.tei-c.org/ns/1.0">
        <f name="name">p</f>
        <f name="attr">
          <fs type="attr">
            <f name="part">N</f>
          </fs>
        </f>
      </fs>
    </span>
    <span id="s193" from="5892" to="5964" l="6">
      <fs type="struct" xmlns="http://www.tei-c.org/ns/1.0">
        <f name="name">s</f>
        <f name="attr">
          <fs type="attr">
            <f name="part">N</f>
          </fs>
        </f>
      </fs>
    </span>
    <span id="s194" from="5964" to="6120" l="4">
      <fs type="struct" xmlns="http://www.tei-c.org/ns/1.0">
        <f name="name">posting</f>
        <f name="attr">
          <fs type="attr">
            <f name="id">f1303002.m54</f>
            <f name="rend">color:red</f>
            <f name="type">standard</f>
            <f name="who">#f1303002.A04</f>
          </fs>
        </f>
      </fs>
    </span>
    <span id="s195" from="5965" to="6120" l="5">
      <fs type="struct" xmlns="http://www.tei-c.org/ns/1.0">
        <f name="name">p</f>
        <f name="attr">
          <fs type="attr">
            <f name="part">N</f>
          </fs>
        </f>
      </fs>
    </span>
    <span id="s196" from="5966" to="6120" l="6">
      <fs type="struct" xmlns="http://www.tei-c.org/ns/1.0">
        <f name="name">s</f>
        <f name="attr">
          <fs type="attr">
            <f name="part">N</f>
          </fs>
        </f>
      </fs>
    </span>
    <span id="s197" from="6120" to="6153" l="4">
      <fs type="struct" xmlns="http://www.tei-c.org/ns/1.0">
        <f name="name">posting</f>
        <f name="attr">
          <fs type="attr">
            <f name="id">f1303002.m55</f>
            <f name="rend">color:red</f>
            <f name="type">standard</f>
            <f name="who">#f1303002.A01</f>
          </fs>
        </f>
      </fs>
    </span>
    <span id="s198" from="6121" to="6153" l="5">
      <fs type="struct" xmlns="http://www.tei-c.org/ns/1.0">
        <f name="name">p</f>
        <f name="attr">
          <fs type="attr">
            <f name="part">N</f>
          </fs>
        </f>
      </fs>
    </span>
    <span id="s199" from="6122" to="6153" l="6">
      <fs type="struct" xmlns="http://www.tei-c.org/ns/1.0">
        <f name="name">s</f>
        <f name="attr">
          <fs type="attr">
            <f name="part">N</f>
          </fs>
        </f>
      </fs>
    </span>
    <span id="s200" from="6153" to="6311" l="4">
      <fs type="struct" xmlns="http://www.tei-c.org/ns/1.0">
        <f name="name">posting</f>
        <f name="attr">
          <fs type="attr">
            <f name="id">f1303002.m56</f>
            <f name="rend">color:red</f>
            <f name="type">standard</f>
            <f name="who">#f1303002.A17</f>
          </fs>
        </f>
      </fs>
    </span>
    <span id="s201" from="6154" to="6311" l="5">
      <fs type="struct" xmlns="http://www.tei-c.org/ns/1.0">
        <f name="name">p</f>
        <f name="attr">
          <fs type="attr">
            <f name="part">N</f>
          </fs>
        </f>
      </fs>
    </span>
    <span id="s202" from="6155" to="6311" l="6">
      <fs type="struct" xmlns="http://www.tei-c.org/ns/1.0">
        <f name="name">s</f>
        <f name="attr">
          <fs type="attr">
            <f name="part">N</f>
          </fs>
        </f>
      </fs>
    </span>
    <span id="s203" from="6311" to="6442" l="4">
      <fs type="struct" xmlns="http://www.tei-c.org/ns/1.0">
        <f name="name">posting</f>
        <f name="attr">
          <fs type="attr">
            <f name="id">f1303002.m57</f>
            <f name="rend">color:red</f>
            <f name="type">standard</f>
            <f name="who">#f1303002.A01</f>
          </fs>
        </f>
      </fs>
    </span>
    <span id="s204" from="6312" to="6442" l="5">
      <fs type="struct" xmlns="http://www.tei-c.org/ns/1.0">
        <f name="name">p</f>
        <f name="attr">
          <fs type="attr">
            <f name="part">N</f>
          </fs>
        </f>
      </fs>
    </span>
    <span id="s205" from="6313" to="6370" l="6">
      <fs type="struct" xmlns="http://www.tei-c.org/ns/1.0">
        <f name="name">s</f>
        <f name="attr">
          <fs type="attr">
            <f name="part">N</f>
          </fs>
        </f>
      </fs>
    </span>
    <span id="s206" from="6370" to="6442" l="6">
      <fs type="struct" xmlns="http://www.tei-c.org/ns/1.0">
        <f name="name">s</f>
        <f name="attr">
          <fs type="attr">
            <f name="part">N</f>
          </fs>
        </f>
      </fs>
    </span>
    <span id="s207" from="6442" to="6493" l="4">
      <fs type="struct" xmlns="http://www.tei-c.org/ns/1.0">
        <f name="name">posting</f>
        <f name="attr">
          <fs type="attr">
            <f name="id">f1303002.m58</f>
            <f name="rend">color:red</f>
            <f name="type">standard</f>
            <f name="who">#f1303002.A02</f>
          </fs>
        </f>
      </fs>
    </span>
    <span id="s208" from="6443" to="6493" l="5">
      <fs type="struct" xmlns="http://www.tei-c.org/ns/1.0">
        <f name="name">p</f>
        <f name="attr">
          <fs type="attr">
            <f name="part">N</f>
          </fs>
        </f>
      </fs>
    </span>
    <span id="s209" from="6444" to="6493" l="6">
      <fs type="struct" xmlns="http://www.tei-c.org/ns/1.0">
        <f name="name">s</f>
        <f name="attr">
          <fs type="attr">
            <f name="part">N</f>
          </fs>
        </f>
      </fs>
    </span>
    <span id="s210" from="6493" to="6716" l="4">
      <fs type="struct" xmlns="http://www.tei-c.org/ns/1.0">
        <f name="name">posting</f>
        <f name="attr">
          <fs type="attr">
            <f name="id">f1303002.m59</f>
            <f name="rend">color:red</f>
            <f name="type">standard</f>
            <f name="who">#f1303002.A18</f>
          </fs>
        </f>
      </fs>
    </span>
    <span id="s211" from="6494" to="6716" l="5">
      <fs type="struct" xmlns="http://www.tei-c.org/ns/1.0">
        <f name="name">p</f>
        <f name="attr">
          <fs type="attr">
            <f name="part">N</f>
          </fs>
        </f>
      </fs>
    </span>
    <span id="s212" from="6495" to="6716" l="6">
      <fs type="struct" xmlns="http://www.tei-c.org/ns/1.0">
        <f name="name">s</f>
        <f name="attr">
          <fs type="attr">
            <f name="part">N</f>
          </fs>
        </f>
      </fs>
    </span>
    <span id="s213" from="6716" to="6864" l="4">
      <fs type="struct" xmlns="http://www.tei-c.org/ns/1.0">
        <f name="name">posting</f>
        <f name="attr">
          <fs type="attr">
            <f name="id">f1303002.m60</f>
            <f name="rend">color:red</f>
            <f name="type">standard</f>
            <f name="who">#f1303002.A01</f>
          </fs>
        </f>
      </fs>
    </span>
    <span id="s214" from="6717" to="6864" l="5">
      <fs type="struct" xmlns="http://www.tei-c.org/ns/1.0">
        <f name="name">p</f>
        <f name="attr">
          <fs type="attr">
            <f name="part">N</f>
          </fs>
        </f>
      </fs>
    </span>
    <span id="s215" from="6718" to="6864" l="6">
      <fs type="struct" xmlns="http://www.tei-c.org/ns/1.0">
        <f name="name">s</f>
        <f name="attr">
          <fs type="attr">
            <f name="part">N</f>
          </fs>
        </f>
      </fs>
    </span>
    <span id="s216" from="6864" to="6916" l="4">
      <fs type="struct" xmlns="http://www.tei-c.org/ns/1.0">
        <f name="name">posting</f>
        <f name="attr">
          <fs type="attr">
            <f name="id">f1303002.m61</f>
            <f name="rend">color:red</f>
            <f name="type">standard</f>
            <f name="who">#f1303002.A01</f>
          </fs>
        </f>
      </fs>
    </span>
    <span id="s217" from="6865" to="6916" l="5">
      <fs type="struct" xmlns="http://www.tei-c.org/ns/1.0">
        <f name="name">p</f>
        <f name="attr">
          <fs type="attr">
            <f name="part">N</f>
          </fs>
        </f>
      </fs>
    </span>
    <span id="s218" from="6866" to="6895" l="6">
      <fs type="struct" xmlns="http://www.tei-c.org/ns/1.0">
        <f name="name">s</f>
        <f name="attr">
          <fs type="attr">
            <f name="part">N</f>
          </fs>
        </f>
      </fs>
    </span>
    <span id="s219" from="6895" to="6907" l="6">
      <fs type="struct" xmlns="http://www.tei-c.org/ns/1.0">
        <f name="name">s</f>
        <f name="attr">
          <fs type="attr">
            <f name="part">N</f>
          </fs>
        </f>
      </fs>
    </span>
    <span id="s220" from="6907" to="6916" l="6">
      <fs type="struct" xmlns="http://www.tei-c.org/ns/1.0">
        <f name="name">s</f>
        <f name="attr">
          <fs type="attr">
            <f name="part">N</f>
          </fs>
        </f>
      </fs>
    </span>
    <span id="s221" from="6916" to="7025" l="4">
      <fs type="struct" xmlns="http://www.tei-c.org/ns/1.0">
        <f name="name">posting</f>
        <f name="attr">
          <fs type="attr">
            <f name="id">f1303002.m62</f>
            <f name="rend">color:red</f>
            <f name="type">standard</f>
            <f name="who">#f1303002.A02</f>
          </fs>
        </f>
      </fs>
    </span>
    <span id="s222" from="6917" to="7025" l="5">
      <fs type="struct" xmlns="http://www.tei-c.org/ns/1.0">
        <f name="name">p</f>
        <f name="attr">
          <fs type="attr">
            <f name="part">N</f>
          </fs>
        </f>
      </fs>
    </span>
    <span id="s223" from="6918" to="6997" l="6">
      <fs type="struct" xmlns="http://www.tei-c.org/ns/1.0">
        <f name="name">s</f>
        <f name="attr">
          <fs type="attr">
            <f name="part">N</f>
          </fs>
        </f>
      </fs>
    </span>
    <span id="s224" from="6997" to="7025" l="6">
      <fs type="struct" xmlns="http://www.tei-c.org/ns/1.0">
        <f name="name">s</f>
        <f name="attr">
          <fs type="attr">
            <f name="part">N</f>
          </fs>
        </f>
      </fs>
    </span>
    <span id="s225" from="7025" to="7072" l="4">
      <fs type="struct" xmlns="http://www.tei-c.org/ns/1.0">
        <f name="name">posting</f>
        <f name="attr">
          <fs type="attr">
            <f name="id">f1303002.m63</f>
            <f name="rend">color:red</f>
            <f name="type">standard</f>
            <f name="who">#f1303002.A02</f>
          </fs>
        </f>
      </fs>
    </span>
    <span id="s226" from="7026" to="7072" l="5">
      <fs type="struct" xmlns="http://www.tei-c.org/ns/1.0">
        <f name="name">p</f>
        <f name="attr">
          <fs type="attr">
            <f name="part">N</f>
          </fs>
        </f>
      </fs>
    </span>
    <span id="s227" from="7027" to="7072" l="6">
      <fs type="struct" xmlns="http://www.tei-c.org/ns/1.0">
        <f name="name">s</f>
        <f name="attr">
          <fs type="attr">
            <f name="part">N</f>
          </fs>
        </f>
      </fs>
    </span>
    <span id="s228" from="7072" to="7207" l="4">
      <fs type="struct" xmlns="http://www.tei-c.org/ns/1.0">
        <f name="name">posting</f>
        <f name="attr">
          <fs type="attr">
            <f name="id">f1303002.m64</f>
            <f name="rend">color:red</f>
            <f name="type">standard</f>
            <f name="who">#f1303002.A02</f>
          </fs>
        </f>
      </fs>
    </span>
    <span id="s229" from="7073" to="7207" l="5">
      <fs type="struct" xmlns="http://www.tei-c.org/ns/1.0">
        <f name="name">p</f>
        <f name="attr">
          <fs type="attr">
            <f name="part">N</f>
          </fs>
        </f>
      </fs>
    </span>
    <span id="s230" from="7074" to="7207" l="6">
      <fs type="struct" xmlns="http://www.tei-c.org/ns/1.0">
        <f name="name">s</f>
        <f name="attr">
          <fs type="attr">
            <f name="part">N</f>
          </fs>
        </f>
      </fs>
    </span>
  </spanList>
</layer>