<?xml version="1.0" encoding="UTF-8"?>
<?xml-model href="span.rng"
            type="application/xml"
            schematypens="http://relaxng.org/ns/structure/1.0"?>
<layer docid="DCK_CPR.00212"
       xmlns="http://ids-mannheim.de/ns/KorAP"
       version="KorAP-0.4">
  <spanList>
    <span id="s0" from="0" to="17315" l="1">
      <fs type="struct" xmlns="http://www.tei-c.org/ns/1.0">
        <f name="name">text</f>
      </fs>
    </span>
    <span id="s1" from="0" to="17315" l="2">
      <fs type="struct" xmlns="http://www.tei-c.org/ns/1.0">
        <f name="name">body</f>
      </fs>
    </span>
    <span id="s2" from="0" to="17315" l="3">
      <fs type="struct" xmlns="http://www.tei-c.org/ns/1.0">
        <f name="name">div</f>
        <f name="attr">
          <fs type="attr">
            <f name="complete">y</f>
            <f name="org">uniform</f>
            <f name="part">N</f>
            <f name="sample">complete</f>
            <f name="type">logfile</f>
          </fs>
        </f>
      </fs>
    </span>
    <span id="s3" from="0" to="213" l="4">
      <fs type="struct" xmlns="http://www.tei-c.org/ns/1.0">
        <f name="name">posting</f>
        <f name="attr">
          <fs type="attr">
            <f name="id">f1306077.m1</f>
            <f name="rend">color:black</f>
            <f name="type">standard</f>
            <f name="who">#f1306077.A01</f>
          </fs>
        </f>
      </fs>
    </span>
    <span id="s4" from="0" to="213" l="5">
      <fs type="struct" xmlns="http://www.tei-c.org/ns/1.0">
        <f name="name">p</f>
        <f name="attr">
          <fs type="attr">
            <f name="part">N</f>
          </fs>
        </f>
      </fs>
    </span>
    <span id="s5" from="1" to="140" l="6">
      <fs type="struct" xmlns="http://www.tei-c.org/ns/1.0">
        <f name="name">s</f>
        <f name="attr">
          <fs type="attr">
            <f name="part">N</f>
          </fs>
        </f>
      </fs>
    </span>
    <span id="s6" from="140" to="213" l="6">
      <fs type="struct" xmlns="http://www.tei-c.org/ns/1.0">
        <f name="name">s</f>
        <f name="attr">
          <fs type="attr">
            <f name="part">N</f>
          </fs>
        </f>
      </fs>
    </span>
    <span id="s7" from="213" to="450" l="4">
      <fs type="struct" xmlns="http://www.tei-c.org/ns/1.0">
        <f name="name">posting</f>
        <f name="attr">
          <fs type="attr">
            <f name="id">f1306077.m2</f>
            <f name="rend">color:#003366</f>
            <f name="type">standard</f>
            <f name="who">#f1306077.A02</f>
          </fs>
        </f>
      </fs>
    </span>
    <span id="s8" from="214" to="450" l="5">
      <fs type="struct" xmlns="http://www.tei-c.org/ns/1.0">
        <f name="name">p</f>
        <f name="attr">
          <fs type="attr">
            <f name="part">N</f>
          </fs>
        </f>
      </fs>
    </span>
    <span id="s9" from="215" to="450" l="6">
      <fs type="struct" xmlns="http://www.tei-c.org/ns/1.0">
        <f name="name">s</f>
        <f name="attr">
          <fs type="attr">
            <f name="part">N</f>
          </fs>
        </f>
      </fs>
    </span>
    <span id="s10" from="450" to="635" l="4">
      <fs type="struct" xmlns="http://www.tei-c.org/ns/1.0">
        <f name="name">posting</f>
        <f name="attr">
          <fs type="attr">
            <f name="id">f1306077.m3</f>
            <f name="rend">color:black</f>
            <f name="type">standard</f>
            <f name="who">#f1306077.A03</f>
          </fs>
        </f>
      </fs>
    </span>
    <span id="s11" from="451" to="635" l="5">
      <fs type="struct" xmlns="http://www.tei-c.org/ns/1.0">
        <f name="name">p</f>
        <f name="attr">
          <fs type="attr">
            <f name="part">N</f>
          </fs>
        </f>
      </fs>
    </span>
    <span id="s12" from="452" to="504" l="6">
      <fs type="struct" xmlns="http://www.tei-c.org/ns/1.0">
        <f name="name">s</f>
        <f name="attr">
          <fs type="attr">
            <f name="part">N</f>
          </fs>
        </f>
      </fs>
    </span>
    <span id="s13" from="504" to="635" l="6">
      <fs type="struct" xmlns="http://www.tei-c.org/ns/1.0">
        <f name="name">s</f>
        <f name="attr">
          <fs type="attr">
            <f name="part">N</f>
          </fs>
        </f>
      </fs>
    </span>
    <span id="s14" from="635" to="864" l="4">
      <fs type="struct" xmlns="http://www.tei-c.org/ns/1.0">
        <f name="name">posting</f>
        <f name="attr">
          <fs type="attr">
            <f name="id">f1306077.m4</f>
            <f name="rend">color:#003366</f>
            <f name="type">standard</f>
            <f name="who">#f1306077.A02</f>
          </fs>
        </f>
      </fs>
    </span>
    <span id="s15" from="636" to="864" l="5">
      <fs type="struct" xmlns="http://www.tei-c.org/ns/1.0">
        <f name="name">p</f>
        <f name="attr">
          <fs type="attr">
            <f name="part">N</f>
          </fs>
        </f>
      </fs>
    </span>
    <span id="s16" from="637" to="864" l="6">
      <fs type="struct" xmlns="http://www.tei-c.org/ns/1.0">
        <f name="name">s</f>
        <f name="attr">
          <fs type="attr">
            <f name="part">N</f>
          </fs>
        </f>
      </fs>
    </span>
    <span id="s17" from="864" to="955" l="4">
      <fs type="struct" xmlns="http://www.tei-c.org/ns/1.0">
        <f name="name">posting</f>
        <f name="attr">
          <fs type="attr">
            <f name="id">f1306077.m5</f>
            <f name="rend">color:black</f>
            <f name="type">standard</f>
            <f name="who">#f1306077.A04</f>
          </fs>
        </f>
      </fs>
    </span>
    <span id="s18" from="865" to="955" l="5">
      <fs type="struct" xmlns="http://www.tei-c.org/ns/1.0">
        <f name="name">p</f>
        <f name="attr">
          <fs type="attr">
            <f name="part">N</f>
          </fs>
        </f>
      </fs>
    </span>
    <span id="s19" from="866" to="955" l="6">
      <fs type="struct" xmlns="http://www.tei-c.org/ns/1.0">
        <f name="name">s</f>
        <f name="attr">
          <fs type="attr">
            <f name="part">N</f>
          </fs>
        </f>
      </fs>
    </span>
    <span id="s20" from="955" to="1095" l="4">
      <fs type="struct" xmlns="http://www.tei-c.org/ns/1.0">
        <f name="name">posting</f>
        <f name="attr">
          <fs type="attr">
            <f name="id">f1306077.m6</f>
            <f name="rend">color:#003366</f>
            <f name="type">standard</f>
            <f name="who">#f1306077.A02</f>
          </fs>
        </f>
      </fs>
    </span>
    <span id="s21" from="956" to="1095" l="5">
      <fs type="struct" xmlns="http://www.tei-c.org/ns/1.0">
        <f name="name">p</f>
        <f name="attr">
          <fs type="attr">
            <f name="part">N</f>
          </fs>
        </f>
      </fs>
    </span>
    <span id="s22" from="957" to="993" l="6">
      <fs type="struct" xmlns="http://www.tei-c.org/ns/1.0">
        <f name="name">s</f>
        <f name="attr">
          <fs type="attr">
            <f name="part">N</f>
          </fs>
        </f>
      </fs>
    </span>
    <span id="s23" from="993" to="1095" l="6">
      <fs type="struct" xmlns="http://www.tei-c.org/ns/1.0">
        <f name="name">s</f>
        <f name="attr">
          <fs type="attr">
            <f name="part">N</f>
          </fs>
        </f>
      </fs>
    </span>
    <span id="s24" from="1095" to="1210" l="4">
      <fs type="struct" xmlns="http://www.tei-c.org/ns/1.0">
        <f name="name">posting</f>
        <f name="attr">
          <fs type="attr">
            <f name="id">f1306077.m7</f>
            <f name="rend">color:black</f>
            <f name="type">standard</f>
            <f name="who">#f1306077.A05</f>
          </fs>
        </f>
      </fs>
    </span>
    <span id="s25" from="1096" to="1210" l="5">
      <fs type="struct" xmlns="http://www.tei-c.org/ns/1.0">
        <f name="name">p</f>
        <f name="attr">
          <fs type="attr">
            <f name="part">N</f>
          </fs>
        </f>
      </fs>
    </span>
    <span id="s26" from="1097" to="1150" l="6">
      <fs type="struct" xmlns="http://www.tei-c.org/ns/1.0">
        <f name="name">s</f>
        <f name="attr">
          <fs type="attr">
            <f name="part">N</f>
          </fs>
        </f>
      </fs>
    </span>
    <span id="s27" from="1150" to="1210" l="6">
      <fs type="struct" xmlns="http://www.tei-c.org/ns/1.0">
        <f name="name">s</f>
        <f name="attr">
          <fs type="attr">
            <f name="part">N</f>
          </fs>
        </f>
      </fs>
    </span>
    <span id="s28" from="1210" to="1498" l="4">
      <fs type="struct" xmlns="http://www.tei-c.org/ns/1.0">
        <f name="name">posting</f>
        <f name="attr">
          <fs type="attr">
            <f name="id">f1306077.m8</f>
            <f name="rend">color:#003366</f>
            <f name="type">standard</f>
            <f name="who">#f1306077.A02</f>
          </fs>
        </f>
      </fs>
    </span>
    <span id="s29" from="1211" to="1498" l="5">
      <fs type="struct" xmlns="http://www.tei-c.org/ns/1.0">
        <f name="name">p</f>
        <f name="attr">
          <fs type="attr">
            <f name="part">N</f>
          </fs>
        </f>
      </fs>
    </span>
    <span id="s30" from="1212" to="1369" l="6">
      <fs type="struct" xmlns="http://www.tei-c.org/ns/1.0">
        <f name="name">s</f>
        <f name="attr">
          <fs type="attr">
            <f name="part">N</f>
          </fs>
        </f>
      </fs>
    </span>
    <span id="s31" from="1369" to="1498" l="6">
      <fs type="struct" xmlns="http://www.tei-c.org/ns/1.0">
        <f name="name">s</f>
        <f name="attr">
          <fs type="attr">
            <f name="part">N</f>
          </fs>
        </f>
      </fs>
    </span>
    <span id="s32" from="1498" to="1729" l="4">
      <fs type="struct" xmlns="http://www.tei-c.org/ns/1.0">
        <f name="name">posting</f>
        <f name="attr">
          <fs type="attr">
            <f name="id">f1306077.m9</f>
            <f name="rend">color:black</f>
            <f name="type">standard</f>
            <f name="who">#f1306077.A02</f>
          </fs>
        </f>
      </fs>
    </span>
    <span id="s33" from="1499" to="1729" l="5">
      <fs type="struct" xmlns="http://www.tei-c.org/ns/1.0">
        <f name="name">p</f>
        <f name="attr">
          <fs type="attr">
            <f name="part">N</f>
          </fs>
        </f>
      </fs>
    </span>
    <span id="s34" from="1500" to="1729" l="6">
      <fs type="struct" xmlns="http://www.tei-c.org/ns/1.0">
        <f name="name">s</f>
        <f name="attr">
          <fs type="attr">
            <f name="part">N</f>
          </fs>
        </f>
      </fs>
    </span>
    <span id="s35" from="1729" to="1840" l="4">
      <fs type="struct" xmlns="http://www.tei-c.org/ns/1.0">
        <f name="name">posting</f>
        <f name="attr">
          <fs type="attr">
            <f name="id">f1306077.m10</f>
            <f name="rend">color:black</f>
            <f name="type">standard</f>
            <f name="who">#f1306077.A06</f>
          </fs>
        </f>
      </fs>
    </span>
    <span id="s36" from="1730" to="1840" l="5">
      <fs type="struct" xmlns="http://www.tei-c.org/ns/1.0">
        <f name="name">p</f>
        <f name="attr">
          <fs type="attr">
            <f name="part">N</f>
          </fs>
        </f>
      </fs>
    </span>
    <span id="s37" from="1731" to="1840" l="6">
      <fs type="struct" xmlns="http://www.tei-c.org/ns/1.0">
        <f name="name">s</f>
        <f name="attr">
          <fs type="attr">
            <f name="part">N</f>
          </fs>
        </f>
      </fs>
    </span>
    <span id="s38" from="1732" to="1747" l="7">
      <fs type="struct" xmlns="http://www.tei-c.org/ns/1.0">
        <f name="name">ref</f>
        <f name="attr">
          <fs type="attr">
            <f name="corresp">#f1306077.A02</f>
            <f name="type">addressingTerm</f>
          </fs>
        </f>
      </fs>
    </span>
    <span id="s39" from="1840" to="2049" l="4">
      <fs type="struct" xmlns="http://www.tei-c.org/ns/1.0">
        <f name="name">posting</f>
        <f name="attr">
          <fs type="attr">
            <f name="id">f1306077.m11</f>
            <f name="rend">color:#003366</f>
            <f name="type">standard</f>
            <f name="who">#f1306077.A02</f>
          </fs>
        </f>
      </fs>
    </span>
    <span id="s40" from="1841" to="2049" l="5">
      <fs type="struct" xmlns="http://www.tei-c.org/ns/1.0">
        <f name="name">p</f>
        <f name="attr">
          <fs type="attr">
            <f name="part">N</f>
          </fs>
        </f>
      </fs>
    </span>
    <span id="s41" from="1842" to="2049" l="6">
      <fs type="struct" xmlns="http://www.tei-c.org/ns/1.0">
        <f name="name">s</f>
        <f name="attr">
          <fs type="attr">
            <f name="part">N</f>
          </fs>
        </f>
      </fs>
    </span>
    <span id="s42" from="2049" to="2237" l="4">
      <fs type="struct" xmlns="http://www.tei-c.org/ns/1.0">
        <f name="name">posting</f>
        <f name="attr">
          <fs type="attr">
            <f name="id">f1306077.m12</f>
            <f name="rend">color:black</f>
            <f name="type">standard</f>
            <f name="who">#f1306077.A07</f>
          </fs>
        </f>
      </fs>
    </span>
    <span id="s43" from="2050" to="2237" l="5">
      <fs type="struct" xmlns="http://www.tei-c.org/ns/1.0">
        <f name="name">p</f>
        <f name="attr">
          <fs type="attr">
            <f name="part">N</f>
          </fs>
        </f>
      </fs>
    </span>
    <span id="s44" from="2051" to="2171" l="6">
      <fs type="struct" xmlns="http://www.tei-c.org/ns/1.0">
        <f name="name">s</f>
        <f name="attr">
          <fs type="attr">
            <f name="part">N</f>
          </fs>
        </f>
      </fs>
    </span>
    <span id="s45" from="2171" to="2237" l="6">
      <fs type="struct" xmlns="http://www.tei-c.org/ns/1.0">
        <f name="name">s</f>
        <f name="attr">
          <fs type="attr">
            <f name="part">N</f>
          </fs>
        </f>
      </fs>
    </span>
    <span id="s46" from="2237" to="2478" l="4">
      <fs type="struct" xmlns="http://www.tei-c.org/ns/1.0">
        <f name="name">posting</f>
        <f name="attr">
          <fs type="attr">
            <f name="id">f1306077.m13</f>
            <f name="rend">color:#003366</f>
            <f name="type">standard</f>
            <f name="who">#f1306077.A02</f>
          </fs>
        </f>
      </fs>
    </span>
    <span id="s47" from="2238" to="2478" l="5">
      <fs type="struct" xmlns="http://www.tei-c.org/ns/1.0">
        <f name="name">p</f>
        <f name="attr">
          <fs type="attr">
            <f name="part">N</f>
          </fs>
        </f>
      </fs>
    </span>
    <span id="s48" from="2239" to="2478" l="6">
      <fs type="struct" xmlns="http://www.tei-c.org/ns/1.0">
        <f name="name">s</f>
        <f name="attr">
          <fs type="attr">
            <f name="part">N</f>
          </fs>
        </f>
      </fs>
    </span>
    <span id="s49" from="2478" to="2601" l="4">
      <fs type="struct" xmlns="http://www.tei-c.org/ns/1.0">
        <f name="name">posting</f>
        <f name="attr">
          <fs type="attr">
            <f name="id">f1306077.m14</f>
            <f name="rend">color:black</f>
            <f name="type">standard</f>
            <f name="who">#f1306077.A08</f>
          </fs>
        </f>
      </fs>
    </span>
    <span id="s50" from="2479" to="2601" l="5">
      <fs type="struct" xmlns="http://www.tei-c.org/ns/1.0">
        <f name="name">p</f>
        <f name="attr">
          <fs type="attr">
            <f name="part">N</f>
          </fs>
        </f>
      </fs>
    </span>
    <span id="s51" from="2480" to="2584" l="6">
      <fs type="struct" xmlns="http://www.tei-c.org/ns/1.0">
        <f name="name">s</f>
        <f name="attr">
          <fs type="attr">
            <f name="part">N</f>
          </fs>
        </f>
      </fs>
    </span>
    <span id="s52" from="2584" to="2601" l="6">
      <fs type="struct" xmlns="http://www.tei-c.org/ns/1.0">
        <f name="name">s</f>
        <f name="attr">
          <fs type="attr">
            <f name="part">N</f>
          </fs>
        </f>
      </fs>
    </span>
    <span id="s53" from="2601" to="2896" l="4">
      <fs type="struct" xmlns="http://www.tei-c.org/ns/1.0">
        <f name="name">posting</f>
        <f name="attr">
          <fs type="attr">
            <f name="id">f1306077.m15</f>
            <f name="rend">color:#003366</f>
            <f name="type">standard</f>
            <f name="who">#f1306077.A02</f>
          </fs>
        </f>
      </fs>
    </span>
    <span id="s54" from="2602" to="2896" l="5">
      <fs type="struct" xmlns="http://www.tei-c.org/ns/1.0">
        <f name="name">p</f>
        <f name="attr">
          <fs type="attr">
            <f name="part">N</f>
          </fs>
        </f>
      </fs>
    </span>
    <span id="s55" from="2603" to="2773" l="6">
      <fs type="struct" xmlns="http://www.tei-c.org/ns/1.0">
        <f name="name">s</f>
        <f name="attr">
          <fs type="attr">
            <f name="part">N</f>
          </fs>
        </f>
      </fs>
    </span>
    <span id="s56" from="2773" to="2896" l="6">
      <fs type="struct" xmlns="http://www.tei-c.org/ns/1.0">
        <f name="name">s</f>
        <f name="attr">
          <fs type="attr">
            <f name="part">N</f>
          </fs>
        </f>
      </fs>
    </span>
    <span id="s57" from="2896" to="3079" l="4">
      <fs type="struct" xmlns="http://www.tei-c.org/ns/1.0">
        <f name="name">posting</f>
        <f name="attr">
          <fs type="attr">
            <f name="id">f1306077.m16</f>
            <f name="rend">color:black</f>
            <f name="type">standard</f>
            <f name="who">#f1306077.A02</f>
          </fs>
        </f>
      </fs>
    </span>
    <span id="s58" from="2897" to="3079" l="5">
      <fs type="struct" xmlns="http://www.tei-c.org/ns/1.0">
        <f name="name">p</f>
        <f name="attr">
          <fs type="attr">
            <f name="part">N</f>
          </fs>
        </f>
      </fs>
    </span>
    <span id="s59" from="2898" to="3079" l="6">
      <fs type="struct" xmlns="http://www.tei-c.org/ns/1.0">
        <f name="name">s</f>
        <f name="attr">
          <fs type="attr">
            <f name="part">N</f>
          </fs>
        </f>
      </fs>
    </span>
    <span id="s60" from="3079" to="3320" l="4">
      <fs type="struct" xmlns="http://www.tei-c.org/ns/1.0">
        <f name="name">posting</f>
        <f name="attr">
          <fs type="attr">
            <f name="id">f1306077.m17</f>
            <f name="rend">color:black</f>
            <f name="type">standard</f>
            <f name="who">#f1306077.A09</f>
          </fs>
        </f>
      </fs>
    </span>
    <span id="s61" from="3080" to="3320" l="5">
      <fs type="struct" xmlns="http://www.tei-c.org/ns/1.0">
        <f name="name">p</f>
        <f name="attr">
          <fs type="attr">
            <f name="part">N</f>
          </fs>
        </f>
      </fs>
    </span>
    <span id="s62" from="3081" to="3196" l="6">
      <fs type="struct" xmlns="http://www.tei-c.org/ns/1.0">
        <f name="name">s</f>
        <f name="attr">
          <fs type="attr">
            <f name="part">N</f>
          </fs>
        </f>
      </fs>
    </span>
    <span id="s63" from="3196" to="3286" l="6">
      <fs type="struct" xmlns="http://www.tei-c.org/ns/1.0">
        <f name="name">s</f>
        <f name="attr">
          <fs type="attr">
            <f name="part">N</f>
          </fs>
        </f>
      </fs>
    </span>
    <span id="s64" from="3286" to="3320" l="6">
      <fs type="struct" xmlns="http://www.tei-c.org/ns/1.0">
        <f name="name">s</f>
        <f name="attr">
          <fs type="attr">
            <f name="part">N</f>
          </fs>
        </f>
      </fs>
    </span>
    <span id="s65" from="3320" to="3583" l="4">
      <fs type="struct" xmlns="http://www.tei-c.org/ns/1.0">
        <f name="name">posting</f>
        <f name="attr">
          <fs type="attr">
            <f name="id">f1306077.m18</f>
            <f name="rend">color:#003366</f>
            <f name="type">standard</f>
            <f name="who">#f1306077.A02</f>
          </fs>
        </f>
      </fs>
    </span>
    <span id="s66" from="3321" to="3583" l="5">
      <fs type="struct" xmlns="http://www.tei-c.org/ns/1.0">
        <f name="name">p</f>
        <f name="attr">
          <fs type="attr">
            <f name="part">N</f>
          </fs>
        </f>
      </fs>
    </span>
    <span id="s67" from="3322" to="3372" l="6">
      <fs type="struct" xmlns="http://www.tei-c.org/ns/1.0">
        <f name="name">s</f>
        <f name="attr">
          <fs type="attr">
            <f name="part">N</f>
          </fs>
        </f>
      </fs>
    </span>
    <span id="s68" from="3372" to="3583" l="6">
      <fs type="struct" xmlns="http://www.tei-c.org/ns/1.0">
        <f name="name">s</f>
        <f name="attr">
          <fs type="attr">
            <f name="part">N</f>
          </fs>
        </f>
      </fs>
    </span>
    <span id="s69" from="3583" to="3953" l="4">
      <fs type="struct" xmlns="http://www.tei-c.org/ns/1.0">
        <f name="name">posting</f>
        <f name="attr">
          <fs type="attr">
            <f name="id">f1306077.m19</f>
            <f name="rend">color:black</f>
            <f name="type">standard</f>
            <f name="who">#f1306077.A10</f>
          </fs>
        </f>
      </fs>
    </span>
    <span id="s70" from="3584" to="3953" l="5">
      <fs type="struct" xmlns="http://www.tei-c.org/ns/1.0">
        <f name="name">p</f>
        <f name="attr">
          <fs type="attr">
            <f name="part">N</f>
          </fs>
        </f>
      </fs>
    </span>
    <span id="s71" from="3585" to="3717" l="6">
      <fs type="struct" xmlns="http://www.tei-c.org/ns/1.0">
        <f name="name">s</f>
        <f name="attr">
          <fs type="attr">
            <f name="part">N</f>
          </fs>
        </f>
      </fs>
    </span>
    <span id="s72" from="3593" to="3606" l="7">
      <fs type="struct" xmlns="http://www.tei-c.org/ns/1.0">
        <f name="name">ref</f>
        <f name="attr">
          <fs type="attr">
            <f name="corresp">#f1306077.A02</f>
            <f name="type">addressingTerm</f>
          </fs>
        </f>
      </fs>
    </span>
    <span id="s73" from="3717" to="3890" l="6">
      <fs type="struct" xmlns="http://www.tei-c.org/ns/1.0">
        <f name="name">s</f>
        <f name="attr">
          <fs type="attr">
            <f name="part">N</f>
          </fs>
        </f>
      </fs>
    </span>
    <span id="s74" from="3890" to="3934" l="6">
      <fs type="struct" xmlns="http://www.tei-c.org/ns/1.0">
        <f name="name">s</f>
        <f name="attr">
          <fs type="attr">
            <f name="part">N</f>
          </fs>
        </f>
      </fs>
    </span>
    <span id="s75" from="3934" to="3953" l="6">
      <fs type="struct" xmlns="http://www.tei-c.org/ns/1.0">
        <f name="name">s</f>
        <f name="attr">
          <fs type="attr">
            <f name="part">N</f>
          </fs>
        </f>
      </fs>
    </span>
    <span id="s76" from="3953" to="4772" l="4">
      <fs type="struct" xmlns="http://www.tei-c.org/ns/1.0">
        <f name="name">posting</f>
        <f name="attr">
          <fs type="attr">
            <f name="id">f1306077.m20</f>
            <f name="rend">color:#003366</f>
            <f name="type">standard</f>
            <f name="who">#f1306077.A02</f>
          </fs>
        </f>
      </fs>
    </span>
    <span id="s77" from="3954" to="4772" l="5">
      <fs type="struct" xmlns="http://www.tei-c.org/ns/1.0">
        <f name="name">p</f>
        <f name="attr">
          <fs type="attr">
            <f name="part">N</f>
          </fs>
        </f>
      </fs>
    </span>
    <span id="s78" from="3955" to="4022" l="6">
      <fs type="struct" xmlns="http://www.tei-c.org/ns/1.0">
        <f name="name">s</f>
        <f name="attr">
          <fs type="attr">
            <f name="part">N</f>
          </fs>
        </f>
      </fs>
    </span>
    <span id="s79" from="4022" to="4243" l="6">
      <fs type="struct" xmlns="http://www.tei-c.org/ns/1.0">
        <f name="name">s</f>
        <f name="attr">
          <fs type="attr">
            <f name="part">N</f>
          </fs>
        </f>
      </fs>
    </span>
    <span id="s80" from="4243" to="4466" l="6">
      <fs type="struct" xmlns="http://www.tei-c.org/ns/1.0">
        <f name="name">s</f>
        <f name="attr">
          <fs type="attr">
            <f name="part">N</f>
          </fs>
        </f>
      </fs>
    </span>
    <span id="s81" from="4466" to="4659" l="6">
      <fs type="struct" xmlns="http://www.tei-c.org/ns/1.0">
        <f name="name">s</f>
        <f name="attr">
          <fs type="attr">
            <f name="part">N</f>
          </fs>
        </f>
      </fs>
    </span>
    <span id="s82" from="4659" to="4772" l="6">
      <fs type="struct" xmlns="http://www.tei-c.org/ns/1.0">
        <f name="name">s</f>
        <f name="attr">
          <fs type="attr">
            <f name="part">N</f>
          </fs>
        </f>
      </fs>
    </span>
    <span id="s83" from="4772" to="4900" l="4">
      <fs type="struct" xmlns="http://www.tei-c.org/ns/1.0">
        <f name="name">posting</f>
        <f name="attr">
          <fs type="attr">
            <f name="id">f1306077.m21</f>
            <f name="rend">color:black</f>
            <f name="type">standard</f>
            <f name="who">#f1306077.A11</f>
          </fs>
        </f>
      </fs>
    </span>
    <span id="s84" from="4773" to="4900" l="5">
      <fs type="struct" xmlns="http://www.tei-c.org/ns/1.0">
        <f name="name">p</f>
        <f name="attr">
          <fs type="attr">
            <f name="part">N</f>
          </fs>
        </f>
      </fs>
    </span>
    <span id="s85" from="4774" to="4823" l="6">
      <fs type="struct" xmlns="http://www.tei-c.org/ns/1.0">
        <f name="name">s</f>
        <f name="attr">
          <fs type="attr">
            <f name="part">N</f>
          </fs>
        </f>
      </fs>
    </span>
    <span id="s86" from="4823" to="4900" l="6">
      <fs type="struct" xmlns="http://www.tei-c.org/ns/1.0">
        <f name="name">s</f>
        <f name="attr">
          <fs type="attr">
            <f name="part">N</f>
          </fs>
        </f>
      </fs>
    </span>
    <span id="s87" from="4900" to="5520" l="4">
      <fs type="struct" xmlns="http://www.tei-c.org/ns/1.0">
        <f name="name">posting</f>
        <f name="attr">
          <fs type="attr">
            <f name="id">f1306077.m22</f>
            <f name="rend">color:#003366</f>
            <f name="type">standard</f>
            <f name="who">#f1306077.A02</f>
          </fs>
        </f>
      </fs>
    </span>
    <span id="s88" from="4901" to="5520" l="5">
      <fs type="struct" xmlns="http://www.tei-c.org/ns/1.0">
        <f name="name">p</f>
        <f name="attr">
          <fs type="attr">
            <f name="part">N</f>
          </fs>
        </f>
      </fs>
    </span>
    <span id="s89" from="4902" to="5018" l="6">
      <fs type="struct" xmlns="http://www.tei-c.org/ns/1.0">
        <f name="name">s</f>
        <f name="attr">
          <fs type="attr">
            <f name="part">N</f>
          </fs>
        </f>
      </fs>
    </span>
    <span id="s90" from="5018" to="5186" l="6">
      <fs type="struct" xmlns="http://www.tei-c.org/ns/1.0">
        <f name="name">s</f>
        <f name="attr">
          <fs type="attr">
            <f name="part">N</f>
          </fs>
        </f>
      </fs>
    </span>
    <span id="s91" from="5186" to="5407" l="6">
      <fs type="struct" xmlns="http://www.tei-c.org/ns/1.0">
        <f name="name">s</f>
        <f name="attr">
          <fs type="attr">
            <f name="part">N</f>
          </fs>
        </f>
      </fs>
    </span>
    <span id="s92" from="5407" to="5520" l="6">
      <fs type="struct" xmlns="http://www.tei-c.org/ns/1.0">
        <f name="name">s</f>
        <f name="attr">
          <fs type="attr">
            <f name="part">N</f>
          </fs>
        </f>
      </fs>
    </span>
    <span id="s93" from="5520" to="5733" l="4">
      <fs type="struct" xmlns="http://www.tei-c.org/ns/1.0">
        <f name="name">posting</f>
        <f name="attr">
          <fs type="attr">
            <f name="id">f1306077.m23</f>
            <f name="rend">color:#003366</f>
            <f name="type">standard</f>
            <f name="who">#f1306077.A02</f>
          </fs>
        </f>
      </fs>
    </span>
    <span id="s94" from="5521" to="5733" l="5">
      <fs type="struct" xmlns="http://www.tei-c.org/ns/1.0">
        <f name="name">p</f>
        <f name="attr">
          <fs type="attr">
            <f name="part">N</f>
          </fs>
        </f>
      </fs>
    </span>
    <span id="s95" from="5522" to="5733" l="6">
      <fs type="struct" xmlns="http://www.tei-c.org/ns/1.0">
        <f name="name">s</f>
        <f name="attr">
          <fs type="attr">
            <f name="part">N</f>
          </fs>
        </f>
      </fs>
    </span>
    <span id="s96" from="5733" to="6102" l="4">
      <fs type="struct" xmlns="http://www.tei-c.org/ns/1.0">
        <f name="name">posting</f>
        <f name="attr">
          <fs type="attr">
            <f name="id">f1306077.m24</f>
            <f name="rend">color:black</f>
            <f name="type">standard</f>
            <f name="who">#f1306077.A12</f>
          </fs>
        </f>
      </fs>
    </span>
    <span id="s97" from="5734" to="6102" l="5">
      <fs type="struct" xmlns="http://www.tei-c.org/ns/1.0">
        <f name="name">p</f>
        <f name="attr">
          <fs type="attr">
            <f name="part">N</f>
          </fs>
        </f>
      </fs>
    </span>
    <span id="s98" from="5735" to="5815" l="6">
      <fs type="struct" xmlns="http://www.tei-c.org/ns/1.0">
        <f name="name">s</f>
        <f name="attr">
          <fs type="attr">
            <f name="part">N</f>
          </fs>
        </f>
      </fs>
    </span>
    <span id="s99" from="5748" to="5773" l="7">
      <fs type="struct" xmlns="http://www.tei-c.org/ns/1.0">
        <f name="name">name</f>
        <f name="attr">
          <fs type="attr">
            <f name="full">yes</f>
            <f name="instant">false</f>
            <f name="type">GEO_DE</f>
          </fs>
        </f>
      </fs>
    </span>
    <span id="s100" from="5815" to="5922" l="6">
      <fs type="struct" xmlns="http://www.tei-c.org/ns/1.0">
        <f name="name">s</f>
        <f name="attr">
          <fs type="attr">
            <f name="part">N</f>
          </fs>
        </f>
      </fs>
    </span>
    <span id="s101" from="5851" to="5881" l="7">
      <fs type="struct" xmlns="http://www.tei-c.org/ns/1.0">
        <f name="name">name</f>
        <f name="attr">
          <fs type="attr">
            <f name="full">yes</f>
            <f name="instant">false</f>
            <f name="type">GPE</f>
          </fs>
        </f>
      </fs>
    </span>
    <span id="s102" from="5889" to="5919" l="7">
      <fs type="struct" xmlns="http://www.tei-c.org/ns/1.0">
        <f name="name">name</f>
        <f name="attr">
          <fs type="attr">
            <f name="full">yes</f>
            <f name="instant">false</f>
            <f name="type">GPE</f>
          </fs>
        </f>
      </fs>
    </span>
    <span id="s103" from="5922" to="6038" l="6">
      <fs type="struct" xmlns="http://www.tei-c.org/ns/1.0">
        <f name="name">s</f>
        <f name="attr">
          <fs type="attr">
            <f name="part">N</f>
          </fs>
        </f>
      </fs>
    </span>
    <span id="s104" from="5968" to="5993" l="7">
      <fs type="struct" xmlns="http://www.tei-c.org/ns/1.0">
        <f name="name">name</f>
        <f name="attr">
          <fs type="attr">
            <f name="full">yes</f>
            <f name="instant">false</f>
            <f name="type">GEO_DE</f>
          </fs>
        </f>
      </fs>
    </span>
    <span id="s105" from="6038" to="6102" l="6">
      <fs type="struct" xmlns="http://www.tei-c.org/ns/1.0">
        <f name="name">s</f>
        <f name="attr">
          <fs type="attr">
            <f name="part">N</f>
          </fs>
        </f>
      </fs>
    </span>
    <span id="s106" from="6102" to="6393" l="4">
      <fs type="struct" xmlns="http://www.tei-c.org/ns/1.0">
        <f name="name">posting</f>
        <f name="attr">
          <fs type="attr">
            <f name="id">f1306077.m25</f>
            <f name="rend">color:#003366</f>
            <f name="type">standard</f>
            <f name="who">#f1306077.A02</f>
          </fs>
        </f>
      </fs>
    </span>
    <span id="s107" from="6103" to="6393" l="5">
      <fs type="struct" xmlns="http://www.tei-c.org/ns/1.0">
        <f name="name">p</f>
        <f name="attr">
          <fs type="attr">
            <f name="part">N</f>
          </fs>
        </f>
      </fs>
    </span>
    <span id="s108" from="6104" to="6393" l="6">
      <fs type="struct" xmlns="http://www.tei-c.org/ns/1.0">
        <f name="name">s</f>
        <f name="attr">
          <fs type="attr">
            <f name="part">N</f>
          </fs>
        </f>
      </fs>
    </span>
    <span id="s109" from="6142" to="6172" l="7">
      <fs type="struct" xmlns="http://www.tei-c.org/ns/1.0">
        <f name="name">name</f>
        <f name="attr">
          <fs type="attr">
            <f name="full">yes</f>
            <f name="instant">false</f>
            <f name="type">GPE</f>
          </fs>
        </f>
      </fs>
    </span>
    <span id="s110" from="6393" to="6570" l="4">
      <fs type="struct" xmlns="http://www.tei-c.org/ns/1.0">
        <f name="name">posting</f>
        <f name="attr">
          <fs type="attr">
            <f name="id">f1306077.m26</f>
            <f name="rend">color:black</f>
            <f name="type">standard</f>
            <f name="who">#f1306077.A13</f>
          </fs>
        </f>
      </fs>
    </span>
    <span id="s111" from="6394" to="6570" l="5">
      <fs type="struct" xmlns="http://www.tei-c.org/ns/1.0">
        <f name="name">p</f>
        <f name="attr">
          <fs type="attr">
            <f name="part">N</f>
          </fs>
        </f>
      </fs>
    </span>
    <span id="s112" from="6395" to="6549" l="6">
      <fs type="struct" xmlns="http://www.tei-c.org/ns/1.0">
        <f name="name">s</f>
        <f name="attr">
          <fs type="attr">
            <f name="part">N</f>
          </fs>
        </f>
      </fs>
    </span>
    <span id="s113" from="6549" to="6570" l="6">
      <fs type="struct" xmlns="http://www.tei-c.org/ns/1.0">
        <f name="name">s</f>
        <f name="attr">
          <fs type="attr">
            <f name="part">N</f>
          </fs>
        </f>
      </fs>
    </span>
    <span id="s114" from="6570" to="6787" l="4">
      <fs type="struct" xmlns="http://www.tei-c.org/ns/1.0">
        <f name="name">posting</f>
        <f name="attr">
          <fs type="attr">
            <f name="id">f1306077.m27</f>
            <f name="rend">color:#003366</f>
            <f name="type">standard</f>
            <f name="who">#f1306077.A02</f>
          </fs>
        </f>
      </fs>
    </span>
    <span id="s115" from="6571" to="6787" l="5">
      <fs type="struct" xmlns="http://www.tei-c.org/ns/1.0">
        <f name="name">p</f>
        <f name="attr">
          <fs type="attr">
            <f name="part">N</f>
          </fs>
        </f>
      </fs>
    </span>
    <span id="s116" from="6572" to="6640" l="6">
      <fs type="struct" xmlns="http://www.tei-c.org/ns/1.0">
        <f name="name">s</f>
        <f name="attr">
          <fs type="attr">
            <f name="part">N</f>
          </fs>
        </f>
      </fs>
    </span>
    <span id="s117" from="6579" to="6607" l="7">
      <fs type="struct" xmlns="http://www.tei-c.org/ns/1.0">
        <f name="name">ref</f>
        <f name="attr">
          <fs type="attr">
            <f name="corresp">#f1306077.A13</f>
            <f name="type">addressingTerm</f>
          </fs>
        </f>
      </fs>
    </span>
    <span id="s118" from="6640" to="6710" l="6">
      <fs type="struct" xmlns="http://www.tei-c.org/ns/1.0">
        <f name="name">s</f>
        <f name="attr">
          <fs type="attr">
            <f name="part">N</f>
          </fs>
        </f>
      </fs>
    </span>
    <span id="s119" from="6710" to="6748" l="6">
      <fs type="struct" xmlns="http://www.tei-c.org/ns/1.0">
        <f name="name">s</f>
        <f name="attr">
          <fs type="attr">
            <f name="part">N</f>
          </fs>
        </f>
      </fs>
    </span>
    <span id="s120" from="6748" to="6787" l="6">
      <fs type="struct" xmlns="http://www.tei-c.org/ns/1.0">
        <f name="name">s</f>
        <f name="attr">
          <fs type="attr">
            <f name="part">N</f>
          </fs>
        </f>
      </fs>
    </span>
    <span id="s121" from="6787" to="6848" l="4">
      <fs type="struct" xmlns="http://www.tei-c.org/ns/1.0">
        <f name="name">posting</f>
        <f name="attr">
          <fs type="attr">
            <f name="id">f1306077.m28</f>
            <f name="rend">color:black</f>
            <f name="type">standard</f>
            <f name="who">#f1306077.A14</f>
          </fs>
        </f>
      </fs>
    </span>
    <span id="s122" from="6788" to="6848" l="5">
      <fs type="struct" xmlns="http://www.tei-c.org/ns/1.0">
        <f name="name">p</f>
        <f name="attr">
          <fs type="attr">
            <f name="part">N</f>
          </fs>
        </f>
      </fs>
    </span>
    <span id="s123" from="6789" to="6848" l="6">
      <fs type="struct" xmlns="http://www.tei-c.org/ns/1.0">
        <f name="name">s</f>
        <f name="attr">
          <fs type="attr">
            <f name="part">N</f>
          </fs>
        </f>
      </fs>
    </span>
    <span id="s124" from="6848" to="7662" l="4">
      <fs type="struct" xmlns="http://www.tei-c.org/ns/1.0">
        <f name="name">posting</f>
        <f name="attr">
          <fs type="attr">
            <f name="id">f1306077.m29</f>
            <f name="rend">color:#003366</f>
            <f name="type">standard</f>
            <f name="who">#f1306077.A02</f>
          </fs>
        </f>
      </fs>
    </span>
    <span id="s125" from="6849" to="7662" l="5">
      <fs type="struct" xmlns="http://www.tei-c.org/ns/1.0">
        <f name="name">p</f>
        <f name="attr">
          <fs type="attr">
            <f name="part">N</f>
          </fs>
        </f>
      </fs>
    </span>
    <span id="s126" from="6850" to="6915" l="6">
      <fs type="struct" xmlns="http://www.tei-c.org/ns/1.0">
        <f name="name">s</f>
        <f name="attr">
          <fs type="attr">
            <f name="part">N</f>
          </fs>
        </f>
      </fs>
    </span>
    <span id="s127" from="6915" to="7107" l="6">
      <fs type="struct" xmlns="http://www.tei-c.org/ns/1.0">
        <f name="name">s</f>
        <f name="attr">
          <fs type="attr">
            <f name="part">N</f>
          </fs>
        </f>
      </fs>
    </span>
    <span id="s128" from="7107" to="7217" l="6">
      <fs type="struct" xmlns="http://www.tei-c.org/ns/1.0">
        <f name="name">s</f>
        <f name="attr">
          <fs type="attr">
            <f name="part">N</f>
          </fs>
        </f>
      </fs>
    </span>
    <span id="s129" from="7217" to="7367" l="6">
      <fs type="struct" xmlns="http://www.tei-c.org/ns/1.0">
        <f name="name">s</f>
        <f name="attr">
          <fs type="attr">
            <f name="part">N</f>
          </fs>
        </f>
      </fs>
    </span>
    <span id="s130" from="7367" to="7475" l="6">
      <fs type="struct" xmlns="http://www.tei-c.org/ns/1.0">
        <f name="name">s</f>
        <f name="attr">
          <fs type="attr">
            <f name="part">N</f>
          </fs>
        </f>
      </fs>
    </span>
    <span id="s131" from="7475" to="7517" l="6">
      <fs type="struct" xmlns="http://www.tei-c.org/ns/1.0">
        <f name="name">s</f>
        <f name="attr">
          <fs type="attr">
            <f name="part">N</f>
          </fs>
        </f>
      </fs>
    </span>
    <span id="s132" from="7517" to="7662" l="6">
      <fs type="struct" xmlns="http://www.tei-c.org/ns/1.0">
        <f name="name">s</f>
        <f name="attr">
          <fs type="attr">
            <f name="part">N</f>
          </fs>
        </f>
      </fs>
    </span>
    <span id="s133" from="7662" to="7835" l="4">
      <fs type="struct" xmlns="http://www.tei-c.org/ns/1.0">
        <f name="name">posting</f>
        <f name="attr">
          <fs type="attr">
            <f name="id">f1306077.m30</f>
            <f name="rend">color:black</f>
            <f name="type">standard</f>
            <f name="who">#f1306077.A15</f>
          </fs>
        </f>
      </fs>
    </span>
    <span id="s134" from="7663" to="7835" l="5">
      <fs type="struct" xmlns="http://www.tei-c.org/ns/1.0">
        <f name="name">p</f>
        <f name="attr">
          <fs type="attr">
            <f name="part">N</f>
          </fs>
        </f>
      </fs>
    </span>
    <span id="s135" from="7664" to="7752" l="6">
      <fs type="struct" xmlns="http://www.tei-c.org/ns/1.0">
        <f name="name">s</f>
        <f name="attr">
          <fs type="attr">
            <f name="part">N</f>
          </fs>
        </f>
      </fs>
    </span>
    <span id="s136" from="7752" to="7835" l="6">
      <fs type="struct" xmlns="http://www.tei-c.org/ns/1.0">
        <f name="name">s</f>
        <f name="attr">
          <fs type="attr">
            <f name="part">N</f>
          </fs>
        </f>
      </fs>
    </span>
    <span id="s137" from="7835" to="8131" l="4">
      <fs type="struct" xmlns="http://www.tei-c.org/ns/1.0">
        <f name="name">posting</f>
        <f name="attr">
          <fs type="attr">
            <f name="id">f1306077.m31</f>
            <f name="rend">color:#003366</f>
            <f name="type">standard</f>
            <f name="who">#f1306077.A02</f>
          </fs>
        </f>
      </fs>
    </span>
    <span id="s138" from="7836" to="8131" l="5">
      <fs type="struct" xmlns="http://www.tei-c.org/ns/1.0">
        <f name="name">p</f>
        <f name="attr">
          <fs type="attr">
            <f name="part">N</f>
          </fs>
        </f>
      </fs>
    </span>
    <span id="s139" from="7837" to="7915" l="6">
      <fs type="struct" xmlns="http://www.tei-c.org/ns/1.0">
        <f name="name">s</f>
        <f name="attr">
          <fs type="attr">
            <f name="part">N</f>
          </fs>
        </f>
      </fs>
    </span>
    <span id="s140" from="7915" to="7944" l="6">
      <fs type="struct" xmlns="http://www.tei-c.org/ns/1.0">
        <f name="name">s</f>
        <f name="attr">
          <fs type="attr">
            <f name="part">N</f>
          </fs>
        </f>
      </fs>
    </span>
    <span id="s141" from="7944" to="8067" l="6">
      <fs type="struct" xmlns="http://www.tei-c.org/ns/1.0">
        <f name="name">s</f>
        <f name="attr">
          <fs type="attr">
            <f name="part">N</f>
          </fs>
        </f>
      </fs>
    </span>
    <span id="s142" from="8067" to="8131" l="6">
      <fs type="struct" xmlns="http://www.tei-c.org/ns/1.0">
        <f name="name">s</f>
        <f name="attr">
          <fs type="attr">
            <f name="part">N</f>
          </fs>
        </f>
      </fs>
    </span>
    <span id="s143" from="8131" to="8394" l="4">
      <fs type="struct" xmlns="http://www.tei-c.org/ns/1.0">
        <f name="name">posting</f>
        <f name="attr">
          <fs type="attr">
            <f name="id">f1306077.m32</f>
            <f name="rend">color:black</f>
            <f name="type">standard</f>
            <f name="who">#f1306077.A16</f>
          </fs>
        </f>
      </fs>
    </span>
    <span id="s144" from="8132" to="8394" l="5">
      <fs type="struct" xmlns="http://www.tei-c.org/ns/1.0">
        <f name="name">p</f>
        <f name="attr">
          <fs type="attr">
            <f name="part">N</f>
          </fs>
        </f>
      </fs>
    </span>
    <span id="s145" from="8133" to="8361" l="6">
      <fs type="struct" xmlns="http://www.tei-c.org/ns/1.0">
        <f name="name">s</f>
        <f name="attr">
          <fs type="attr">
            <f name="part">N</f>
          </fs>
        </f>
      </fs>
    </span>
    <span id="s146" from="8361" to="8394" l="6">
      <fs type="struct" xmlns="http://www.tei-c.org/ns/1.0">
        <f name="name">s</f>
        <f name="attr">
          <fs type="attr">
            <f name="part">N</f>
          </fs>
        </f>
      </fs>
    </span>
    <span id="s147" from="8394" to="8509" l="4">
      <fs type="struct" xmlns="http://www.tei-c.org/ns/1.0">
        <f name="name">posting</f>
        <f name="attr">
          <fs type="attr">
            <f name="id">f1306077.m33</f>
            <f name="rend">color:#003366</f>
            <f name="type">standard</f>
            <f name="who">#f1306077.A02</f>
          </fs>
        </f>
      </fs>
    </span>
    <span id="s148" from="8395" to="8509" l="5">
      <fs type="struct" xmlns="http://www.tei-c.org/ns/1.0">
        <f name="name">p</f>
        <f name="attr">
          <fs type="attr">
            <f name="part">N</f>
          </fs>
        </f>
      </fs>
    </span>
    <span id="s149" from="8396" to="8509" l="6">
      <fs type="struct" xmlns="http://www.tei-c.org/ns/1.0">
        <f name="name">s</f>
        <f name="attr">
          <fs type="attr">
            <f name="part">N</f>
          </fs>
        </f>
      </fs>
    </span>
    <span id="s150" from="8509" to="8983" l="4">
      <fs type="struct" xmlns="http://www.tei-c.org/ns/1.0">
        <f name="name">posting</f>
        <f name="attr">
          <fs type="attr">
            <f name="id">f1306077.m34</f>
            <f name="rend">color:black</f>
            <f name="type">standard</f>
            <f name="who">#f1306077.A12</f>
          </fs>
        </f>
      </fs>
    </span>
    <span id="s151" from="8510" to="8983" l="5">
      <fs type="struct" xmlns="http://www.tei-c.org/ns/1.0">
        <f name="name">p</f>
        <f name="attr">
          <fs type="attr">
            <f name="part">N</f>
          </fs>
        </f>
      </fs>
    </span>
    <span id="s152" from="8511" to="8801" l="6">
      <fs type="struct" xmlns="http://www.tei-c.org/ns/1.0">
        <f name="name">s</f>
        <f name="attr">
          <fs type="attr">
            <f name="part">N</f>
          </fs>
        </f>
      </fs>
    </span>
    <span id="s153" from="8801" to="8887" l="6">
      <fs type="struct" xmlns="http://www.tei-c.org/ns/1.0">
        <f name="name">s</f>
        <f name="attr">
          <fs type="attr">
            <f name="part">N</f>
          </fs>
        </f>
      </fs>
    </span>
    <span id="s154" from="8887" to="8983" l="6">
      <fs type="struct" xmlns="http://www.tei-c.org/ns/1.0">
        <f name="name">s</f>
        <f name="attr">
          <fs type="attr">
            <f name="part">N</f>
          </fs>
        </f>
      </fs>
    </span>
    <span id="s155" from="8983" to="9687" l="4">
      <fs type="struct" xmlns="http://www.tei-c.org/ns/1.0">
        <f name="name">posting</f>
        <f name="attr">
          <fs type="attr">
            <f name="id">f1306077.m35</f>
            <f name="rend">color:#003366</f>
            <f name="type">standard</f>
            <f name="who">#f1306077.A02</f>
          </fs>
        </f>
      </fs>
    </span>
    <span id="s156" from="8984" to="9687" l="5">
      <fs type="struct" xmlns="http://www.tei-c.org/ns/1.0">
        <f name="name">p</f>
        <f name="attr">
          <fs type="attr">
            <f name="part">N</f>
          </fs>
        </f>
      </fs>
    </span>
    <span id="s157" from="8985" to="9063" l="6">
      <fs type="struct" xmlns="http://www.tei-c.org/ns/1.0">
        <f name="name">s</f>
        <f name="attr">
          <fs type="attr">
            <f name="part">N</f>
          </fs>
        </f>
      </fs>
    </span>
    <span id="s158" from="9063" to="9160" l="6">
      <fs type="struct" xmlns="http://www.tei-c.org/ns/1.0">
        <f name="name">s</f>
        <f name="attr">
          <fs type="attr">
            <f name="part">N</f>
          </fs>
        </f>
      </fs>
    </span>
    <span id="s159" from="9160" to="9397" l="6">
      <fs type="struct" xmlns="http://www.tei-c.org/ns/1.0">
        <f name="name">s</f>
        <f name="attr">
          <fs type="attr">
            <f name="part">N</f>
          </fs>
        </f>
      </fs>
    </span>
    <span id="s160" from="9397" to="9687" l="6">
      <fs type="struct" xmlns="http://www.tei-c.org/ns/1.0">
        <f name="name">s</f>
        <f name="attr">
          <fs type="attr">
            <f name="part">N</f>
          </fs>
        </f>
      </fs>
    </span>
    <span id="s161" from="9687" to="9951" l="4">
      <fs type="struct" xmlns="http://www.tei-c.org/ns/1.0">
        <f name="name">posting</f>
        <f name="attr">
          <fs type="attr">
            <f name="id">f1306077.m36</f>
            <f name="rend">color:black</f>
            <f name="type">standard</f>
            <f name="who">#f1306077.A17</f>
          </fs>
        </f>
      </fs>
    </span>
    <span id="s162" from="9688" to="9951" l="5">
      <fs type="struct" xmlns="http://www.tei-c.org/ns/1.0">
        <f name="name">p</f>
        <f name="attr">
          <fs type="attr">
            <f name="part">N</f>
          </fs>
        </f>
      </fs>
    </span>
    <span id="s163" from="9689" to="9838" l="6">
      <fs type="struct" xmlns="http://www.tei-c.org/ns/1.0">
        <f name="name">s</f>
        <f name="attr">
          <fs type="attr">
            <f name="part">N</f>
          </fs>
        </f>
      </fs>
    </span>
    <span id="s164" from="9838" to="9951" l="6">
      <fs type="struct" xmlns="http://www.tei-c.org/ns/1.0">
        <f name="name">s</f>
        <f name="attr">
          <fs type="attr">
            <f name="part">N</f>
          </fs>
        </f>
      </fs>
    </span>
    <span id="s165" from="9951" to="10229" l="4">
      <fs type="struct" xmlns="http://www.tei-c.org/ns/1.0">
        <f name="name">posting</f>
        <f name="attr">
          <fs type="attr">
            <f name="id">f1306077.m37</f>
            <f name="rend">color:#003366</f>
            <f name="type">standard</f>
            <f name="who">#f1306077.A02</f>
          </fs>
        </f>
      </fs>
    </span>
    <span id="s166" from="9952" to="10229" l="5">
      <fs type="struct" xmlns="http://www.tei-c.org/ns/1.0">
        <f name="name">p</f>
        <f name="attr">
          <fs type="attr">
            <f name="part">N</f>
          </fs>
        </f>
      </fs>
    </span>
    <span id="s167" from="9953" to="10114" l="6">
      <fs type="struct" xmlns="http://www.tei-c.org/ns/1.0">
        <f name="name">s</f>
        <f name="attr">
          <fs type="attr">
            <f name="part">N</f>
          </fs>
        </f>
      </fs>
    </span>
    <span id="s168" from="10114" to="10229" l="6">
      <fs type="struct" xmlns="http://www.tei-c.org/ns/1.0">
        <f name="name">s</f>
        <f name="attr">
          <fs type="attr">
            <f name="part">N</f>
          </fs>
        </f>
      </fs>
    </span>
    <span id="s169" from="10229" to="10360" l="4">
      <fs type="struct" xmlns="http://www.tei-c.org/ns/1.0">
        <f name="name">posting</f>
        <f name="attr">
          <fs type="attr">
            <f name="id">f1306077.m38</f>
            <f name="rend">color:black</f>
            <f name="type">standard</f>
            <f name="who">#f1306077.A18</f>
          </fs>
        </f>
      </fs>
    </span>
    <span id="s170" from="10230" to="10360" l="5">
      <fs type="struct" xmlns="http://www.tei-c.org/ns/1.0">
        <f name="name">p</f>
        <f name="attr">
          <fs type="attr">
            <f name="part">N</f>
          </fs>
        </f>
      </fs>
    </span>
    <span id="s171" from="10231" to="10289" l="6">
      <fs type="struct" xmlns="http://www.tei-c.org/ns/1.0">
        <f name="name">s</f>
        <f name="attr">
          <fs type="attr">
            <f name="part">N</f>
          </fs>
        </f>
      </fs>
    </span>
    <span id="s172" from="10289" to="10360" l="6">
      <fs type="struct" xmlns="http://www.tei-c.org/ns/1.0">
        <f name="name">s</f>
        <f name="attr">
          <fs type="attr">
            <f name="part">N</f>
          </fs>
        </f>
      </fs>
    </span>
    <span id="s173" from="10360" to="10889" l="4">
      <fs type="struct" xmlns="http://www.tei-c.org/ns/1.0">
        <f name="name">posting</f>
        <f name="attr">
          <fs type="attr">
            <f name="id">f1306077.m39</f>
            <f name="rend">color:#003366</f>
            <f name="type">standard</f>
            <f name="who">#f1306077.A02</f>
          </fs>
        </f>
      </fs>
    </span>
    <span id="s174" from="10361" to="10889" l="5">
      <fs type="struct" xmlns="http://www.tei-c.org/ns/1.0">
        <f name="name">p</f>
        <f name="attr">
          <fs type="attr">
            <f name="part">N</f>
          </fs>
        </f>
      </fs>
    </span>
    <span id="s175" from="10362" to="10758" l="6">
      <fs type="struct" xmlns="http://www.tei-c.org/ns/1.0">
        <f name="name">s</f>
        <f name="attr">
          <fs type="attr">
            <f name="part">N</f>
          </fs>
        </f>
      </fs>
    </span>
    <span id="s176" from="10758" to="10889" l="6">
      <fs type="struct" xmlns="http://www.tei-c.org/ns/1.0">
        <f name="name">s</f>
        <f name="attr">
          <fs type="attr">
            <f name="part">N</f>
          </fs>
        </f>
      </fs>
    </span>
    <span id="s177" from="10889" to="10984" l="4">
      <fs type="struct" xmlns="http://www.tei-c.org/ns/1.0">
        <f name="name">posting</f>
        <f name="attr">
          <fs type="attr">
            <f name="id">f1306077.m40</f>
            <f name="rend">color:black</f>
            <f name="type">standard</f>
            <f name="who">#f1306077.A16</f>
          </fs>
        </f>
      </fs>
    </span>
    <span id="s178" from="10890" to="10984" l="5">
      <fs type="struct" xmlns="http://www.tei-c.org/ns/1.0">
        <f name="name">p</f>
        <f name="attr">
          <fs type="attr">
            <f name="part">N</f>
          </fs>
        </f>
      </fs>
    </span>
    <span id="s179" from="10891" to="10953" l="6">
      <fs type="struct" xmlns="http://www.tei-c.org/ns/1.0">
        <f name="name">s</f>
        <f name="attr">
          <fs type="attr">
            <f name="part">N</f>
          </fs>
        </f>
      </fs>
    </span>
    <span id="s180" from="10953" to="10984" l="6">
      <fs type="struct" xmlns="http://www.tei-c.org/ns/1.0">
        <f name="name">s</f>
        <f name="attr">
          <fs type="attr">
            <f name="part">N</f>
          </fs>
        </f>
      </fs>
    </span>
    <span id="s181" from="10984" to="11102" l="4">
      <fs type="struct" xmlns="http://www.tei-c.org/ns/1.0">
        <f name="name">posting</f>
        <f name="attr">
          <fs type="attr">
            <f name="id">f1306077.m41</f>
            <f name="rend">color:#003366</f>
            <f name="type">standard</f>
            <f name="who">#f1306077.A02</f>
          </fs>
        </f>
      </fs>
    </span>
    <span id="s182" from="10985" to="11102" l="5">
      <fs type="struct" xmlns="http://www.tei-c.org/ns/1.0">
        <f name="name">p</f>
        <f name="attr">
          <fs type="attr">
            <f name="part">N</f>
          </fs>
        </f>
      </fs>
    </span>
    <span id="s183" from="10986" to="11069" l="6">
      <fs type="struct" xmlns="http://www.tei-c.org/ns/1.0">
        <f name="name">s</f>
        <f name="attr">
          <fs type="attr">
            <f name="part">N</f>
          </fs>
        </f>
      </fs>
    </span>
    <span id="s184" from="11069" to="11102" l="6">
      <fs type="struct" xmlns="http://www.tei-c.org/ns/1.0">
        <f name="name">s</f>
        <f name="attr">
          <fs type="attr">
            <f name="part">N</f>
          </fs>
        </f>
      </fs>
    </span>
    <span id="s185" from="11102" to="11185" l="4">
      <fs type="struct" xmlns="http://www.tei-c.org/ns/1.0">
        <f name="name">posting</f>
        <f name="attr">
          <fs type="attr">
            <f name="id">f1306077.m42</f>
            <f name="rend">color:black</f>
            <f name="type">standard</f>
            <f name="who">#f1306077.A19</f>
          </fs>
        </f>
      </fs>
    </span>
    <span id="s186" from="11103" to="11185" l="5">
      <fs type="struct" xmlns="http://www.tei-c.org/ns/1.0">
        <f name="name">p</f>
        <f name="attr">
          <fs type="attr">
            <f name="part">N</f>
          </fs>
        </f>
      </fs>
    </span>
    <span id="s187" from="11104" to="11185" l="6">
      <fs type="struct" xmlns="http://www.tei-c.org/ns/1.0">
        <f name="name">s</f>
        <f name="attr">
          <fs type="attr">
            <f name="part">N</f>
          </fs>
        </f>
      </fs>
    </span>
    <span id="s188" from="11185" to="11281" l="4">
      <fs type="struct" xmlns="http://www.tei-c.org/ns/1.0">
        <f name="name">posting</f>
        <f name="attr">
          <fs type="attr">
            <f name="id">f1306077.m43</f>
            <f name="rend">color:#003366</f>
            <f name="type">standard</f>
            <f name="who">#f1306077.A02</f>
          </fs>
        </f>
      </fs>
    </span>
    <span id="s189" from="11186" to="11281" l="5">
      <fs type="struct" xmlns="http://www.tei-c.org/ns/1.0">
        <f name="name">p</f>
        <f name="attr">
          <fs type="attr">
            <f name="part">N</f>
          </fs>
        </f>
      </fs>
    </span>
    <span id="s190" from="11187" to="11281" l="6">
      <fs type="struct" xmlns="http://www.tei-c.org/ns/1.0">
        <f name="name">s</f>
        <f name="attr">
          <fs type="attr">
            <f name="part">N</f>
          </fs>
        </f>
      </fs>
    </span>
    <span id="s191" from="11281" to="11405" l="4">
      <fs type="struct" xmlns="http://www.tei-c.org/ns/1.0">
        <f name="name">posting</f>
        <f name="attr">
          <fs type="attr">
            <f name="id">f1306077.m44</f>
            <f name="rend">color:black</f>
            <f name="type">standard</f>
            <f name="who">#f1306077.A20</f>
          </fs>
        </f>
      </fs>
    </span>
    <span id="s192" from="11282" to="11405" l="5">
      <fs type="struct" xmlns="http://www.tei-c.org/ns/1.0">
        <f name="name">p</f>
        <f name="attr">
          <fs type="attr">
            <f name="part">N</f>
          </fs>
        </f>
      </fs>
    </span>
    <span id="s193" from="11283" to="11405" l="6">
      <fs type="struct" xmlns="http://www.tei-c.org/ns/1.0">
        <f name="name">s</f>
        <f name="attr">
          <fs type="attr">
            <f name="part">N</f>
          </fs>
        </f>
      </fs>
    </span>
    <span id="s194" from="11284" to="11299" l="7">
      <fs type="struct" xmlns="http://www.tei-c.org/ns/1.0">
        <f name="name">ref</f>
        <f name="attr">
          <fs type="attr">
            <f name="corresp">#f1306077.A02</f>
            <f name="type">addressingTerm</f>
          </fs>
        </f>
      </fs>
    </span>
    <span id="s195" from="11405" to="11657" l="4">
      <fs type="struct" xmlns="http://www.tei-c.org/ns/1.0">
        <f name="name">posting</f>
        <f name="attr">
          <fs type="attr">
            <f name="id">f1306077.m45</f>
            <f name="rend">color:#003366</f>
            <f name="type">standard</f>
            <f name="who">#f1306077.A02</f>
          </fs>
        </f>
      </fs>
    </span>
    <span id="s196" from="11406" to="11657" l="5">
      <fs type="struct" xmlns="http://www.tei-c.org/ns/1.0">
        <f name="name">p</f>
        <f name="attr">
          <fs type="attr">
            <f name="part">N</f>
          </fs>
        </f>
      </fs>
    </span>
    <span id="s197" from="11407" to="11657" l="6">
      <fs type="struct" xmlns="http://www.tei-c.org/ns/1.0">
        <f name="name">s</f>
        <f name="attr">
          <fs type="attr">
            <f name="part">N</f>
          </fs>
        </f>
      </fs>
    </span>
    <span id="s198" from="11657" to="11756" l="4">
      <fs type="struct" xmlns="http://www.tei-c.org/ns/1.0">
        <f name="name">posting</f>
        <f name="attr">
          <fs type="attr">
            <f name="id">f1306077.m46</f>
            <f name="rend">color:black</f>
            <f name="type">standard</f>
            <f name="who">#f1306077.A21</f>
          </fs>
        </f>
      </fs>
    </span>
    <span id="s199" from="11658" to="11756" l="5">
      <fs type="struct" xmlns="http://www.tei-c.org/ns/1.0">
        <f name="name">p</f>
        <f name="attr">
          <fs type="attr">
            <f name="part">N</f>
          </fs>
        </f>
      </fs>
    </span>
    <span id="s200" from="11659" to="11734" l="6">
      <fs type="struct" xmlns="http://www.tei-c.org/ns/1.0">
        <f name="name">s</f>
        <f name="attr">
          <fs type="attr">
            <f name="part">N</f>
          </fs>
        </f>
      </fs>
    </span>
    <span id="s201" from="11734" to="11756" l="6">
      <fs type="struct" xmlns="http://www.tei-c.org/ns/1.0">
        <f name="name">s</f>
        <f name="attr">
          <fs type="attr">
            <f name="part">N</f>
          </fs>
        </f>
      </fs>
    </span>
    <span id="s202" from="11756" to="11859" l="4">
      <fs type="struct" xmlns="http://www.tei-c.org/ns/1.0">
        <f name="name">posting</f>
        <f name="attr">
          <fs type="attr">
            <f name="id">f1306077.m47</f>
            <f name="rend">color:#003366</f>
            <f name="type">standard</f>
            <f name="who">#f1306077.A02</f>
          </fs>
        </f>
      </fs>
    </span>
    <span id="s203" from="11757" to="11859" l="5">
      <fs type="struct" xmlns="http://www.tei-c.org/ns/1.0">
        <f name="name">p</f>
        <f name="attr">
          <fs type="attr">
            <f name="part">N</f>
          </fs>
        </f>
      </fs>
    </span>
    <span id="s204" from="11758" to="11788" l="6">
      <fs type="struct" xmlns="http://www.tei-c.org/ns/1.0">
        <f name="name">s</f>
        <f name="attr">
          <fs type="attr">
            <f name="part">N</f>
          </fs>
        </f>
      </fs>
    </span>
    <span id="s205" from="11788" to="11859" l="6">
      <fs type="struct" xmlns="http://www.tei-c.org/ns/1.0">
        <f name="name">s</f>
        <f name="attr">
          <fs type="attr">
            <f name="part">N</f>
          </fs>
        </f>
      </fs>
    </span>
    <span id="s206" from="11859" to="12011" l="4">
      <fs type="struct" xmlns="http://www.tei-c.org/ns/1.0">
        <f name="name">posting</f>
        <f name="attr">
          <fs type="attr">
            <f name="id">f1306077.m48</f>
            <f name="rend">color:black</f>
            <f name="type">standard</f>
            <f name="who">#f1306077.A22</f>
          </fs>
        </f>
      </fs>
    </span>
    <span id="s207" from="11860" to="12011" l="5">
      <fs type="struct" xmlns="http://www.tei-c.org/ns/1.0">
        <f name="name">p</f>
        <f name="attr">
          <fs type="attr">
            <f name="part">N</f>
          </fs>
        </f>
      </fs>
    </span>
    <span id="s208" from="11861" to="12011" l="6">
      <fs type="struct" xmlns="http://www.tei-c.org/ns/1.0">
        <f name="name">s</f>
        <f name="attr">
          <fs type="attr">
            <f name="part">N</f>
          </fs>
        </f>
      </fs>
    </span>
    <span id="s209" from="11876" to="11891" l="7">
      <fs type="struct" xmlns="http://www.tei-c.org/ns/1.0">
        <f name="name">ref</f>
        <f name="attr">
          <fs type="attr">
            <f name="corresp">#f1306077.A02</f>
            <f name="type">addressingTerm</f>
          </fs>
        </f>
      </fs>
    </span>
    <span id="s210" from="11971" to="12004" l="7">
      <fs type="struct" xmlns="http://www.tei-c.org/ns/1.0">
        <f name="name">name</f>
        <f name="attr">
          <fs type="attr">
            <f name="full">yes</f>
            <f name="instant">false</f>
            <f name="type">OTH</f>
          </fs>
        </f>
      </fs>
    </span>
    <span id="s211" from="12011" to="12131" l="4">
      <fs type="struct" xmlns="http://www.tei-c.org/ns/1.0">
        <f name="name">posting</f>
        <f name="attr">
          <fs type="attr">
            <f name="id">f1306077.m49</f>
            <f name="rend">color:#003366</f>
            <f name="type">standard</f>
            <f name="who">#f1306077.A02</f>
          </fs>
        </f>
      </fs>
    </span>
    <span id="s212" from="12012" to="12131" l="5">
      <fs type="struct" xmlns="http://www.tei-c.org/ns/1.0">
        <f name="name">p</f>
        <f name="attr">
          <fs type="attr">
            <f name="part">N</f>
          </fs>
        </f>
      </fs>
    </span>
    <span id="s213" from="12013" to="12131" l="6">
      <fs type="struct" xmlns="http://www.tei-c.org/ns/1.0">
        <f name="name">s</f>
        <f name="attr">
          <fs type="attr">
            <f name="part">N</f>
          </fs>
        </f>
      </fs>
    </span>
    <span id="s214" from="12076" to="12109" l="7">
      <fs type="struct" xmlns="http://www.tei-c.org/ns/1.0">
        <f name="name">name</f>
        <f name="attr">
          <fs type="attr">
            <f name="full">yes</f>
            <f name="instant">false</f>
            <f name="type">OTH</f>
          </fs>
        </f>
      </fs>
    </span>
    <span id="s215" from="12131" to="12305" l="4">
      <fs type="struct" xmlns="http://www.tei-c.org/ns/1.0">
        <f name="name">posting</f>
        <f name="attr">
          <fs type="attr">
            <f name="id">f1306077.m50</f>
            <f name="rend">color:black</f>
            <f name="type">standard</f>
            <f name="who">#f1306077.A23</f>
          </fs>
        </f>
      </fs>
    </span>
    <span id="s216" from="12132" to="12305" l="5">
      <fs type="struct" xmlns="http://www.tei-c.org/ns/1.0">
        <f name="name">p</f>
        <f name="attr">
          <fs type="attr">
            <f name="part">N</f>
          </fs>
        </f>
      </fs>
    </span>
    <span id="s217" from="12133" to="12189" l="6">
      <fs type="struct" xmlns="http://www.tei-c.org/ns/1.0">
        <f name="name">s</f>
        <f name="attr">
          <fs type="attr">
            <f name="part">N</f>
          </fs>
        </f>
      </fs>
    </span>
    <span id="s218" from="12189" to="12305" l="6">
      <fs type="struct" xmlns="http://www.tei-c.org/ns/1.0">
        <f name="name">s</f>
        <f name="attr">
          <fs type="attr">
            <f name="part">N</f>
          </fs>
        </f>
      </fs>
    </span>
    <span id="s219" from="12305" to="12673" l="4">
      <fs type="struct" xmlns="http://www.tei-c.org/ns/1.0">
        <f name="name">posting</f>
        <f name="attr">
          <fs type="attr">
            <f name="id">f1306077.m51</f>
            <f name="rend">color:#003366</f>
            <f name="type">standard</f>
            <f name="who">#f1306077.A02</f>
          </fs>
        </f>
      </fs>
    </span>
    <span id="s220" from="12306" to="12673" l="5">
      <fs type="struct" xmlns="http://www.tei-c.org/ns/1.0">
        <f name="name">p</f>
        <f name="attr">
          <fs type="attr">
            <f name="part">N</f>
          </fs>
        </f>
      </fs>
    </span>
    <span id="s221" from="12307" to="12354" l="6">
      <fs type="struct" xmlns="http://www.tei-c.org/ns/1.0">
        <f name="name">s</f>
        <f name="attr">
          <fs type="attr">
            <f name="part">N</f>
          </fs>
        </f>
      </fs>
    </span>
    <span id="s222" from="12354" to="12498" l="6">
      <fs type="struct" xmlns="http://www.tei-c.org/ns/1.0">
        <f name="name">s</f>
        <f name="attr">
          <fs type="attr">
            <f name="part">N</f>
          </fs>
        </f>
      </fs>
    </span>
    <span id="s223" from="12498" to="12552" l="6">
      <fs type="struct" xmlns="http://www.tei-c.org/ns/1.0">
        <f name="name">s</f>
        <f name="attr">
          <fs type="attr">
            <f name="part">N</f>
          </fs>
        </f>
      </fs>
    </span>
    <span id="s224" from="12552" to="12598" l="6">
      <fs type="struct" xmlns="http://www.tei-c.org/ns/1.0">
        <f name="name">s</f>
        <f name="attr">
          <fs type="attr">
            <f name="part">N</f>
          </fs>
        </f>
      </fs>
    </span>
    <span id="s225" from="12598" to="12673" l="6">
      <fs type="struct" xmlns="http://www.tei-c.org/ns/1.0">
        <f name="name">s</f>
        <f name="attr">
          <fs type="attr">
            <f name="part">N</f>
          </fs>
        </f>
      </fs>
    </span>
    <span id="s226" from="12673" to="12891" l="4">
      <fs type="struct" xmlns="http://www.tei-c.org/ns/1.0">
        <f name="name">posting</f>
        <f name="attr">
          <fs type="attr">
            <f name="id">f1306077.m52</f>
            <f name="rend">color:black</f>
            <f name="type">standard</f>
            <f name="who">#f1306077.A24</f>
          </fs>
        </f>
      </fs>
    </span>
    <span id="s227" from="12674" to="12891" l="5">
      <fs type="struct" xmlns="http://www.tei-c.org/ns/1.0">
        <f name="name">p</f>
        <f name="attr">
          <fs type="attr">
            <f name="part">N</f>
          </fs>
        </f>
      </fs>
    </span>
    <span id="s228" from="12675" to="12736" l="6">
      <fs type="struct" xmlns="http://www.tei-c.org/ns/1.0">
        <f name="name">s</f>
        <f name="attr">
          <fs type="attr">
            <f name="part">N</f>
          </fs>
        </f>
      </fs>
    </span>
    <span id="s229" from="12736" to="12826" l="6">
      <fs type="struct" xmlns="http://www.tei-c.org/ns/1.0">
        <f name="name">s</f>
        <f name="attr">
          <fs type="attr">
            <f name="part">N</f>
          </fs>
        </f>
      </fs>
    </span>
    <span id="s230" from="12826" to="12891" l="6">
      <fs type="struct" xmlns="http://www.tei-c.org/ns/1.0">
        <f name="name">s</f>
        <f name="attr">
          <fs type="attr">
            <f name="part">N</f>
          </fs>
        </f>
      </fs>
    </span>
    <span id="s231" from="12891" to="13336" l="4">
      <fs type="struct" xmlns="http://www.tei-c.org/ns/1.0">
        <f name="name">posting</f>
        <f name="attr">
          <fs type="attr">
            <f name="id">f1306077.m53</f>
            <f name="rend">color:#003366</f>
            <f name="type">standard</f>
            <f name="who">#f1306077.A02</f>
          </fs>
        </f>
      </fs>
    </span>
    <span id="s232" from="12892" to="13336" l="5">
      <fs type="struct" xmlns="http://www.tei-c.org/ns/1.0">
        <f name="name">p</f>
        <f name="attr">
          <fs type="attr">
            <f name="part">N</f>
          </fs>
        </f>
      </fs>
    </span>
    <span id="s233" from="12893" to="12910" l="6">
      <fs type="struct" xmlns="http://www.tei-c.org/ns/1.0">
        <f name="name">s</f>
        <f name="attr">
          <fs type="attr">
            <f name="part">N</f>
          </fs>
        </f>
      </fs>
    </span>
    <span id="s234" from="12910" to="13016" l="6">
      <fs type="struct" xmlns="http://www.tei-c.org/ns/1.0">
        <f name="name">s</f>
        <f name="attr">
          <fs type="attr">
            <f name="part">N</f>
          </fs>
        </f>
      </fs>
    </span>
    <span id="s235" from="13016" to="13157" l="6">
      <fs type="struct" xmlns="http://www.tei-c.org/ns/1.0">
        <f name="name">s</f>
        <f name="attr">
          <fs type="attr">
            <f name="part">N</f>
          </fs>
        </f>
      </fs>
    </span>
    <span id="s236" from="13157" to="13336" l="6">
      <fs type="struct" xmlns="http://www.tei-c.org/ns/1.0">
        <f name="name">s</f>
        <f name="attr">
          <fs type="attr">
            <f name="part">N</f>
          </fs>
        </f>
      </fs>
    </span>
    <span id="s237" from="13336" to="13648" l="4">
      <fs type="struct" xmlns="http://www.tei-c.org/ns/1.0">
        <f name="name">posting</f>
        <f name="attr">
          <fs type="attr">
            <f name="id">f1306077.m54</f>
            <f name="rend">color:black</f>
            <f name="type">standard</f>
            <f name="who">#f1306077.A25</f>
          </fs>
        </f>
      </fs>
    </span>
    <span id="s238" from="13337" to="13648" l="5">
      <fs type="struct" xmlns="http://www.tei-c.org/ns/1.0">
        <f name="name">p</f>
        <f name="attr">
          <fs type="attr">
            <f name="part">N</f>
          </fs>
        </f>
      </fs>
    </span>
    <span id="s239" from="13338" to="13490" l="6">
      <fs type="struct" xmlns="http://www.tei-c.org/ns/1.0">
        <f name="name">s</f>
        <f name="attr">
          <fs type="attr">
            <f name="part">N</f>
          </fs>
        </f>
      </fs>
    </span>
    <span id="s240" from="13490" to="13558" l="6">
      <fs type="struct" xmlns="http://www.tei-c.org/ns/1.0">
        <f name="name">s</f>
        <f name="attr">
          <fs type="attr">
            <f name="part">N</f>
          </fs>
        </f>
      </fs>
    </span>
    <span id="s241" from="13558" to="13648" l="6">
      <fs type="struct" xmlns="http://www.tei-c.org/ns/1.0">
        <f name="name">s</f>
        <f name="attr">
          <fs type="attr">
            <f name="part">N</f>
          </fs>
        </f>
      </fs>
    </span>
    <span id="s242" from="13648" to="13977" l="4">
      <fs type="struct" xmlns="http://www.tei-c.org/ns/1.0">
        <f name="name">posting</f>
        <f name="attr">
          <fs type="attr">
            <f name="id">f1306077.m55</f>
            <f name="rend">color:#003366</f>
            <f name="type">standard</f>
            <f name="who">#f1306077.A02</f>
          </fs>
        </f>
      </fs>
    </span>
    <span id="s243" from="13649" to="13977" l="5">
      <fs type="struct" xmlns="http://www.tei-c.org/ns/1.0">
        <f name="name">p</f>
        <f name="attr">
          <fs type="attr">
            <f name="part">N</f>
          </fs>
        </f>
      </fs>
    </span>
    <span id="s244" from="13650" to="13797" l="6">
      <fs type="struct" xmlns="http://www.tei-c.org/ns/1.0">
        <f name="name">s</f>
        <f name="attr">
          <fs type="attr">
            <f name="part">N</f>
          </fs>
        </f>
      </fs>
    </span>
    <span id="s245" from="13797" to="13857" l="6">
      <fs type="struct" xmlns="http://www.tei-c.org/ns/1.0">
        <f name="name">s</f>
        <f name="attr">
          <fs type="attr">
            <f name="part">N</f>
          </fs>
        </f>
      </fs>
    </span>
    <span id="s246" from="13857" to="13977" l="6">
      <fs type="struct" xmlns="http://www.tei-c.org/ns/1.0">
        <f name="name">s</f>
        <f name="attr">
          <fs type="attr">
            <f name="part">N</f>
          </fs>
        </f>
      </fs>
    </span>
    <span id="s247" from="13977" to="14341" l="4">
      <fs type="struct" xmlns="http://www.tei-c.org/ns/1.0">
        <f name="name">posting</f>
        <f name="attr">
          <fs type="attr">
            <f name="id">f1306077.m56</f>
            <f name="rend">color:black</f>
            <f name="type">standard</f>
            <f name="who">#f1306077.A26</f>
          </fs>
        </f>
      </fs>
    </span>
    <span id="s248" from="13978" to="14341" l="5">
      <fs type="struct" xmlns="http://www.tei-c.org/ns/1.0">
        <f name="name">p</f>
        <f name="attr">
          <fs type="attr">
            <f name="part">N</f>
          </fs>
        </f>
      </fs>
    </span>
    <span id="s249" from="13979" to="14050" l="6">
      <fs type="struct" xmlns="http://www.tei-c.org/ns/1.0">
        <f name="name">s</f>
        <f name="attr">
          <fs type="attr">
            <f name="part">N</f>
          </fs>
        </f>
      </fs>
    </span>
    <span id="s250" from="14050" to="14107" l="6">
      <fs type="struct" xmlns="http://www.tei-c.org/ns/1.0">
        <f name="name">s</f>
        <f name="attr">
          <fs type="attr">
            <f name="part">N</f>
          </fs>
        </f>
      </fs>
    </span>
    <span id="s251" from="14107" to="14194" l="6">
      <fs type="struct" xmlns="http://www.tei-c.org/ns/1.0">
        <f name="name">s</f>
        <f name="attr">
          <fs type="attr">
            <f name="part">N</f>
          </fs>
        </f>
      </fs>
    </span>
    <span id="s252" from="14194" to="14341" l="6">
      <fs type="struct" xmlns="http://www.tei-c.org/ns/1.0">
        <f name="name">s</f>
        <f name="attr">
          <fs type="attr">
            <f name="part">N</f>
          </fs>
        </f>
      </fs>
    </span>
    <span id="s253" from="14341" to="14639" l="4">
      <fs type="struct" xmlns="http://www.tei-c.org/ns/1.0">
        <f name="name">posting</f>
        <f name="attr">
          <fs type="attr">
            <f name="id">f1306077.m57</f>
            <f name="rend">color:#003366</f>
            <f name="type">standard</f>
            <f name="who">#f1306077.A02</f>
          </fs>
        </f>
      </fs>
    </span>
    <span id="s254" from="14342" to="14639" l="5">
      <fs type="struct" xmlns="http://www.tei-c.org/ns/1.0">
        <f name="name">p</f>
        <f name="attr">
          <fs type="attr">
            <f name="part">N</f>
          </fs>
        </f>
      </fs>
    </span>
    <span id="s255" from="14343" to="14402" l="6">
      <fs type="struct" xmlns="http://www.tei-c.org/ns/1.0">
        <f name="name">s</f>
        <f name="attr">
          <fs type="attr">
            <f name="part">N</f>
          </fs>
        </f>
      </fs>
    </span>
    <span id="s256" from="14402" to="14453" l="6">
      <fs type="struct" xmlns="http://www.tei-c.org/ns/1.0">
        <f name="name">s</f>
        <f name="attr">
          <fs type="attr">
            <f name="part">N</f>
          </fs>
        </f>
      </fs>
    </span>
    <span id="s257" from="14453" to="14585" l="6">
      <fs type="struct" xmlns="http://www.tei-c.org/ns/1.0">
        <f name="name">s</f>
        <f name="attr">
          <fs type="attr">
            <f name="part">N</f>
          </fs>
        </f>
      </fs>
    </span>
    <span id="s258" from="14585" to="14639" l="6">
      <fs type="struct" xmlns="http://www.tei-c.org/ns/1.0">
        <f name="name">s</f>
        <f name="attr">
          <fs type="attr">
            <f name="part">N</f>
          </fs>
        </f>
      </fs>
    </span>
    <span id="s259" from="14639" to="14737" l="4">
      <fs type="struct" xmlns="http://www.tei-c.org/ns/1.0">
        <f name="name">posting</f>
        <f name="attr">
          <fs type="attr">
            <f name="id">f1306077.m58</f>
            <f name="rend">color:black</f>
            <f name="type">standard</f>
            <f name="who">#f1306077.A27</f>
          </fs>
        </f>
      </fs>
    </span>
    <span id="s260" from="14640" to="14737" l="5">
      <fs type="struct" xmlns="http://www.tei-c.org/ns/1.0">
        <f name="name">p</f>
        <f name="attr">
          <fs type="attr">
            <f name="part">N</f>
          </fs>
        </f>
      </fs>
    </span>
    <span id="s261" from="14641" to="14737" l="6">
      <fs type="struct" xmlns="http://www.tei-c.org/ns/1.0">
        <f name="name">s</f>
        <f name="attr">
          <fs type="attr">
            <f name="part">N</f>
          </fs>
        </f>
      </fs>
    </span>
    <span id="s262" from="14737" to="15105" l="4">
      <fs type="struct" xmlns="http://www.tei-c.org/ns/1.0">
        <f name="name">posting</f>
        <f name="attr">
          <fs type="attr">
            <f name="id">f1306077.m59</f>
            <f name="rend">color:#003366</f>
            <f name="type">standard</f>
            <f name="who">#f1306077.A02</f>
          </fs>
        </f>
      </fs>
    </span>
    <span id="s263" from="14738" to="15105" l="5">
      <fs type="struct" xmlns="http://www.tei-c.org/ns/1.0">
        <f name="name">p</f>
        <f name="attr">
          <fs type="attr">
            <f name="part">N</f>
          </fs>
        </f>
      </fs>
    </span>
    <span id="s264" from="14739" to="15056" l="6">
      <fs type="struct" xmlns="http://www.tei-c.org/ns/1.0">
        <f name="name">s</f>
        <f name="attr">
          <fs type="attr">
            <f name="part">N</f>
          </fs>
        </f>
      </fs>
    </span>
    <span id="s265" from="15056" to="15105" l="6">
      <fs type="struct" xmlns="http://www.tei-c.org/ns/1.0">
        <f name="name">s</f>
        <f name="attr">
          <fs type="attr">
            <f name="part">N</f>
          </fs>
        </f>
      </fs>
    </span>
    <span id="s266" from="15105" to="15182" l="4">
      <fs type="struct" xmlns="http://www.tei-c.org/ns/1.0">
        <f name="name">posting</f>
        <f name="attr">
          <fs type="attr">
            <f name="id">f1306077.m60</f>
            <f name="rend">color:black</f>
            <f name="type">standard</f>
            <f name="who">#f1306077.A28</f>
          </fs>
        </f>
      </fs>
    </span>
    <span id="s267" from="15106" to="15182" l="5">
      <fs type="struct" xmlns="http://www.tei-c.org/ns/1.0">
        <f name="name">p</f>
        <f name="attr">
          <fs type="attr">
            <f name="part">N</f>
          </fs>
        </f>
      </fs>
    </span>
    <span id="s268" from="15107" to="15182" l="6">
      <fs type="struct" xmlns="http://www.tei-c.org/ns/1.0">
        <f name="name">s</f>
        <f name="attr">
          <fs type="attr">
            <f name="part">N</f>
          </fs>
        </f>
      </fs>
    </span>
    <span id="s269" from="15108" to="15123" l="7">
      <fs type="struct" xmlns="http://www.tei-c.org/ns/1.0">
        <f name="name">ref</f>
        <f name="attr">
          <fs type="attr">
            <f name="corresp">#f1306077.A02</f>
            <f name="type">addressingTerm</f>
          </fs>
        </f>
      </fs>
    </span>
    <span id="s270" from="15182" to="15439" l="4">
      <fs type="struct" xmlns="http://www.tei-c.org/ns/1.0">
        <f name="name">posting</f>
        <f name="attr">
          <fs type="attr">
            <f name="id">f1306077.m61</f>
            <f name="rend">color:#003366</f>
            <f name="type">standard</f>
            <f name="who">#f1306077.A02</f>
          </fs>
        </f>
      </fs>
    </span>
    <span id="s271" from="15183" to="15439" l="5">
      <fs type="struct" xmlns="http://www.tei-c.org/ns/1.0">
        <f name="name">p</f>
        <f name="attr">
          <fs type="attr">
            <f name="part">N</f>
          </fs>
        </f>
      </fs>
    </span>
    <span id="s272" from="15184" to="15222" l="6">
      <fs type="struct" xmlns="http://www.tei-c.org/ns/1.0">
        <f name="name">s</f>
        <f name="attr">
          <fs type="attr">
            <f name="part">N</f>
          </fs>
        </f>
      </fs>
    </span>
    <span id="s273" from="15222" to="15255" l="6">
      <fs type="struct" xmlns="http://www.tei-c.org/ns/1.0">
        <f name="name">s</f>
        <f name="attr">
          <fs type="attr">
            <f name="part">N</f>
          </fs>
        </f>
      </fs>
    </span>
    <span id="s274" from="15255" to="15439" l="6">
      <fs type="struct" xmlns="http://www.tei-c.org/ns/1.0">
        <f name="name">s</f>
        <f name="attr">
          <fs type="attr">
            <f name="part">N</f>
          </fs>
        </f>
      </fs>
    </span>
    <span id="s275" from="15439" to="15692" l="4">
      <fs type="struct" xmlns="http://www.tei-c.org/ns/1.0">
        <f name="name">posting</f>
        <f name="attr">
          <fs type="attr">
            <f name="id">f1306077.m62</f>
            <f name="rend">color:black</f>
            <f name="type">standard</f>
            <f name="who">#f1306077.A29</f>
          </fs>
        </f>
      </fs>
    </span>
    <span id="s276" from="15440" to="15692" l="5">
      <fs type="struct" xmlns="http://www.tei-c.org/ns/1.0">
        <f name="name">p</f>
        <f name="attr">
          <fs type="attr">
            <f name="part">N</f>
          </fs>
        </f>
      </fs>
    </span>
    <span id="s277" from="15441" to="15692" l="6">
      <fs type="struct" xmlns="http://www.tei-c.org/ns/1.0">
        <f name="name">s</f>
        <f name="attr">
          <fs type="attr">
            <f name="part">N</f>
          </fs>
        </f>
      </fs>
    </span>
    <span id="s278" from="15692" to="15836" l="4">
      <fs type="struct" xmlns="http://www.tei-c.org/ns/1.0">
        <f name="name">posting</f>
        <f name="attr">
          <fs type="attr">
            <f name="id">f1306077.m63</f>
            <f name="rend">color:#003366</f>
            <f name="type">standard</f>
            <f name="who">#f1306077.A02</f>
          </fs>
        </f>
      </fs>
    </span>
    <span id="s279" from="15693" to="15836" l="5">
      <fs type="struct" xmlns="http://www.tei-c.org/ns/1.0">
        <f name="name">p</f>
        <f name="attr">
          <fs type="attr">
            <f name="part">N</f>
          </fs>
        </f>
      </fs>
    </span>
    <span id="s280" from="15694" to="15836" l="6">
      <fs type="struct" xmlns="http://www.tei-c.org/ns/1.0">
        <f name="name">s</f>
        <f name="attr">
          <fs type="attr">
            <f name="part">N</f>
          </fs>
        </f>
      </fs>
    </span>
    <span id="s281" from="15836" to="15935" l="4">
      <fs type="struct" xmlns="http://www.tei-c.org/ns/1.0">
        <f name="name">posting</f>
        <f name="attr">
          <fs type="attr">
            <f name="id">f1306077.m64</f>
            <f name="rend">color:black</f>
            <f name="type">standard</f>
            <f name="who">#f1306077.A30</f>
          </fs>
        </f>
      </fs>
    </span>
    <span id="s282" from="15837" to="15935" l="5">
      <fs type="struct" xmlns="http://www.tei-c.org/ns/1.0">
        <f name="name">p</f>
        <f name="attr">
          <fs type="attr">
            <f name="part">N</f>
          </fs>
        </f>
      </fs>
    </span>
    <span id="s283" from="15838" to="15935" l="6">
      <fs type="struct" xmlns="http://www.tei-c.org/ns/1.0">
        <f name="name">s</f>
        <f name="attr">
          <fs type="attr">
            <f name="part">N</f>
          </fs>
        </f>
      </fs>
    </span>
    <span id="s284" from="15935" to="16426" l="4">
      <fs type="struct" xmlns="http://www.tei-c.org/ns/1.0">
        <f name="name">posting</f>
        <f name="attr">
          <fs type="attr">
            <f name="id">f1306077.m65</f>
            <f name="rend">color:#003366</f>
            <f name="type">standard</f>
            <f name="who">#f1306077.A02</f>
          </fs>
        </f>
      </fs>
    </span>
    <span id="s285" from="15936" to="16426" l="5">
      <fs type="struct" xmlns="http://www.tei-c.org/ns/1.0">
        <f name="name">p</f>
        <f name="attr">
          <fs type="attr">
            <f name="part">N</f>
          </fs>
        </f>
      </fs>
    </span>
    <span id="s286" from="15937" to="16180" l="6">
      <fs type="struct" xmlns="http://www.tei-c.org/ns/1.0">
        <f name="name">s</f>
        <f name="attr">
          <fs type="attr">
            <f name="part">N</f>
          </fs>
        </f>
      </fs>
    </span>
    <span id="s287" from="16180" to="16426" l="6">
      <fs type="struct" xmlns="http://www.tei-c.org/ns/1.0">
        <f name="name">s</f>
        <f name="attr">
          <fs type="attr">
            <f name="part">N</f>
          </fs>
        </f>
      </fs>
    </span>
    <span id="s288" from="16426" to="16621" l="4">
      <fs type="struct" xmlns="http://www.tei-c.org/ns/1.0">
        <f name="name">posting</f>
        <f name="attr">
          <fs type="attr">
            <f name="id">f1306077.m66</f>
            <f name="rend">color:black</f>
            <f name="type">standard</f>
            <f name="who">#f1306077.A16</f>
          </fs>
        </f>
      </fs>
    </span>
    <span id="s289" from="16427" to="16621" l="5">
      <fs type="struct" xmlns="http://www.tei-c.org/ns/1.0">
        <f name="name">p</f>
        <f name="attr">
          <fs type="attr">
            <f name="part">N</f>
          </fs>
        </f>
      </fs>
    </span>
    <span id="s290" from="16428" to="16621" l="6">
      <fs type="struct" xmlns="http://www.tei-c.org/ns/1.0">
        <f name="name">s</f>
        <f name="attr">
          <fs type="attr">
            <f name="part">N</f>
          </fs>
        </f>
      </fs>
    </span>
    <span id="s291" from="16621" to="17315" l="4">
      <fs type="struct" xmlns="http://www.tei-c.org/ns/1.0">
        <f name="name">posting</f>
        <f name="attr">
          <fs type="attr">
            <f name="id">f1306077.m67</f>
            <f name="rend">color:#003366</f>
            <f name="type">standard</f>
            <f name="who">#f1306077.A02</f>
          </fs>
        </f>
      </fs>
    </span>
    <span id="s292" from="16622" to="17315" l="5">
      <fs type="struct" xmlns="http://www.tei-c.org/ns/1.0">
        <f name="name">p</f>
        <f name="attr">
          <fs type="attr">
            <f name="part">N</f>
          </fs>
        </f>
      </fs>
    </span>
    <span id="s293" from="16623" to="16867" l="6">
      <fs type="struct" xmlns="http://www.tei-c.org/ns/1.0">
        <f name="name">s</f>
        <f name="attr">
          <fs type="attr">
            <f name="part">N</f>
          </fs>
        </f>
      </fs>
    </span>
    <span id="s294" from="16867" to="16911" l="6">
      <fs type="struct" xmlns="http://www.tei-c.org/ns/1.0">
        <f name="name">s</f>
        <f name="attr">
          <fs type="attr">
            <f name="part">N</f>
          </fs>
        </f>
      </fs>
    </span>
    <span id="s295" from="16911" to="17047" l="6">
      <fs type="struct" xmlns="http://www.tei-c.org/ns/1.0">
        <f name="name">s</f>
        <f name="attr">
          <fs type="attr">
            <f name="part">N</f>
          </fs>
        </f>
      </fs>
    </span>
    <span id="s296" from="17047" to="17177" l="6">
      <fs type="struct" xmlns="http://www.tei-c.org/ns/1.0">
        <f name="name">s</f>
        <f name="attr">
          <fs type="attr">
            <f name="part">N</f>
          </fs>
        </f>
      </fs>
    </span>
    <span id="s297" from="17177" to="17267" l="6">
      <fs type="struct" xmlns="http://www.tei-c.org/ns/1.0">
        <f name="name">s</f>
        <f name="attr">
          <fs type="attr">
            <f name="part">N</f>
          </fs>
        </f>
      </fs>
    </span>
    <span id="s298" from="17267" to="17315" l="6">
      <fs type="struct" xmlns="http://www.tei-c.org/ns/1.0">
        <f name="name">s</f>
        <f name="attr">
          <fs type="attr">
            <f name="part">N</f>
          </fs>
        </f>
      </fs>
    </span>
  </spanList>
</layer>