<?xml version="1.0" encoding="UTF-8"?>
<idsHeader TEIform="teiHeader" pattern="text" status="new" type="text" version="1.0">
        <fileDesc>
          <titleStmt>
            <textSigle>DCK/CPR.00091</textSigle>
            <t.title>DCK/CPR.00091 1202015_Studienberatung_International_17-06-2004, [Chat-Logfile], In: Dortmunder Chatkorpus, Professionelle Chats</t.title>
            <editor>
              <orgName full="yes" instant="false">CLARIN-D curation project ChatCorpus2CLARIN, 2015-2016</orgName>
            </editor>
            <respStmt>
              <persName full="yes" id="f1202015.e1" instant="false">Michael Beißwenger</persName>
              <persName full="yes" id="f1202015.e2" instant="false">Angelika Storrer</persName>
              <persName full="yes" id="f1202015.e3" instant="false">Eric Ehrhardt</persName>
              <persName full="yes" id="f1202015.e4" instant="false">Axel Herold</persName>
              <persName full="yes" id="f1202015.e5" instant="false">Harald Lüngen</persName>
            
            <!--Members of the project ChatCorpus2CLARIN 2015-2016--></respStmt>
            <respStmt>
              <persName full="yes" id="f1202015.e6" instant="false">Bianca Selzam</persName>
              <orgName full="yes" id="f1202015.e7" instant="false">Universität des Saarlandes</orgName>
              <persName full="yes" id="f1202015.e8" instant="false">Susanne Feix</persName>
            
            <!--Support, see revisionDesc--></respStmt>
          </titleStmt>
          <publicationStmt>
            <distributor>CLARIN centre Institut für Deutsche Sprache, Mannheim and CLARIN
                        centre Berlin-Brandenburgische Akademie der Wissenschaften</distributor>
            <pubAddress/>
            <idno>1202015</idno>
            <availability Default="n" region="world" status="unknown">CC-BY 4.0</availability>
            <pubDate type="year">2016</pubDate>
          </publicationStmt>
          <sourceDesc Default="n">
            <p part="N">
              <list type="Recording Statement">
                <item>plattformURL=<ref type="URL">[_WWWURL_]</ref></item>
                <item>recording responsibility=<persName full="yes" id="f1202015.p1" instant="false">unknown</persName></item>
                <item>
                  <date instant="false">2004-06-17</date>
                </item>
                <item>
                  <time from="04:57:00" instant="false" to="07:02:00"/>
                </item>
              </list>
            </p>
            <biblStruct Default="n" status="draft">
              <analytic>
                <h.title type="main">Chat: 1202015_Studienberatung_International_17-06-2004</h.title>
                <h.author/>
                <imprint>
                  <pubDate>2009</pubDate>
                </imprint>
              </analytic>
              <monogr>
                <h.title type="main">Dortmunder Chatkorpus</h.title>
                <editor corresp="#f1202015.e2">Angelika Storrer</editor>
                <editor corresp="#f1202015.e1">Michael Beißwenger</editor>
                <imprint>
                  <publisher>Institut für deutsche Sprache und Literatur der
                                    Technischen Universität Dortmund</publisher>
                  <pubPlace> Dortmund</pubPlace>
                  <pubDate>2009</pubDate>
                </imprint>
                <biblNote>http://www.chatkorpus.tu-dortmund.de/</biblNote>
              </monogr>
            </biblStruct>
            <reference type="complete">DCK/CPR.00091 Chat: 1202015_Studienberatung_International_17-06-2004, In: Dortmunder Chatkorpus, Professionelle Chats, 17.6.2004</reference>
            <reference type="short">DCK/CPR.00091 Studienberatung (17.6.2004)</reference>
          </sourceDesc>
        </fileDesc>
        <encodingDesc>
          <editorialDecl Default="n">
            <pagination type="no"/>
            <transduction Default="n">POS-annotations according to STTS 2.0 by Universität des Saarlandes, see
                            Beißwenger, Michael; Ehrhardt, Eric; Horbach, Andrea; Lüngen,
                            Harald; Steffen, Diana; Storrer, Angelika (2015): Adding Value to CMC
                            Corpora: CLARINification and Part-of-Speech Annotation of the Dortmund
                            Chat Corpus. In: Proceedings of the 2nd Workshop on Natural Language
                            Processing for Computer-Mediated Communication / Social Media
                            (NLP4CMC2015). Essen, 12-16. https://sites.google.com/site/nlp4cmc2015/program</transduction>
          </editorialDecl>
          <tagsDecl>
            <tagUsage gi="sex">estimated on the basis of the nick name</tagUsage>
            <tagUsage gi="w" occurs="4543">used to mark a single token</tagUsage>
            <tagUsage gi="post" occurs="322">used to mark a single posting</tagUsage>
          </tagsDecl>
        </encodingDesc>
        <profileDesc>
          <particDesc Default="n">
            <listPerson Default="n">
              <person id="f1202015.A01" instant="false" role="client" sex="female">
                <persName full="yes" instant="false" type="nickname">[_FEMALE-CLIENT-A01_]</persName>
                <note anchored="true">sex estimated on the basis of the nickname</note>
              </person>
              <person id="f1202015.A02" instant="false" role="advisor" sex="female">
                <persName full="yes" instant="false" type="nickname">[_FEMALE-ADVISOR-A02_]</persName>
                <note anchored="true">sex estimated on the basis of the nickname</note>
              </person>
              <person id="f1202015.A03" instant="false" role="advisor" sex="female">
                <persName full="yes" instant="false" type="nickname">[_FEMALE-ADVISOR-A03_]</persName>
                <note anchored="true">sex estimated on the basis of the nickname</note>
              </person>
              <person id="f1202015.A04" instant="false" role="client" sex="male">
                <persName full="yes" instant="false" type="nickname">[_MALE-CLIENT-A04_]</persName>
                <note anchored="true">sex estimated on the basis of the nickname</note>
              </person>
              <person id="f1202015.A05" instant="false" role="advisor" sex="unknown">
                <persName full="yes" instant="false" type="nickname">[_ADVISOR-A05_]</persName>
                <note anchored="true">sex estimated on the basis of the nickname</note>
              </person>
              <person id="f1202015.A06" instant="false" role="advisor" sex="female">
                <persName full="yes" instant="false" type="nickname">[_FEMALE-ADVISOR-A06_]</persName>
                <note anchored="true">sex estimated on the basis of the nickname</note>
              </person>
              <person id="f1202015.A07" instant="false" role="client" sex="female">
                <persName full="yes" instant="false" type="nickname">[_FEMALE-CLIENT-A07_]</persName>
                <note anchored="true">sex estimated on the basis of the nickname</note>
              </person>
              <person id="f1202015.A08" instant="false" role="client" sex="female">
                <persName full="yes" instant="false" type="nickname">[_FEMALE-CLIENT-A08_]</persName>
                <note anchored="true">sex estimated on the basis of the nickname</note>
              </person>
              <person id="f1202015.A09" instant="false" role="client" sex="unknown">
                <persName full="yes" instant="false" type="nickname">[_CLIENT-A09_]</persName>
                <note anchored="true">sex estimated on the basis of the nickname</note>
              </person>
              <person id="f1202015.A10" instant="false" role="client" sex="unknown">
                <persName full="yes" instant="false" type="nickname">[_CLIENT-A10_]</persName>
                <note anchored="true">sex estimated on the basis of the nickname</note>
              </person>
              <person id="f1202015.A11" instant="false" role="client" sex="female">
                <persName full="yes" instant="false" type="nickname">[_FEMALE-CLIENT-A11_]</persName>
                <note anchored="true">sex estimated on the basis of the nickname</note>
              </person>
              <person id="f1202015.A12" instant="false" role="client" sex="female">
                <persName full="yes" instant="false" type="nickname">[_FEMALE-CLIENT-A12_]</persName>
                <note anchored="true">sex estimated on the basis of the nickname</note>
              </person>
              <person id="f1202015.A13" instant="false" role="client" sex="female">
                <persName full="yes" instant="false" type="nickname">[_FEMALE-CLIENT-A13_]</persName>
                <note anchored="true">sex estimated on the basis of the nickname</note>
              </person>
              <person id="f1202015.A14" instant="false" role="client" sex="female">
                <persName full="yes" instant="false" type="nickname">[_FEMALE-CLIENT-A14_]</persName>
                <note anchored="true">sex estimated on the basis of the nickname</note>
              </person>
              <person id="f1202015.A15" instant="false" role="client" sex="unknown">
                <persName full="yes" instant="false" type="nickname">[_CLIENT-A15_]</persName>
                <note anchored="true">sex estimated on the basis of the nickname</note>
              </person>
              <person id="f1202015.A16" instant="false" role="client" sex="male">
                <persName full="yes" instant="false" type="nickname">[_MALE-CLIENT-A16_]</persName>
                <note anchored="true">sex estimated on the basis of the nickname</note>
              </person>
              <person id="f1202015.A17" instant="false" role="client" sex="female">
                <persName full="yes" instant="false" type="nickname">[_FEMALE-CLIENT-A17_]</persName>
                <note anchored="true">sex estimated on the basis of the nickname</note>
              </person>
              <person id="f1202015.A18" instant="false" role="client" sex="unknown">
                <persName full="yes" instant="false" type="nickname">[_CLIENT-A18_]</persName>
                <note anchored="true">sex estimated on the basis of the nickname</note>
              </person>
              <person id="f1202015.A19" instant="false" role="client" sex="male">
                <persName full="yes" instant="false" type="nickname">[_MALE-CLIENT-A19_]</persName>
                <note anchored="true">sex estimated on the basis of the nickname</note>
              </person>
              <person id="f1202015.A20" instant="false" role="client" sex="unknown">
                <persName full="yes" instant="false" type="nickname">[_CLIENT-A20_]</persName>
                <note anchored="true">sex estimated on the basis of the nickname</note>
              </person>
              <person id="f1202015.A21" instant="false" role="client" sex="male">
                <persName full="yes" instant="false" type="nickname">[_MALE-CLIENT-A21_]</persName>
                <note anchored="true">sex estimated on the basis of the nickname</note>
              </person>
              <person id="f1202015.A22" instant="false" role="client" sex="male">
                <persName full="yes" instant="false" type="nickname">[_MALE-CLIENT-A22_]</persName>
                <note anchored="true">sex estimated on the basis of the nickname</note>
              </person>
              <person id="f1202015.A23" instant="false" role="client" sex="female">
                <persName full="yes" instant="false" type="nickname">[_FEMALE-CLIENT-A23_]</persName>
                <note anchored="true">sex estimated on the basis of the nickname</note>
              </person>
              <person id="f1202015.A24" instant="false" role="client" sex="female">
                <persName full="yes" instant="false" type="nickname">[_FEMALE-CLIENT-A24_]</persName>
                <note anchored="true">sex estimated on the basis of the nickname</note>
              </person>
              <person id="f1202015.A25" instant="false" role="client" sex="male">
                <persName full="yes" instant="false" type="nickname">[_MALE-CLIENT-A25_]</persName>
                <note anchored="true">sex estimated on the basis of the nickname</note>
              </person>
              <person id="f1202015.A26" instant="false" role="client" sex="female">
                <persName full="yes" instant="false" type="nickname">[_FEMALE-CLIENT-A26_]</persName>
                <note anchored="true">sex estimated on the basis of the nickname</note>
              </person>
              <person id="f1202015.A27" instant="false" role="client" sex="unknown">
                <persName full="yes" instant="false" type="nickname">[_CLIENT-A27_]</persName>
                <note anchored="true">sex estimated on the basis of the nickname</note>
              </person>
              <person id="f1202015.A28" instant="false" role="client" sex="unknown">
                <persName full="yes" instant="false" type="nickname">[_CLIENT-A28_]</persName>
                <note anchored="true">sex estimated on the basis of the nickname</note>
              </person>
            </listPerson>
          </particDesc>
          <settingDesc Default="n">
            <setting>
              <activity>
                <timeline>
                  <when absolute="04:57:30" id="f1202015.t001"/>
                  <when absolute="05:01:45" id="f1202015.t002"/>
                  <when absolute="05:05:24" id="f1202015.t003"/>
                  <when absolute="05:12:17" id="f1202015.t004"/>
                  <when absolute="05:12:58" id="f1202015.t005"/>
                  <when absolute="05:13:03" id="f1202015.t006"/>
                  <when absolute="05:14:20" id="f1202015.t007"/>
                  <when absolute="05:15:17" id="f1202015.t008"/>
                  <when absolute="05:15:36" id="f1202015.t009"/>
                  <when absolute="05:15:50" id="f1202015.t010"/>
                  <when absolute="05:16:17" id="f1202015.t011"/>
                  <when absolute="05:18:04" id="f1202015.t012"/>
                  <when absolute="05:20:01" id="f1202015.t013"/>
                  <when absolute="05:20:14" id="f1202015.t014"/>
                  <when absolute="05:20:32" id="f1202015.t015"/>
                  <when absolute="05:24:03" id="f1202015.t016"/>
                  <when absolute="05:24:08" id="f1202015.t017"/>
                  <when absolute="05:24:26" id="f1202015.t018"/>
                  <when absolute="05:24:33" id="f1202015.t019"/>
                  <when absolute="05:24:39" id="f1202015.t020"/>
                  <when absolute="05:24:50" id="f1202015.t021"/>
                  <when absolute="05:25:28" id="f1202015.t022"/>
                  <when absolute="05:26:12" id="f1202015.t023"/>
                  <when absolute="05:26:55" id="f1202015.t024"/>
                  <when absolute="05:27:05" id="f1202015.t025"/>
                  <when absolute="05:27:43" id="f1202015.t026"/>
                  <when absolute="05:28:43" id="f1202015.t027"/>
                  <when absolute="05:29:41" id="f1202015.t028"/>
                  <when absolute="05:31:51" id="f1202015.t029"/>
                  <when absolute="05:33:18" id="f1202015.t030"/>
                  <when absolute="05:33:51" id="f1202015.t031"/>
                  <when absolute="05:34:11" id="f1202015.t032"/>
                  <when absolute="05:34:49" id="f1202015.t033"/>
                  <when absolute="05:34:57" id="f1202015.t034"/>
                  <when absolute="05:35:18" id="f1202015.t035"/>
                  <when absolute="05:35:34" id="f1202015.t036"/>
                  <when absolute="05:35:43" id="f1202015.t037"/>
                  <when absolute="05:36:03" id="f1202015.t038"/>
                  <when absolute="05:36:34" id="f1202015.t039"/>
                  <when absolute="05:36:55" id="f1202015.t040"/>
                  <when absolute="05:37:28" id="f1202015.t041"/>
                  <when absolute="05:37:35" id="f1202015.t042"/>
                  <when absolute="05:37:41" id="f1202015.t043"/>
                  <when absolute="05:38:15" id="f1202015.t044"/>
                  <when absolute="05:38:20" id="f1202015.t045"/>
                  <when absolute="05:38:32" id="f1202015.t046"/>
                  <when absolute="05:38:35" id="f1202015.t047"/>
                  <when absolute="05:38:39" id="f1202015.t048"/>
                  <when absolute="05:38:41" id="f1202015.t049"/>
                  <when absolute="05:38:49" id="f1202015.t050"/>
                  <when absolute="05:38:50" id="f1202015.t051"/>
                  <when absolute="05:39:04" id="f1202015.t052"/>
                  <when absolute="05:39:19" id="f1202015.t053"/>
                  <when absolute="05:39:30" id="f1202015.t054"/>
                  <when absolute="05:39:38" id="f1202015.t055"/>
                  <when absolute="05:40:06" id="f1202015.t056"/>
                  <when absolute="05:40:08" id="f1202015.t057"/>
                  <when absolute="05:40:45" id="f1202015.t058"/>
                  <when absolute="05:40:53" id="f1202015.t059"/>
                  <when absolute="05:41:05" id="f1202015.t060"/>
                  <when absolute="05:41:24" id="f1202015.t061"/>
                  <when absolute="05:41:31" id="f1202015.t062"/>
                  <when absolute="05:41:33" id="f1202015.t063"/>
                  <when absolute="05:41:57" id="f1202015.t064"/>
                  <when absolute="05:42:43" id="f1202015.t065"/>
                  <when absolute="05:42:52" id="f1202015.t066"/>
                  <when absolute="05:43:13" id="f1202015.t067"/>
                  <when absolute="05:43:14" id="f1202015.t068"/>
                  <when absolute="05:43:15" id="f1202015.t069"/>
                  <when absolute="05:43:17" id="f1202015.t070"/>
                  <when absolute="05:43:23" id="f1202015.t071"/>
                  <when absolute="05:43:27" id="f1202015.t072"/>
                  <when absolute="05:43:31" id="f1202015.t073"/>
                  <when absolute="05:43:43" id="f1202015.t074"/>
                  <when absolute="05:43:45" id="f1202015.t075"/>
                  <when absolute="05:43:46" id="f1202015.t076"/>
                  <when absolute="05:43:52" id="f1202015.t077"/>
                  <when absolute="05:44:28" id="f1202015.t078"/>
                  <when absolute="05:44:46" id="f1202015.t079"/>
                  <when absolute="05:44:50" id="f1202015.t080"/>
                  <when absolute="05:45:05" id="f1202015.t081"/>
                  <when absolute="05:45:35" id="f1202015.t082"/>
                  <when absolute="05:45:48" id="f1202015.t083"/>
                  <when absolute="05:45:50" id="f1202015.t084"/>
                  <when absolute="05:46:01" id="f1202015.t085"/>
                  <when absolute="05:47:04" id="f1202015.t086"/>
                  <when absolute="05:47:15" id="f1202015.t087"/>
                  <when absolute="05:47:17" id="f1202015.t088"/>
                  <when absolute="05:47:44" id="f1202015.t089"/>
                  <when absolute="05:47:53" id="f1202015.t090"/>
                  <when absolute="05:48:05" id="f1202015.t091"/>
                  <when absolute="05:48:17" id="f1202015.t092"/>
                  <when absolute="05:48:24" id="f1202015.t093"/>
                  <when absolute="05:48:56" id="f1202015.t094"/>
                  <when absolute="05:49:01" id="f1202015.t095"/>
                  <when absolute="05:49:02" id="f1202015.t096"/>
                  <when absolute="05:49:20" id="f1202015.t097"/>
                  <when absolute="05:49:34" id="f1202015.t098"/>
                  <when absolute="05:49:38" id="f1202015.t099"/>
                  <when absolute="05:50:14" id="f1202015.t100"/>
                  <when absolute="05:50:40" id="f1202015.t101"/>
                  <when absolute="05:51:27" id="f1202015.t102"/>
                  <when absolute="05:51:32" id="f1202015.t103"/>
                  <when absolute="05:52:27" id="f1202015.t104"/>
                  <when absolute="05:53:02" id="f1202015.t105"/>
                  <when absolute="05:53:25" id="f1202015.t106"/>
                  <when absolute="05:53:34" id="f1202015.t107"/>
                  <when absolute="05:53:48" id="f1202015.t108"/>
                  <when absolute="05:54:40" id="f1202015.t109"/>
                  <when absolute="05:54:55" id="f1202015.t110"/>
                  <when absolute="05:54:57" id="f1202015.t111"/>
                  <when absolute="05:56:00" id="f1202015.t112"/>
                  <when absolute="05:56:02" id="f1202015.t113"/>
                  <when absolute="05:57:00" id="f1202015.t114"/>
                  <when absolute="05:57:19" id="f1202015.t115"/>
                  <when absolute="05:57:24" id="f1202015.t116"/>
                  <when absolute="05:57:54" id="f1202015.t117"/>
                  <when absolute="05:58:06" id="f1202015.t118"/>
                  <when absolute="05:58:21" id="f1202015.t119"/>
                  <when absolute="05:58:41" id="f1202015.t120"/>
                  <when absolute="05:58:48" id="f1202015.t121"/>
                  <when absolute="05:59:10" id="f1202015.t122"/>
                  <when absolute="05:59:11" id="f1202015.t123"/>
                  <when absolute="05:59:32" id="f1202015.t124"/>
                  <when absolute="06:00:35" id="f1202015.t125"/>
                  <when absolute="06:02:20" id="f1202015.t126"/>
                  <when absolute="06:02:32" id="f1202015.t127"/>
                  <when absolute="06:02:51" id="f1202015.t128"/>
                  <when absolute="06:02:59" id="f1202015.t129"/>
                  <when absolute="06:03:09" id="f1202015.t130"/>
                  <when absolute="06:03:11" id="f1202015.t131"/>
                  <when absolute="06:03:14" id="f1202015.t132"/>
                  <when absolute="06:03:17" id="f1202015.t133"/>
                  <when absolute="06:03:23" id="f1202015.t134"/>
                  <when absolute="06:03:24" id="f1202015.t135"/>
                  <when absolute="06:03:41" id="f1202015.t136"/>
                  <when absolute="06:03:50" id="f1202015.t137"/>
                  <when absolute="06:04:06" id="f1202015.t138"/>
                  <when absolute="06:04:09" id="f1202015.t139"/>
                  <when absolute="06:04:14" id="f1202015.t140"/>
                  <when absolute="06:04:24" id="f1202015.t141"/>
                  <when absolute="06:04:39" id="f1202015.t142"/>
                  <when absolute="06:04:42" id="f1202015.t143"/>
                  <when absolute="06:04:57" id="f1202015.t144"/>
                  <when absolute="06:05:10" id="f1202015.t145"/>
                  <when absolute="06:05:12" id="f1202015.t146"/>
                  <when absolute="06:05:25" id="f1202015.t147"/>
                  <when absolute="06:05:37" id="f1202015.t148"/>
                  <when absolute="06:05:42" id="f1202015.t149"/>
                  <when absolute="06:05:49" id="f1202015.t150"/>
                  <when absolute="06:06:12" id="f1202015.t151"/>
                  <when absolute="06:06:15" id="f1202015.t152"/>
                  <when absolute="06:06:37" id="f1202015.t153"/>
                  <when absolute="06:06:38" id="f1202015.t154"/>
                  <when absolute="06:06:47" id="f1202015.t155"/>
                  <when absolute="06:07:01" id="f1202015.t156"/>
                  <when absolute="06:07:13" id="f1202015.t157"/>
                  <when absolute="06:07:17" id="f1202015.t158"/>
                  <when absolute="06:07:33" id="f1202015.t159"/>
                  <when absolute="06:07:38" id="f1202015.t160"/>
                  <when absolute="06:08:28" id="f1202015.t161"/>
                  <when absolute="06:08:53" id="f1202015.t162"/>
                  <when absolute="06:09:32" id="f1202015.t163"/>
                  <when absolute="06:09:51" id="f1202015.t164"/>
                  <when absolute="06:09:59" id="f1202015.t165"/>
                  <when absolute="06:10:11" id="f1202015.t166"/>
                  <when absolute="06:10:48" id="f1202015.t167"/>
                  <when absolute="06:11:17" id="f1202015.t168"/>
                  <when absolute="06:11:51" id="f1202015.t169"/>
                  <when absolute="06:11:56" id="f1202015.t170"/>
                  <when absolute="06:13:33" id="f1202015.t171"/>
                  <when absolute="06:14:19" id="f1202015.t172"/>
                  <when absolute="06:16:04" id="f1202015.t173"/>
                  <when absolute="06:16:31" id="f1202015.t174"/>
                  <when absolute="06:17:31" id="f1202015.t175"/>
                  <when absolute="06:17:43" id="f1202015.t176"/>
                  <when absolute="06:18:11" id="f1202015.t177"/>
                  <when absolute="06:18:12" id="f1202015.t178"/>
                  <when absolute="06:18:34" id="f1202015.t179"/>
                  <when absolute="06:18:58" id="f1202015.t180"/>
                  <when absolute="06:18:59" id="f1202015.t181"/>
                  <when absolute="06:19:11" id="f1202015.t182"/>
                  <when absolute="06:19:27" id="f1202015.t183"/>
                  <when absolute="06:19:40" id="f1202015.t184"/>
                  <when absolute="06:19:54" id="f1202015.t185"/>
                  <when absolute="06:19:58" id="f1202015.t186"/>
                  <when absolute="06:20:02" id="f1202015.t187"/>
                  <when absolute="06:20:05" id="f1202015.t188"/>
                  <when absolute="06:20:22" id="f1202015.t189"/>
                  <when absolute="06:20:25" id="f1202015.t190"/>
                  <when absolute="06:20:53" id="f1202015.t191"/>
                  <when absolute="06:20:58" id="f1202015.t192"/>
                  <when absolute="06:21:08" id="f1202015.t193"/>
                  <when absolute="06:21:20" id="f1202015.t194"/>
                  <when absolute="06:21:36" id="f1202015.t195"/>
                  <when absolute="06:21:50" id="f1202015.t196"/>
                  <when absolute="06:21:57" id="f1202015.t197"/>
                  <when absolute="06:22:14" id="f1202015.t198"/>
                  <when absolute="06:22:40" id="f1202015.t199"/>
                  <when absolute="06:22:44" id="f1202015.t200"/>
                  <when absolute="06:22:55" id="f1202015.t201"/>
                  <when absolute="06:23:15" id="f1202015.t202"/>
                  <when absolute="06:23:31" id="f1202015.t203"/>
                  <when absolute="06:23:47" id="f1202015.t204"/>
                  <when absolute="06:24:27" id="f1202015.t205"/>
                  <when absolute="06:24:32" id="f1202015.t206"/>
                  <when absolute="06:25:04" id="f1202015.t207"/>
                  <when absolute="06:25:24" id="f1202015.t208"/>
                  <when absolute="06:25:29" id="f1202015.t209"/>
                  <when absolute="06:25:55" id="f1202015.t210"/>
                  <when absolute="06:25:57" id="f1202015.t211"/>
                  <when absolute="06:26:06" id="f1202015.t212"/>
                  <when absolute="06:26:17" id="f1202015.t213"/>
                  <when absolute="06:26:18" id="f1202015.t214"/>
                  <when absolute="06:26:25" id="f1202015.t215"/>
                  <when absolute="06:26:37" id="f1202015.t216"/>
                  <when absolute="06:26:40" id="f1202015.t217"/>
                  <when absolute="06:26:57" id="f1202015.t218"/>
                  <when absolute="06:27:42" id="f1202015.t219"/>
                  <when absolute="06:28:27" id="f1202015.t220"/>
                  <when absolute="06:29:12" id="f1202015.t221"/>
                  <when absolute="06:29:47" id="f1202015.t222"/>
                  <when absolute="06:29:52" id="f1202015.t223"/>
                  <when absolute="06:30:55" id="f1202015.t224"/>
                  <when absolute="06:31:02" id="f1202015.t225"/>
                  <when absolute="06:31:06" id="f1202015.t226"/>
                  <when absolute="06:31:56" id="f1202015.t227"/>
                  <when absolute="06:32:02" id="f1202015.t228"/>
                  <when absolute="06:32:17" id="f1202015.t229"/>
                  <when absolute="06:32:54" id="f1202015.t230"/>
                  <when absolute="06:34:20" id="f1202015.t231"/>
                  <when absolute="06:34:44" id="f1202015.t232"/>
                  <when absolute="06:34:56" id="f1202015.t233"/>
                  <when absolute="06:34:59" id="f1202015.t234"/>
                  <when absolute="06:35:06" id="f1202015.t235"/>
                  <when absolute="06:35:21" id="f1202015.t236"/>
                  <when absolute="06:35:38" id="f1202015.t237"/>
                  <when absolute="06:36:15" id="f1202015.t238"/>
                  <when absolute="06:36:38" id="f1202015.t239"/>
                  <when absolute="06:36:53" id="f1202015.t240"/>
                  <when absolute="06:37:07" id="f1202015.t241"/>
                  <when absolute="06:37:23" id="f1202015.t242"/>
                  <when absolute="06:37:28" id="f1202015.t243"/>
                  <when absolute="06:38:45" id="f1202015.t244"/>
                  <when absolute="06:38:57" id="f1202015.t245"/>
                  <when absolute="06:39:08" id="f1202015.t246"/>
                  <when absolute="06:39:36" id="f1202015.t247"/>
                  <when absolute="06:39:54" id="f1202015.t248"/>
                  <when absolute="06:39:57" id="f1202015.t249"/>
                  <when absolute="06:40:06" id="f1202015.t250"/>
                  <when absolute="06:40:45" id="f1202015.t251"/>
                  <when absolute="06:41:31" id="f1202015.t252"/>
                  <when absolute="06:42:14" id="f1202015.t253"/>
                  <when absolute="06:42:42" id="f1202015.t254"/>
                  <when absolute="06:42:55" id="f1202015.t255"/>
                  <when absolute="06:43:07" id="f1202015.t256"/>
                  <when absolute="06:43:43" id="f1202015.t257"/>
                  <when absolute="06:43:44" id="f1202015.t258"/>
                  <when absolute="06:43:47" id="f1202015.t259"/>
                  <when absolute="06:44:36" id="f1202015.t260"/>
                  <when absolute="06:46:13" id="f1202015.t261"/>
                  <when absolute="06:46:17" id="f1202015.t262"/>
                  <when absolute="06:47:19" id="f1202015.t263"/>
                  <when absolute="06:47:31" id="f1202015.t264"/>
                  <when absolute="06:47:56" id="f1202015.t265"/>
                  <when absolute="06:48:42" id="f1202015.t266"/>
                  <when absolute="06:49:20" id="f1202015.t267"/>
                  <when absolute="06:49:50" id="f1202015.t268"/>
                  <when absolute="06:49:55" id="f1202015.t269"/>
                  <when absolute="06:50:01" id="f1202015.t270"/>
                  <when absolute="06:50:11" id="f1202015.t271"/>
                  <when absolute="06:50:55" id="f1202015.t272"/>
                  <when absolute="06:51:45" id="f1202015.t273"/>
                  <when absolute="06:51:53" id="f1202015.t274"/>
                  <when absolute="06:52:14" id="f1202015.t275"/>
                  <when absolute="06:52:20" id="f1202015.t276"/>
                  <when absolute="06:52:28" id="f1202015.t277"/>
                  <when absolute="06:52:34" id="f1202015.t278"/>
                  <when absolute="06:52:43" id="f1202015.t279"/>
                  <when absolute="06:52:57" id="f1202015.t280"/>
                  <when absolute="06:53:16" id="f1202015.t281"/>
                  <when absolute="06:53:39" id="f1202015.t282"/>
                  <when absolute="06:54:07" id="f1202015.t283"/>
                  <when absolute="06:54:20" id="f1202015.t284"/>
                  <when absolute="06:54:31" id="f1202015.t285"/>
                  <when absolute="06:54:54" id="f1202015.t286"/>
                  <when absolute="06:54:57" id="f1202015.t287"/>
                  <when absolute="06:55:33" id="f1202015.t288"/>
                  <when absolute="06:55:53" id="f1202015.t289"/>
                  <when absolute="06:55:58" id="f1202015.t290"/>
                  <when absolute="06:56:02" id="f1202015.t291"/>
                  <when absolute="06:56:11" id="f1202015.t292"/>
                  <when absolute="06:56:18" id="f1202015.t293"/>
                  <when absolute="06:56:20" id="f1202015.t294"/>
                  <when absolute="06:56:43" id="f1202015.t295"/>
                  <when absolute="06:56:53" id="f1202015.t296"/>
                  <when absolute="06:56:54" id="f1202015.t297"/>
                  <when absolute="06:57:12" id="f1202015.t298"/>
                  <when absolute="06:57:17" id="f1202015.t299"/>
                  <when absolute="06:57:45" id="f1202015.t300"/>
                  <when absolute="06:57:54" id="f1202015.t301"/>
                  <when absolute="06:58:11" id="f1202015.t302"/>
                  <when absolute="06:58:48" id="f1202015.t303"/>
                  <when absolute="06:58:50" id="f1202015.t304"/>
                  <when absolute="06:59:24" id="f1202015.t305"/>
                  <when absolute="06:59:32" id="f1202015.t306"/>
                  <when absolute="06:59:37" id="f1202015.t307"/>
                  <when absolute="07:00:20" id="f1202015.t308"/>
                  <when absolute="07:00:33" id="f1202015.t309"/>
                  <when absolute="07:00:59" id="f1202015.t310"/>
                  <when absolute="07:01:36" id="f1202015.t311"/>
                  <when absolute="07:01:40" id="f1202015.t312"/>
                  <when absolute="07:02:03" id="f1202015.t313"/>
                  <when absolute="07:02:05" id="f1202015.t314"/>
                  <when absolute="07:02:11" id="f1202015.t315"/>
                  <when absolute="07:02:36" id="f1202015.t316"/>
                </timeline>
              </activity>
            </setting>
          </settingDesc>
          <textClass Default="n">
            <catRef scheme="handlungsbereiche" target="h1202000"/>
            <catRef n="1" scheme="topic" target="topic.staat-gesellschaft.biographien-interviews"/>
          </textClass>
          <textDesc Default="n">
            <textType>Chat</textType>
            <textTypeRef>Chat-Logfile</textTypeRef>
            <textTypeArt>Chat:Chat-Logfile</textTypeArt>
          </textDesc>
          <creation>
            <creatDate>2004.06.17</creatDate>
            <creatRef>(Posting: 17.6.2004)</creatRef>
            <creatRefShort>(Posting: 17.6.2004)</creatRefShort>
          </creation>
        </profileDesc>
        <revisionDesc id="f1202015.revisionDesc" status="draft">
          <change n="1" status="draft" who="#f1202015.e6">chatXML: Metadaten eingefügt</change>
          <change n="2" status="draft" who="#f1202015.e6">chatXML: Datei umbenannt, estimatedGender ergänzt</change>
          <change n="3" status="draft" who="#f1202015.e7">chatXML: tokenisiert,getaggt,lemmatisiert</change>
          <change n="4" status="draft" who="#f1202015.e5">conversion to TEI using dcc2clarin.xsl, 2016-05-20T18:30:49.034+02:00</change>
          <change n="5" status="draft" who="#f1202015.e5">basic anonymisation using anonymise.xsl, 2016-05-20T18:43:04.602+02:00</change>
          <change n="6" status="draft" who="#f1202015.e5">post-processing, using postprocess-phase-II.xsl, 2016-07-26T17:45:38.491+02:00</change>
          <change n="7" status="draft" who="#f1202015.e8">manual anonymisation, phase III, August-December 2016</change>
          <change n="8" status="draft" who="#f1202015.e5">post-processing, using postprocess-phase-III.xsl, 2017-03-24T17:35:57.014+01:00</change>
        </revisionDesc>
      </idsHeader>