<?xml version="1.0" encoding="UTF-8"?>
<idsHeader TEIform="teiHeader" pattern="text" status="new" type="corpus" version="1.1">
    <fileDesc>
      <titleStmt>
        <korpusSigle>DCK</korpusSigle>
        <c.title>Dortmunder Chatkorpus 2.2 in DeReKo. Part 1: Chats from open chat platforms</c.title>
        <editor>
          <orgName full="yes" instant="false">CLARIN-D curation project ChatCorpus2CLARIN, 2015-2016</orgName>
        </editor>
        <respStmt>
          <persName full="yes" id="e1" instant="false">Michael Beißwenger</persName>
          <persName full="yes" id="e2" instant="false">Angelika Storrer</persName>
          <persName full="yes" id="e3" instant="false">Eric Ehrhardt</persName>
          <persName full="yes" id="e4" instant="false">Axel Herold</persName>
          <persName full="yes" id="e5" instant="false">Harald Lüngen</persName>
        
        <!--Members of the project ChatCorpus2CLARIN 2015-2016--></respStmt>
      </titleStmt>
      <publicationStmt>
        <distributor> Institut für Deutsche Sprache </distributor>
        <pubAddress> Postfach 10 16 21, D-68016 Mannheim </pubAddress>
        <telephone> +49 (0)621 1581 0 </telephone>
        <availability Default="n" region="world" status="unknown">CC-BY 4.0</availability>
        <pubDate>2016</pubDate>
      </publicationStmt>
      <sourceDesc Default="n">
        <biblStruct Default="n" status="draft">
          <monogr>
            <h.title type="main">Dortmunder Chatkorpus</h.title>
            <editor>Angelika Storrer und Michael Beißwenger</editor>
            <imprint>
              <publisher>Institut für deutsche Sprache und Literatur der Technischen Universität
                        Dortmund</publisher>
              <pubPlace>Dortmund</pubPlace>
              <pubDate type="year">2009</pubDate>
            </imprint>
            <biblNote>http://www.chatkorpus.tu-dortmund.de/</biblNote>
          </monogr>
        </biblStruct>
      </sourceDesc>
    </fileDesc>
    <encodingDesc>
      <editorialDecl Default="n">
        <transduction Default="n">POS-annotations according to STTS 2.0 alpha, see Beißwenger, Michael; Ehrhardt,
               Eric; Horbach, Andrea; Lüngen, Harald; Steffen, Diana; Storrer, Angelika (2015):
               Adding Value to CMC Corpora: CLARINification and Part-of-Speech Annotation of the
               Dortmund Chat Corpus. In: Proceedings of the 2nd Workshop on Natural Language
               Processing for Computer-Mediated Communication / Social Media (NLP4CMC2015). Essen,
               12-16. https://sites.google.com/site/nlp4cmc2015/program</transduction>
      </editorialDecl>
      <projectDesc Default="n">
        <p part="N">CLARIN-D curation project ChatCorpus2CLARIN, 2015-2016</p>
        <p part="N">http://de.clarin.eu/en/curation-project-1-3-german-philology</p>
      </projectDesc>
      <classDecl>
        <taxonomy id="topic">
          <h.bibl>Thementaxonomie (siehe
                  http://www.ids-mannheim.de/kl/projekte/methoden/te.html)</h.bibl>
          <category id="topic.fiktion">
            <catDesc>Fiktion</catDesc>
            <category id="topic.fiktion.vermischtes">
              <catDesc>Fiktion:Vermischtes</catDesc>
            </category>
          </category>
          <category id="topic.freizeit-unterhaltung">
            <catDesc>Freizeit_Unterhaltung</catDesc>
            <category id="topic.freizeit-unterhaltung.reisen">
              <catDesc>Freizeit_Unterhaltung:Reisen</catDesc>
            </category>
            <category id="topic.freizeit-unterhaltung.rundfunk">
              <catDesc>Freizeit_Unterhaltung:Rundfunk</catDesc>
            </category>
            <category id="topic.freizeit-unterhaltung.vereine-veranstaltungen">
              <catDesc>Freizeit_Unterhaltung:Vereine_Veranstaltungen</catDesc>
            </category>
          </category>
          <category id="topic.gesundheit-ernaehrung">
            <catDesc>Gesundheit_Ernaehrung</catDesc>
            <category id="topic.gesundheit-ernaehrung.ernaehrung">
              <catDesc>Gesundheit_Ernaehrung:Ernaehrung</catDesc>
            </category>
            <category id="topic.gesundheit-ernaehrung.gesundheit">
              <catDesc>Gesundheit_Ernaehrung:Gesundheit</catDesc>
            </category>
          </category>
          <category id="topic.kultur">
            <catDesc>Kultur</catDesc>
            <category id="topic.kultur.bildende-kunst">
              <catDesc>Kultur:Bildende Kunst</catDesc>
            </category>
            <category id="topic.kultur.darstellende-kunst">
              <catDesc>Kultur:Darstellende Kunst</catDesc>
            </category>
            <category id="topic.kultur.film">
              <catDesc>Kultur:Film</catDesc>
            </category>
            <category id="topic.kultur.literatur">
              <catDesc>Kultur:Literatur</catDesc>
            </category>
            <category id="topic.kultur.mode">
              <catDesc>Kultur:Mode</catDesc>
            </category>
            <category id="topic.kultur.musik">
              <catDesc>Kultur:Musik</catDesc>
            </category>
          </category>
          <category id="topic.natur-umwelt">
            <catDesc>Natur_Umwelt</catDesc>
            <category id="topic.natur-umwelt.garten">
              <catDesc>Natur_Umwelt:Garten</catDesc>
            </category>
            <category id="topic.natur-umwelt.tiere">
              <catDesc>Natur_Umwelt:Tiere</catDesc>
            </category>
            <category id="topic.natur-umwelt.wetter-klima">
              <catDesc>Natur_Umwelt:Wetter_Klima</catDesc>
            </category>
          </category>
          <category id="topic.politik">
            <catDesc>Politik</catDesc>
            <category id="topic.politik.ausland">
              <catDesc>Politik:Ausland</catDesc>
            </category>
            <category id="topic.politik.inland">
              <catDesc>Politik:Inland</catDesc>
            </category>
            <category id="topic.politik.kommunalpolitik">
              <catDesc>Politik:Kommunalpolitik</catDesc>
            </category>
          </category>
          <category id="topic.rest">
            <catDesc>Rest</catDesc>
            <category id="topic.rest.boersenkurse">
              <catDesc>Rest:boersenkurse</catDesc>
            </category>
            <category id="topic.rest.geburt-tod-heirat">
              <catDesc>Rest:geburt_tod_heirat</catDesc>
            </category>
            <category id="topic.rest.impressum">
              <catDesc>Rest:impressum</catDesc>
            </category>
            <category id="topic.rest.inhaltsverzeichnisse">
              <catDesc>Rest:inhaltsverzeichnisse</catDesc>
            </category>
            <category id="topic.rest.ligatabellen">
              <catDesc>Rest:ligatabellen</catDesc>
            </category>
            <category id="topic.rest.tabellen">
              <catDesc>Rest:tabellen</catDesc>
            </category>
            <category id="topic.rest.veranstaltungshinweise">
              <catDesc>Rest:veranstaltungshinweise</catDesc>
            </category>
          </category>
          <category id="topic.sport">
            <catDesc>Sport</catDesc>
            <category id="topic.sport.ballsport">
              <catDesc>Sport:Ballsport</catDesc>
            </category>
            <category id="topic.sport.fussball">
              <catDesc>Sport:Fussball</catDesc>
            </category>
            <category id="topic.sport.motorsport">
              <catDesc>Sport:Motorsport</catDesc>
            </category>
            <category id="topic.sport.radsport">
              <catDesc>Sport:Radsport</catDesc>
            </category>
            <category id="topic.sport.tennis">
              <catDesc>Sport:Tennis</catDesc>
            </category>
            <category id="topic.sport.vermischtes">
              <catDesc>Sport:Vermischtes</catDesc>
            </category>
            <category id="topic.sport.wintersport">
              <catDesc>Sport:Wintersport</catDesc>
            </category>
          </category>
          <category id="topic.staat-gesellschaft">
            <catDesc>Staat_Gesellschaft</catDesc>
            <category id="topic.staat-gesellschaft.arbeit-und-beruf">
              <catDesc>Staat_Gesellschaft:Arbeit_und_Beruf</catDesc>
            </category>
            <category id="topic.staat-gesellschaft.bildung">
              <catDesc>Staat_Gesellschaft:Bildung</catDesc>
            </category>
            <category id="topic.staat-gesellschaft.biographien-interviews">
              <catDesc>Staat_Gesellschaft:Biographien_Interviews</catDesc>
            </category>
            <category id="topic.staat-gesellschaft.drittes-reich-rechtsextremismus">
              <catDesc>Staat_Gesellschaft:Drittes_Reich_Rechtsextremismus</catDesc>
            </category>
            <category id="topic.staat-gesellschaft.familie-geschlecht">
              <catDesc>Staat_Gesellschaft:Familie_Geschlecht</catDesc>
            </category>
            <category id="topic.staat-gesellschaft.kirche">
              <catDesc>Staat_Gesellschaft:Kirche</catDesc>
            </category>
            <category id="topic.staat-gesellschaft.recht">
              <catDesc>Staat_Gesellschaft:Recht</catDesc>
            </category>
            <category id="topic.staat-gesellschaft.tod">
              <catDesc>Staat_Gesellschaft:Tod</catDesc>
            </category>
            <category id="topic.staat-gesellschaft.verbrechen">
              <catDesc>Staat_Gesellschaft:Verbrechen</catDesc>
            </category>
          </category>
          <category id="topic.technik-industrie">
            <catDesc>Technik_Industrie</catDesc>
            <category id="topic.technik-industrie.edv-elektronik">
              <catDesc>Technik_Industrie:EDV_Elektronik</catDesc>
            </category>
            <category id="topic.technik-industrie.kfz">
              <catDesc>Technik_Industrie:Kfz</catDesc>
            </category>
            <category id="topic.technik-industrie.transport-verkehr">
              <catDesc>Technik_Industrie:Transport_Verkehr</catDesc>
            </category>
            <category id="topic.technik-industrie.umweltschutz">
              <catDesc>Technik_Industrie:Umweltschutz</catDesc>
            </category>
            <category id="topic.technik-industrie.unfaelle">
              <catDesc>Technik_Industrie:Unfaelle</catDesc>
            </category>
          </category>
          <category id="topic.wirtschaft-finanzen">
            <catDesc>Wirtschaft_Finanzen</catDesc>
            <category id="topic.wirtschaft-finanzen.banken">
              <catDesc>Wirtschaft_Finanzen:Banken</catDesc>
            </category>
            <category id="topic.wirtschaft-finanzen.bilanzen">
              <catDesc>Wirtschaft_Finanzen:Bilanzen</catDesc>
            </category>
            <category id="topic.wirtschaft-finanzen.oeffentliche-finanzen">
              <catDesc>Wirtschaft_Finanzen:Oeffentliche_Finanzen</catDesc>
            </category>
            <category id="topic.wirtschaft-finanzen.sozialprodukt">
              <catDesc>Wirtschaft_Finanzen:Sozialprodukt</catDesc>
            </category>
            <category id="topic.wirtschaft-finanzen.waehrung">
              <catDesc>Wirtschaft_Finanzen:Waehrung</catDesc>
            </category>
          </category>
          <category id="topic.wissenschaft">
            <catDesc>Wissenschaft</catDesc>
            <category id="topic.wissenschaft.populaerwissenschaft">
              <catDesc>Wissenschaft:Populaerwissenschaft</catDesc>
            </category>
          </category>
          <category id="topic.unklassifizierbar">
            <catDesc>Text ist thematisch nicht klassifizierbar.</catDesc>
          </category>
        </taxonomy>
        <taxonomy id="handlungsbereiche">
          <category id="h1000000">
            <gloss xml:lang="de">Professionelle Chats</gloss>
            <gloss type="desc" xml:lang="de">Professionelle Chats: Chat-Veranstaltungen im
                     Hochschulkontext, Chat-Beratung, Chats im Medienkontext</gloss>
            <category id="h1100000">
              <gloss xml:lang="de">Hochschulkontext</gloss>
              <gloss type="desc" xml:lang="de">Chat-Veranstaltungen im
                        Hochschulkontext</gloss>
              <category id="h1101000">
                <gloss xml:lang="de">CvK-Seminar</gloss>
                <gloss type="desc" xml:lang="de">Mitschnitte aus einem
                           Blended-Learning-Seminar Computervermittelte Kommunikation (Zwei Experten
                           einer Universität, WS 2004/05)</gloss>
              </category>
              <category id="h1102000">
                <gloss xml:lang="de">Lexikographie-Seminar</gloss>
                <gloss type="desc" xml:lang="de">Komplettmitschnitt eines virtuellen
                           Seminars zu Lexikographie und Wörterbuchbenutzung (Fünf Experten von drei
                           Universitäten, WS 2002/03)</gloss>
              </category>
              <category id="h1103000">
                <gloss xml:lang="de">DigiLit-Seminar</gloss>
                <gloss type="desc" xml:lang="de">One-to-one-Expertenchats zu einem
                           Hauptseminar zu Literatur und Theatralität in digitalen Medien (Zwei
                           Experten einer Universität, WS 2003/04)</gloss>
              </category>
              <category id="h1104000">
                <gloss xml:lang="de">Quizrunden</gloss>
                <gloss type="desc" xml:lang="de">Chatbasierte Quizrunden im Rahmen eines
                           Begleitevents zu drei Seminaren zu grammatischem Grundwissen (Vier
                           Experten von drei Universitäten, SS 2003)</gloss>
              </category>
              <category id="h1105000">
                <gloss xml:lang="de">CK-Seminar</gloss>
                <gloss type="desc" xml:lang="de">Expertenchat zu einem Seminar zu
                           Chat-Kommunikation" (Ein Experte von einer pädagogischen Hochschule, WS
                           2004/05)</gloss>
              </category>
              <category id="h1106000">
                <gloss xml:lang="de">Expertenchats-Vergleich</gloss>
                <gloss type="desc" xml:lang="de">Vergleichskorpus mit chatbasierten
                           Experten-Fragestunden im Rahmen von Seminarveranstaltungen</gloss>
              </category>
              <category id="h1107000">
                <gloss xml:lang="de">Kollektives Experten-Interview</gloss>
                <gloss type="desc" xml:lang="de">Kollektives Experten-Interview zum Thema
                           Chat-Kommunikation</gloss>
              </category>
            </category>
            <category id="h1200000">
              <gloss xml:lang="de">Beratung</gloss>
              <gloss type="desc" xml:lang="de">Chat-Beratung</gloss>
              <category id="h1202000">
                <gloss>Studienberatung</gloss>
                <gloss type="desc" xml:lang="de">Themenbezogene Chats einer universitären
                           Studierendenberatung</gloss>
              </category>
              <category id="h1203000">
                <gloss>Beratung Bibliotheksauskunft</gloss>
                <gloss type="desc" xml:lang="de">Chatbasierte Bibliotheksauskunft on
                           demand</gloss>
              </category>
              <category id="h1204000">
                <gloss>Beratung durch ebay-Expertin</gloss>
                <gloss type="desc" xml:lang="de">Chatbasierte "Experten-Fragestunden" zum
                           Thema Online-Auktionen</gloss>
              </category>
            </category>
            <category id="h1300000">
              <gloss xml:lang="de">Medienkontext</gloss>
              <gloss type="desc" xml:lang="de">Chats im Medienkontext: Chat-Events mit
                        Politikern/Prominenten/Experten</gloss>
              <category id="h1301000">
                <gloss>Chat in Politikportal</gloss>
                <gloss type="desc" xml:lang="de">Chat-Events in Politikportal</gloss>
              </category>
              <category id="h1302000">
                <gloss>Chat zu TV-Sendung</gloss>
                <gloss type="desc" xml:lang="de">Chat-Events zu TV-Doku-Soap</gloss>
              </category>
              <category id="h1303000">
                <gloss>Chat zu TV-Polittalk</gloss>
                <gloss type="desc" xml:lang="de">Chat-Events im Anschluss an
                           TV-Polit-Talkshow</gloss>
              </category>
              <category id="h1304000">
                <gloss>Chat auf Nachrichtenwebsite</gloss>
                <gloss type="desc" xml:lang="de">Chat-Events auf Nachrichtenwebsite</gloss>
              </category>
              <category id="h1305000">
                <gloss>Expertenchats zu TV-Sendungen</gloss>
                <gloss type="desc" xml:lang="de">Chat-Events auf TV-Sender-Website</gloss>
              </category>
              <category id="h1306000">
                <gloss>Promichat in Medienportal</gloss>
                <gloss type="desc" xml:lang="de">Chat-Events in Medienportal</gloss>
              </category>
            </category>
          </category>
          <category id="h2000000">
            <gloss xml:lang="de">Plauder-Chats</gloss>
            <gloss type="desc" xml:lang="de">Plauder-Chats</gloss>
            <category id="h2100000">
              <gloss xml:lang="de">Im Medienkontext</gloss>
              <gloss type="desc" xml:lang="de">Plauder-Chats im Medienkontext</gloss>
              <category id="h2101000">
                <gloss>Tour de France 2003</gloss>
                <gloss type="desc" xml:lang="de">Komplettmitschnitt des begleitenden Chats
                           zur TV-Übertragung der Tour de France 2003</gloss>
              </category>
              <category id="h2102000">
                <gloss>Chat in Politikportal</gloss>
                <gloss type="desc" xml:lang="de">Freie Userchats in Politikportal</gloss>
              </category>
              <category id="h2103000">
                <gloss>Chat zu TV-Polittalk</gloss>
                <gloss type="desc" xml:lang="de">Freie Userchats zu TV-Polittalk</gloss>
              </category>
            </category>
            <category id="h2200000">
              <gloss xml:lang="de">Ausserhalb Medienkontext</gloss>
              <gloss type="desc" xml:lang="de">Plauder-Chats außerhalb von
                        Medienkontexten</gloss>
              <category id="h2210000">
                <gloss xml:lang="de">IRC</gloss>
                <gloss type="desc" xml:lang="de">IRC (Internet-Relay-Chat)</gloss>
                <category id="h2211000">
                  <gloss>Internet-Relay-Chat Netzwerk 1</gloss>
                  <gloss type="desc" xml:lang="de">Channel 1 ---&gt; Netzwerk 1</gloss>
                </category>
                <category id="h2212000">
                  <gloss>Internet-Relay-Chat Netzwerk 2</gloss>
                  <gloss type="desc" xml:lang="de">Channel 2 ---&gt; Netzwerk 2</gloss>
                </category>
                <category id="h2213000">
                  <gloss>Internet-Relay-Chat Netzwerk 3</gloss>
                  <gloss type="desc" xml:lang="de">Channel 3 ---&gt; Netzwerk 3</gloss>
                </category>
              </category>
              <category id="h2220000">
                <gloss xml:lang="de">Webchat</gloss>
                <gloss type="desc" xml:lang="de">Webchat</gloss>
                <category id="h2221000">
                  <gloss>Studierenden-Community-Webchat</gloss>
                  <gloss type="desc" xml:lang="de">Studierenden-Community-Webchat</gloss>
                </category>
                <category id="h2222000">
                  <gloss>Webchat</gloss>
                  <gloss type="desc" xml:lang="de">Webchat</gloss>
                </category>
                <category id="h2223000">
                  <gloss>Nagetier-Chat</gloss>
                  <gloss type="desc" xml:lang="de">Nagetier-Chat</gloss>
                </category>
              </category>
            </category>
          </category>
        </taxonomy>
      </classDecl>
    </encodingDesc>
    <profileDesc>
      <langUsage Default="n">
        <language id="de" usage="100">Deutsch</language>
      </langUsage>
      <textDesc Default="n"/>
    </profileDesc>
    <revisionDesc id="revisionDesc" status="draft">
      <change n="1" status="draft" who="#e5">CLARIN-D TEI, Version 2.1, May 2017</change>
      <change n="2" status="draft" who="#e5">CLARIN-D TEI, Version 2.2, 2017-11-06T13:54:16.32+01:00</change>
      <change n="3" status="draft" who="#e5">I5, Version 2.2, using clarin2ids_v2.2, 2022-03-30T17:39:02.779+02:00</change>
    </revisionDesc>
  </idsHeader>