<?xml version="1.0" encoding="UTF-8"?>
<idsHeader TEIform="teiHeader" pattern="text" status="new" type="text" version="1.0">
        <fileDesc>
          <titleStmt>
            <textSigle>DCK/CPR.00090</textSigle>
            <t.title>DCK/CPR.00090 1301002_Politchat_Walter_Riester_15-08-2002, [Chat-Logfile], In: Dortmunder Chatkorpus, Professionelle Chats</t.title>
            <editor>
              <orgName full="yes" instant="false">CLARIN-D curation project ChatCorpus2CLARIN, 2015-2016</orgName>
            </editor>
            <respStmt>
              <persName full="yes" id="f1301002.e1" instant="false">Michael Beißwenger</persName>
              <persName full="yes" id="f1301002.e2" instant="false">Angelika Storrer</persName>
              <persName full="yes" id="f1301002.e3" instant="false">Eric Ehrhardt</persName>
              <persName full="yes" id="f1301002.e4" instant="false">Axel Herold</persName>
              <persName full="yes" id="f1301002.e5" instant="false">Harald Lüngen</persName>
            
            <!--Members of the project ChatCorpus2CLARIN 2015-2016--></respStmt>
            <respStmt>
              <persName full="yes" id="f1301002.e6" instant="false">Claudia Beißwanger</persName>
              <persName full="yes" id="f1301002.e7" instant="false">Bianca Selzam</persName>
              <orgName full="yes" id="f1301002.e8" instant="false">Universität des Saarlandes</orgName>
              <persName full="yes" id="f1301002.e9" instant="false">Laura Herzberg</persName>
            
            <!--Support, see revisionDesc--></respStmt>
          </titleStmt>
          <publicationStmt>
            <distributor>CLARIN centre Institut für Deutsche Sprache, Mannheim and CLARIN
                        centre Berlin-Brandenburgische Akademie der Wissenschaften</distributor>
            <pubAddress/>
            <idno>1301002</idno>
            <availability Default="n" region="world" status="unknown">CC-BY 4.0</availability>
            <pubDate type="year">2016</pubDate>
          </publicationStmt>
          <sourceDesc Default="n">
            <p part="N">
              <list type="Recording Statement">
                <item>plattformName=<name full="yes" instant="false" type="OTH">[_CHATPLATFORMNAME_]</name></item>
                <item>plattformURL=<ref type="URL">[_WWWURL_]</ref></item>
                <item>recording responsibility=<persName full="yes" id="f1301002.p1" instant="false">Claudia Beißwanger</persName></item>
                <item>
                  <date instant="false">2002-08-15</date>
                </item>
                <item>
                  <time from="09:21:00" instant="false" to="10:21:00"/>
                </item>
              </list>
            </p>
            <biblStruct Default="n" status="draft">
              <analytic>
                <h.title type="main">Chat: 1301002_Politchat_Walter_Riester_15-08-2002</h.title>
                <h.author/>
                <imprint>
                  <pubDate>2009</pubDate>
                </imprint>
              </analytic>
              <monogr>
                <h.title type="main">Dortmunder Chatkorpus</h.title>
                <editor corresp="#f1301002.e2">Angelika Storrer</editor>
                <editor corresp="#f1301002.e1">Michael Beißwenger</editor>
                <imprint>
                  <publisher>Institut für deutsche Sprache und Literatur der
                                    Technischen Universität Dortmund</publisher>
                  <pubPlace> Dortmund</pubPlace>
                  <pubDate>2009</pubDate>
                </imprint>
                <biblNote>http://www.chatkorpus.tu-dortmund.de/</biblNote>
              </monogr>
            </biblStruct>
            <reference type="complete">DCK/CPR.00090 Chat: 1301002_Politchat_Walter_Riester_15-08-2002, In: Dortmunder Chatkorpus, Professionelle Chats, 15.8.2002</reference>
            <reference type="short">DCK/CPR.00090 Politchat (15.8.2002)</reference>
          </sourceDesc>
        </fileDesc>
        <encodingDesc>
          <editorialDecl Default="n">
            <pagination type="no"/>
            <transduction Default="n">POS-annotations according to STTS 2.0 by Universität des Saarlandes, see
                            Beißwenger, Michael; Ehrhardt, Eric; Horbach, Andrea; Lüngen,
                            Harald; Steffen, Diana; Storrer, Angelika (2015): Adding Value to CMC
                            Corpora: CLARINification and Part-of-Speech Annotation of the Dortmund
                            Chat Corpus. In: Proceedings of the 2nd Workshop on Natural Language
                            Processing for Computer-Mediated Communication / Social Media
                            (NLP4CMC2015). Essen, 12-16. https://sites.google.com/site/nlp4cmc2015/program</transduction>
          </editorialDecl>
          <tagsDecl>
            <tagUsage gi="sex">estimated on the basis of the nick name</tagUsage>
            <tagUsage gi="w" occurs="3199">used to mark a single token</tagUsage>
            <tagUsage gi="post" occurs="157">used to mark a single posting</tagUsage>
          </tagsDecl>
        </encodingDesc>
        <profileDesc>
          <particDesc Default="n">
            <listPerson Default="n">
              <person id="f1301002.A01_System" instant="false" role="system" sex="system">
                <persName full="yes" instant="false" type="nickname">system</persName>
                <note anchored="true">sex estimated on the basis of the nickname</note>
              </person>
              <person id="f1301002.A02" instant="false" role="celebrity" sex="male">
                <persName full="yes" instant="false" type="nickname">Walter Riester</persName>
                <note anchored="true">sex estimated on the basis of the nickname</note>
              </person>
              <person id="f1301002.A03" instant="false" role="moderator2" sex="unknown">
                <persName full="yes" instant="false" type="nickname">[_MODERATOR2-A03_]</persName>
                <note anchored="true">sex estimated on the basis of the nickname</note>
              </person>
              <person id="f1301002.A04" instant="false" role="moderator" sex="male">
                <persName full="yes" instant="false" type="nickname">[_MALE-MODERATOR-A04_]</persName>
                <note anchored="true">sex estimated on the basis of the nickname</note>
              </person>
              <person id="f1301002.A05" instant="false" role="participant" sex="male">
                <persName full="yes" instant="false" type="nickname">[_MALE-PARTICIPANT-A05_]</persName>
                <note anchored="true">sex estimated on the basis of the nickname</note>
              </person>
              <person id="f1301002.A06" instant="false" role="participant" sex="unknown">
                <persName full="yes" instant="false" type="nickname">[_PARTICIPANT-A06_]</persName>
                <note anchored="true">sex estimated on the basis of the nickname</note>
              </person>
              <person id="f1301002.A07" instant="false" role="participant" sex="female">
                <persName full="yes" instant="false" type="nickname">[_FEMALE-PARTICIPANT-A07_]</persName>
                <note anchored="true">sex estimated on the basis of the nickname</note>
              </person>
              <person id="f1301002.A08" instant="false" role="participant" sex="male">
                <persName full="yes" instant="false" type="nickname">[_MALE-PARTICIPANT-A08_]</persName>
                <note anchored="true">sex estimated on the basis of the nickname</note>
              </person>
              <person id="f1301002.A09" instant="false" role="participant" sex="male">
                <persName full="yes" instant="false" type="nickname">[_MALE-PARTICIPANT-A09_]</persName>
                <note anchored="true">sex estimated on the basis of the nickname</note>
              </person>
              <person id="f1301002.A10" instant="false" role="participant" sex="male">
                <persName full="yes" instant="false" type="nickname">[_MALE-PARTICIPANT-A10_]</persName>
                <note anchored="true">sex estimated on the basis of the nickname</note>
              </person>
              <person id="f1301002.A11" instant="false" role="participant" sex="male">
                <persName full="yes" instant="false" type="nickname">[_MALE-PARTICIPANT-A11_]</persName>
                <note anchored="true">sex estimated on the basis of the nickname</note>
              </person>
              <person id="f1301002.A12" instant="false" role="participant" sex="male">
                <persName full="yes" instant="false" type="nickname">[_MALE-PARTICIPANT-A12_]</persName>
                <note anchored="true">sex estimated on the basis of the nickname</note>
              </person>
              <person id="f1301002.A13" instant="false" role="participant" sex="male">
                <persName full="yes" instant="false" type="nickname">[_MALE-PARTICIPANT-A13_]</persName>
                <note anchored="true">sex estimated on the basis of the nickname</note>
              </person>
              <person id="f1301002.A14" instant="false" role="participant" sex="female">
                <persName full="yes" instant="false" type="nickname">[_FEMALE-PARTICIPANT-A14_]</persName>
                <note anchored="true">sex estimated on the basis of the nickname</note>
              </person>
              <person id="f1301002.A15" instant="false" role="participant" sex="unknown">
                <persName full="yes" instant="false" type="nickname">[_PARTICIPANT-A15_]</persName>
                <note anchored="true">sex estimated on the basis of the nickname</note>
              </person>
              <person id="f1301002.A16" instant="false" role="participant" sex="unknown">
                <persName full="yes" instant="false" type="nickname">[_PARTICIPANT-A16_]</persName>
                <note anchored="true">sex estimated on the basis of the nickname</note>
              </person>
              <person id="f1301002.A17" instant="false" role="participant" sex="unknown">
                <persName full="yes" instant="false" type="nickname">[_PARTICIPANT-A17_]</persName>
                <note anchored="true">sex estimated on the basis of the nickname</note>
              </person>
              <person id="f1301002.A18" instant="false" role="participant" sex="unknown">
                <persName full="yes" instant="false" type="nickname">[_PARTICIPANT-A18_]</persName>
                <note anchored="true">sex estimated on the basis of the nickname</note>
              </person>
              <person id="f1301002.A19" instant="false" role="participant" sex="unknown">
                <persName full="yes" instant="false" type="nickname">[_PARTICIPANT-A19_]</persName>
                <note anchored="true">sex estimated on the basis of the nickname</note>
              </person>
              <person id="f1301002.A20" instant="false" role="participant" sex="unknown">
                <persName full="yes" instant="false" type="nickname">[_PARTICIPANT-A20_]</persName>
                <note anchored="true">sex estimated on the basis of the nickname</note>
              </person>
              <person id="f1301002.A21" instant="false" role="participant" sex="male">
                <persName full="yes" instant="false" type="nickname">[_MALE-PARTICIPANT-A21_]</persName>
                <note anchored="true">sex estimated on the basis of the nickname</note>
              </person>
              <person id="f1301002.A22" instant="false" role="participant" sex="male">
                <persName full="yes" instant="false" type="nickname">[_MALE-PARTICIPANT-A22_]</persName>
                <note anchored="true">sex estimated on the basis of the nickname</note>
              </person>
              <person id="f1301002.A23" instant="false" role="participant" sex="male">
                <persName full="yes" instant="false" type="nickname">[_MALE-PARTICIPANT-A23_]</persName>
                <note anchored="true">sex estimated on the basis of the nickname</note>
              </person>
              <person id="f1301002.A24" instant="false" role="participant" sex="female">
                <persName full="yes" instant="false" type="nickname">[_FEMALE-PARTICIPANT-A24_]</persName>
                <note anchored="true">sex estimated on the basis of the nickname</note>
              </person>
              <person id="f1301002.A25" instant="false" role="participant" sex="male">
                <persName full="yes" instant="false" type="nickname">[_MALE-PARTICIPANT-A25_]</persName>
                <note anchored="true">sex estimated on the basis of the nickname</note>
              </person>
              <person id="f1301002.A26" instant="false" role="participant" sex="unknown">
                <persName full="yes" instant="false" type="nickname">[_PARTICIPANT-A26_]</persName>
                <note anchored="true">sex estimated on the basis of the nickname</note>
              </person>
              <person id="f1301002.A27" instant="false" role="participant" sex="male">
                <persName full="yes" instant="false" type="nickname">[_MALE-PARTICIPANT-A27_]</persName>
                <note anchored="true">sex estimated on the basis of the nickname</note>
              </person>
              <person id="f1301002.A28" instant="false" role="participant" sex="unknown">
                <persName full="yes" instant="false" type="nickname">[_PARTICIPANT-A28_]</persName>
                <note anchored="true">sex estimated on the basis of the nickname</note>
              </person>
              <person id="f1301002.A29" instant="false" role="participant" sex="male">
                <persName full="yes" instant="false" type="nickname">[_MALE-PARTICIPANT-A29_]</persName>
                <note anchored="true">sex estimated on the basis of the nickname</note>
              </person>
              <person id="f1301002.A30" instant="false" role="participant" sex="male">
                <persName full="yes" instant="false" type="nickname">[_MALE-PARTICIPANT-A30_]</persName>
                <note anchored="true">sex estimated on the basis of the nickname</note>
              </person>
              <person id="f1301002.A31" instant="false" role="participant" sex="male">
                <persName full="yes" instant="false" type="nickname">[_MALE-PARTICIPANT-A31_]</persName>
                <note anchored="true">sex estimated on the basis of the nickname</note>
              </person>
            </listPerson>
          </particDesc>
          <settingDesc Default="n">
            <setting>
              <activity/>
            </setting>
          </settingDesc>
          <textClass Default="n">
            <catRef scheme="handlungsbereiche" target="h1301000"/>
            <catRef n="1" scheme="topic" target="topic.staat-gesellschaft.arbeit-und-beruf"/>
          </textClass>
          <textDesc Default="n">
            <textType>Chat</textType>
            <textTypeRef>Chat-Logfile</textTypeRef>
            <textTypeArt>Chat:Chat-Logfile</textTypeArt>
          </textDesc>
          <creation>
            <creatDate>2002.08.15</creatDate>
            <creatRef>(Posting: 15.8.2002)</creatRef>
            <creatRefShort>(Posting: 15.8.2002)</creatRefShort>
          </creation>
        </profileDesc>
        <revisionDesc id="f1301002.revisionDesc" status="draft">
          <change n="1" status="draft" who="#f1301002.e6">chatXML: plattformName, plattformURL, recDate, recStart, recEnd, recBy, estimatedGender eingetragen</change>
          <change n="2" status="draft" who="#f1301002.e7">chatXML: NOM und NOT für jeden Creator eingefügt</change>
          <change n="3" status="draft" who="#f1301002.e7">chatXML: Datei umbenannt, estimatedGender ergänzt</change>
          <change n="4" status="draft" who="#f1301002.e8">chatXML: tokenisiert,getaggt,lemmatisiert</change>
          <change n="5" status="draft" who="#f1301002.e5">conversion to TEI using dcc2clarin.xsl, 2016-05-20T18:35:09.318+02:00</change>
          <change n="6" status="draft" who="#f1301002.e5">basic anonymisation using anonymise.xsl, 2016-05-20T18:50:05.138+02:00</change>
          <change n="7" status="draft" who="#f1301002.e5">post-processing, using postprocess-phase-II.xsl, 2016-07-26T17:50:23.406+02:00</change>
          <change n="8" status="draft" who="#f1301002.e9">manual anonymisation, phase III, August-December 2016</change>
          <change n="9" status="draft" who="#f1301002.e5">post-processing, using postprocess-phase-III.xsl, 2017-03-24T17:43:20.096+01:00</change>
        </revisionDesc>
      </idsHeader>