<?xml version="1.0" encoding="UTF-8"?>
<idsHeader TEIform="teiHeader" pattern="text" status="new" type="text" version="1.0">
        <fileDesc>
          <titleStmt>
            <textSigle>DCK/CPR.00086</textSigle>
            <t.title>DCK/CPR.00086 1306049_Promichat-in-Medienportal_Melchior_Ehrler_31-05-2001, [Chat-Logfile], In: Dortmunder Chatkorpus, Professionelle Chats</t.title>
            <editor>
              <orgName full="yes" instant="false">CLARIN-D curation project ChatCorpus2CLARIN, 2015-2016</orgName>
            </editor>
            <respStmt>
              <persName full="yes" id="f1306049.e1" instant="false">Michael Beißwenger</persName>
              <persName full="yes" id="f1306049.e2" instant="false">Angelika Storrer</persName>
              <persName full="yes" id="f1306049.e3" instant="false">Eric Ehrhardt</persName>
              <persName full="yes" id="f1306049.e4" instant="false">Axel Herold</persName>
              <persName full="yes" id="f1306049.e5" instant="false">Harald Lüngen</persName>
            
            <!--Members of the project ChatCorpus2CLARIN 2015-2016--></respStmt>
            <respStmt>
              <persName full="yes" id="f1306049.e6" instant="false">Bianca Selzam</persName>
              <orgName full="yes" id="f1306049.e7" instant="false">Universität des Saarlandes</orgName>
              <persName full="yes" id="f1306049.e8" instant="false">Laura Herzberg</persName>
            
            <!--Support, see revisionDesc--></respStmt>
          </titleStmt>
          <publicationStmt>
            <distributor>CLARIN centre Institut für Deutsche Sprache, Mannheim and CLARIN
                        centre Berlin-Brandenburgische Akademie der Wissenschaften</distributor>
            <pubAddress/>
            <idno>1306049</idno>
            <availability Default="n" region="world" status="unknown">CC-BY 4.0</availability>
            <pubDate type="year">2016</pubDate>
          </publicationStmt>
          <sourceDesc Default="n">
            <p part="N">
              <list type="Recording Statement">
                <item>plattformName=<name full="yes" instant="false" type="OTH">[_CHATPLATFORMNAME_]</name></item>
                <item>plattformURL=<ref type="URL">[_WWWURL_]</ref></item>
                <item>recording responsibility=<persName full="yes" id="f1306049.p1" instant="false">unknown</persName></item>
                <item>
                  <date instant="false">2001-05-31</date>
                </item>
                <item>
                  <time instant="false">unknown</time>
                </item>
              </list>
            </p>
            <biblStruct Default="n" status="draft">
              <analytic>
                <h.title type="main">Chat: 1306049_Promichat-in-Medienportal_Melchior_Ehrler_31-05-2001</h.title>
                <h.author/>
                <imprint>
                  <pubDate>2009</pubDate>
                </imprint>
              </analytic>
              <monogr>
                <h.title type="main">Dortmunder Chatkorpus</h.title>
                <editor corresp="#f1306049.e2">Angelika Storrer</editor>
                <editor corresp="#f1306049.e1">Michael Beißwenger</editor>
                <imprint>
                  <publisher>Institut für deutsche Sprache und Literatur der
                                    Technischen Universität Dortmund</publisher>
                  <pubPlace> Dortmund</pubPlace>
                  <pubDate>2009</pubDate>
                </imprint>
                <biblNote>http://www.chatkorpus.tu-dortmund.de/</biblNote>
              </monogr>
            </biblStruct>
            <reference type="complete">DCK/CPR.00086 Chat: 1306049_Promichat-in-Medienportal_Melchior_Ehrler_31-05-2001, In: Dortmunder Chatkorpus, Professionelle Chats, 31.5.2001</reference>
            <reference type="short">DCK/CPR.00086 Promichat-in-Medienportal (31.5.2001)</reference>
          </sourceDesc>
        </fileDesc>
        <encodingDesc>
          <editorialDecl Default="n">
            <pagination type="no"/>
            <transduction Default="n">POS-annotations according to STTS 2.0 by Universität des Saarlandes, see
                            Beißwenger, Michael; Ehrhardt, Eric; Horbach, Andrea; Lüngen,
                            Harald; Steffen, Diana; Storrer, Angelika (2015): Adding Value to CMC
                            Corpora: CLARINification and Part-of-Speech Annotation of the Dortmund
                            Chat Corpus. In: Proceedings of the 2nd Workshop on Natural Language
                            Processing for Computer-Mediated Communication / Social Media
                            (NLP4CMC2015). Essen, 12-16. https://sites.google.com/site/nlp4cmc2015/program</transduction>
          </editorialDecl>
          <tagsDecl>
            <tagUsage gi="sex">estimated on the basis of the nick name</tagUsage>
            <tagUsage gi="w" occurs="2643">used to mark a single token</tagUsage>
            <tagUsage gi="post" occurs="93">used to mark a single posting</tagUsage>
          </tagsDecl>
        </encodingDesc>
        <profileDesc>
          <particDesc Default="n">
            <listPerson Default="n">
              <person id="f1306049.A01" instant="false" role="participant" sex="female">
                <persName full="yes" instant="false" type="nickname">[_FEMALE-PARTICIPANT-A01_]</persName>
                <note anchored="true">sex estimated on the basis of the nickname</note>
              </person>
              <person id="f1306049.A02" instant="false" role="celebrity" sex="male">
                <persName full="yes" instant="false" type="nickname">Melchior Ehrler</persName>
                <note anchored="true">sex estimated on the basis of the nickname</note>
              </person>
              <person id="f1306049.A03" instant="false" role="participant" sex="male">
                <persName full="yes" instant="false" type="nickname">[_MALE-PARTICIPANT-A03_]</persName>
                <note anchored="true">sex estimated on the basis of the nickname</note>
              </person>
              <person id="f1306049.A04" instant="false" role="participant" sex="unknown">
                <persName full="yes" instant="false" type="nickname">[_PARTICIPANT-A04_]</persName>
                <note anchored="true">sex estimated on the basis of the nickname</note>
              </person>
              <person id="f1306049.A05" instant="false" role="participant" sex="female">
                <persName full="yes" instant="false" type="nickname">[_FEMALE-PARTICIPANT-A05_]</persName>
                <note anchored="true">sex estimated on the basis of the nickname</note>
              </person>
              <person id="f1306049.A06" instant="false" role="participant" sex="male">
                <persName full="yes" instant="false" type="nickname">[_MALE-PARTICIPANT-A06_]</persName>
                <note anchored="true">sex estimated on the basis of the nickname</note>
              </person>
              <person id="f1306049.A07" instant="false" role="participant" sex="male">
                <persName full="yes" instant="false" type="nickname">[_MALE-PARTICIPANT-A07_]</persName>
                <note anchored="true">sex estimated on the basis of the nickname</note>
              </person>
              <person id="f1306049.A08" instant="false" role="participant" sex="female">
                <persName full="yes" instant="false" type="nickname">[_FEMALE-PARTICIPANT-A08_]</persName>
                <note anchored="true">sex estimated on the basis of the nickname</note>
              </person>
              <person id="f1306049.A09" instant="false" role="participant" sex="male">
                <persName full="yes" instant="false" type="nickname">[_MALE-PARTICIPANT-A09_]</persName>
                <note anchored="true">sex estimated on the basis of the nickname</note>
              </person>
              <person id="f1306049.A10" instant="false" role="participant" sex="unknown">
                <persName full="yes" instant="false" type="nickname">[_PARTICIPANT-A10_]</persName>
                <note anchored="true">sex estimated on the basis of the nickname</note>
              </person>
              <person id="f1306049.A11" instant="false" role="participant" sex="female">
                <persName full="yes" instant="false" type="nickname">[_FEMALE-PARTICIPANT-A11_]</persName>
                <note anchored="true">sex estimated on the basis of the nickname</note>
              </person>
              <person id="f1306049.A12" instant="false" role="participant" sex="unknown">
                <persName full="yes" instant="false" type="nickname">[_PARTICIPANT-A12_]</persName>
                <note anchored="true">sex estimated on the basis of the nickname</note>
              </person>
              <person id="f1306049.A13" instant="false" role="participant" sex="male">
                <persName full="yes" instant="false" type="nickname">[_MALE-PARTICIPANT-A13_]</persName>
                <note anchored="true">sex estimated on the basis of the nickname</note>
              </person>
              <person id="f1306049.A14" instant="false" role="participant" sex="male">
                <persName full="yes" instant="false" type="nickname">[_MALE-PARTICIPANT-A14_]</persName>
                <note anchored="true">sex estimated on the basis of the nickname</note>
              </person>
              <person id="f1306049.A15" instant="false" role="participant" sex="female">
                <persName full="yes" instant="false" type="nickname">[_FEMALE-PARTICIPANT-A15_]</persName>
                <note anchored="true">sex estimated on the basis of the nickname</note>
              </person>
              <person id="f1306049.A16" instant="false" role="participant" sex="male">
                <persName full="yes" instant="false" type="nickname">[_MALE-PARTICIPANT-A16_]</persName>
                <note anchored="true">sex estimated on the basis of the nickname</note>
              </person>
              <person id="f1306049.A17" instant="false" role="participant" sex="male">
                <persName full="yes" instant="false" type="nickname">[_MALE-PARTICIPANT-A17_]</persName>
                <note anchored="true">sex estimated on the basis of the nickname</note>
              </person>
              <person id="f1306049.A18" instant="false" role="participant" sex="unknown">
                <persName full="yes" instant="false" type="nickname">[_PARTICIPANT-A18_]</persName>
                <note anchored="true">sex estimated on the basis of the nickname</note>
              </person>
              <person id="f1306049.A19" instant="false" role="participant" sex="unknown">
                <persName full="yes" instant="false" type="nickname">[_PARTICIPANT-A19_]</persName>
                <note anchored="true">sex estimated on the basis of the nickname</note>
              </person>
              <person id="f1306049.A20" instant="false" role="participant" sex="male">
                <persName full="yes" instant="false" type="nickname">[_MALE-PARTICIPANT-A20_]</persName>
                <note anchored="true">sex estimated on the basis of the nickname</note>
              </person>
              <person id="f1306049.A21" instant="false" role="participant" sex="unknown">
                <persName full="yes" instant="false" type="nickname">[_PARTICIPANT-A21_]</persName>
                <note anchored="true">sex estimated on the basis of the nickname</note>
              </person>
              <person id="f1306049.A22" instant="false" role="participant" sex="male">
                <persName full="yes" instant="false" type="nickname">[_MALE-PARTICIPANT-A22_]</persName>
                <note anchored="true">sex estimated on the basis of the nickname</note>
              </person>
              <person id="f1306049.A23" instant="false" role="participant" sex="female">
                <persName full="yes" instant="false" type="nickname">[_FEMALE-PARTICIPANT-A23_]</persName>
                <note anchored="true">sex estimated on the basis of the nickname</note>
              </person>
              <person id="f1306049.A24" instant="false" role="participant" sex="female">
                <persName full="yes" instant="false" type="nickname">[_FEMALE-PARTICIPANT-A24_]</persName>
                <note anchored="true">sex estimated on the basis of the nickname</note>
              </person>
              <person id="f1306049.A25" instant="false" role="participant" sex="male">
                <persName full="yes" instant="false" type="nickname">[_MALE-PARTICIPANT-A25_]</persName>
                <note anchored="true">sex estimated on the basis of the nickname</note>
              </person>
              <person id="f1306049.A26" instant="false" role="participant" sex="female">
                <persName full="yes" instant="false" type="nickname">[_FEMALE-PARTICIPANT-A26_]</persName>
                <note anchored="true">sex estimated on the basis of the nickname</note>
              </person>
              <person id="f1306049.A27" instant="false" role="participant" sex="female">
                <persName full="yes" instant="false" type="nickname">[_FEMALE-PARTICIPANT-A27_]</persName>
                <note anchored="true">sex estimated on the basis of the nickname</note>
              </person>
              <person id="f1306049.A28" instant="false" role="participant" sex="female">
                <persName full="yes" instant="false" type="nickname">[_FEMALE-PARTICIPANT-A28_]</persName>
                <note anchored="true">sex estimated on the basis of the nickname</note>
              </person>
              <person id="f1306049.A29" instant="false" role="participant" sex="female">
                <persName full="yes" instant="false" type="nickname">[_FEMALE-PARTICIPANT-A29_]</persName>
                <note anchored="true">sex estimated on the basis of the nickname</note>
              </person>
            </listPerson>
          </particDesc>
          <settingDesc Default="n">
            <setting>
              <activity/>
            </setting>
          </settingDesc>
          <textClass Default="n">
            <catRef scheme="handlungsbereiche" target="h1306000"/>
            <catRef n="1" scheme="topic" target="topic.staat-gesellschaft.biographien-interviews"/>
          </textClass>
          <textDesc Default="n">
            <textType>Chat</textType>
            <textTypeRef>Chat-Logfile</textTypeRef>
            <textTypeArt>Chat:Chat-Logfile</textTypeArt>
          </textDesc>
          <creation>
            <creatDate>2001.05.31</creatDate>
            <creatRef>(Posting: 31.5.2001)</creatRef>
            <creatRefShort>(Posting: 31.5.2001)</creatRefShort>
          </creation>
        </profileDesc>
        <revisionDesc id="f1306049.revisionDesc" status="draft">
          <change n="1" status="draft" who="#f1306049.e6">chatXML: Metadaten eingefügt</change>
          <change n="2" status="draft" who="#f1306049.e6">chatXML: Datei umbenannt, estimatedGender ergänzt</change>
          <change n="3" status="draft" who="#f1306049.e7">chatXML: tokenisiert,getaggt,lemmatisiert</change>
          <change n="4" status="draft" who="#f1306049.e5">conversion to TEI using dcc2clarin.xsl, 2016-05-20T18:33:09.915+02:00</change>
          <change n="5" status="draft" who="#f1306049.e5">basic anonymisation using anonymise.xsl, 2016-05-20T18:52:25.016+02:00</change>
          <change n="6" status="draft" who="#f1306049.e5">post-processing, using postprocess-phase-II.xsl, 2016-07-26T17:52:26.877+02:00</change>
          <change n="7" status="draft" who="#f1306049.e8">manual anonymisation, phase III, August-December 2016</change>
          <change n="8" status="draft" who="#f1306049.e5">post-processing, using postprocess-phase-III.xsl, 2017-03-24T17:46:12.862+01:00</change>
        </revisionDesc>
      </idsHeader>