<?xml version="1.0" encoding="UTF-8"?>
<idsHeader TEIform="teiHeader" pattern="text" status="new" type="text" version="1.0">
        <fileDesc>
          <titleStmt>
            <textSigle>DCK/CPR.00044</textSigle>
            <t.title>DCK/CPR.00044 1303003_Politchat-nach-TV-Polittalk_Laurenz_Meyer_userchat_06-10-2002, [Chat-Logfile], In: Dortmunder Chatkorpus, Professionelle Chats</t.title>
            <editor>
              <orgName full="yes" instant="false">CLARIN-D curation project ChatCorpus2CLARIN, 2015-2016</orgName>
            </editor>
            <respStmt>
              <persName full="yes" id="f1303003.e1" instant="false">Michael Beißwenger</persName>
              <persName full="yes" id="f1303003.e2" instant="false">Angelika Storrer</persName>
              <persName full="yes" id="f1303003.e3" instant="false">Eric Ehrhardt</persName>
              <persName full="yes" id="f1303003.e4" instant="false">Axel Herold</persName>
              <persName full="yes" id="f1303003.e5" instant="false">Harald Lüngen</persName>
            
            <!--Members of the project ChatCorpus2CLARIN 2015-2016--></respStmt>
            <respStmt>
              <persName full="yes" id="f1303003.e6" instant="false">Bianca Selzam</persName>
              <orgName full="yes" id="f1303003.e7" instant="false">Universität des Saarlandes</orgName>
              <persName full="yes" id="f1303003.e8" instant="false">Laura Herzberg</persName>
            
            <!--Support, see revisionDesc--></respStmt>
          </titleStmt>
          <publicationStmt>
            <distributor>CLARIN centre Institut für Deutsche Sprache, Mannheim and CLARIN
                        centre Berlin-Brandenburgische Akademie der Wissenschaften</distributor>
            <pubAddress/>
            <idno>1303003</idno>
            <availability Default="n" region="world" status="unknown">CC-BY 4.0</availability>
            <pubDate type="year">2016</pubDate>
          </publicationStmt>
          <sourceDesc Default="n">
            <p part="N">
              <list type="Recording Statement">
                <item>plattformName=<name full="yes" instant="false" type="OTH">[_CHATPLATFORMNAME_]</name></item>
                <item>plattformURL=<ref type="URL">[_WWWURL_]</ref></item>
                <item>recording responsibility=<persName full="yes" id="f1303003.p1" instant="false">unknown</persName></item>
                <item>
                  <date instant="false">2002-10-06</date>
                </item>
                <item>
                  <time instant="false">unknown</time>
                </item>
              </list>
            </p>
            <biblStruct Default="n" status="draft">
              <analytic>
                <h.title type="main">Chat: 1303003_Politchat-nach-TV-Polittalk_Laurenz_Meyer_userchat_06-10-2002</h.title>
                <h.author/>
                <imprint>
                  <pubDate>2009</pubDate>
                </imprint>
              </analytic>
              <monogr>
                <h.title type="main">Dortmunder Chatkorpus</h.title>
                <editor corresp="#f1303003.e2">Angelika Storrer</editor>
                <editor corresp="#f1303003.e1">Michael Beißwenger</editor>
                <imprint>
                  <publisher>Institut für deutsche Sprache und Literatur der
                                    Technischen Universität Dortmund</publisher>
                  <pubPlace> Dortmund</pubPlace>
                  <pubDate>2009</pubDate>
                </imprint>
                <biblNote>http://www.chatkorpus.tu-dortmund.de/</biblNote>
              </monogr>
            </biblStruct>
            <reference type="complete">DCK/CPR.00044 Chat: 1303003_Politchat-nach-TV-Polittalk_Laurenz_Meyer_userchat_06-10-2002, In: Dortmunder Chatkorpus, Professionelle Chats, 6.10.2002</reference>
            <reference type="short">DCK/CPR.00044 Politchat-nach-TV-Polittalk (6.10.2002)</reference>
          </sourceDesc>
        </fileDesc>
        <encodingDesc>
          <editorialDecl Default="n">
            <pagination type="no"/>
            <transduction Default="n">POS-annotations according to STTS 2.0 by Universität des Saarlandes, see
                            Beißwenger, Michael; Ehrhardt, Eric; Horbach, Andrea; Lüngen,
                            Harald; Steffen, Diana; Storrer, Angelika (2015): Adding Value to CMC
                            Corpora: CLARINification and Part-of-Speech Annotation of the Dortmund
                            Chat Corpus. In: Proceedings of the 2nd Workshop on Natural Language
                            Processing for Computer-Mediated Communication / Social Media
                            (NLP4CMC2015). Essen, 12-16. https://sites.google.com/site/nlp4cmc2015/program</transduction>
          </editorialDecl>
          <tagsDecl>
            <tagUsage gi="sex">estimated on the basis of the nick name</tagUsage>
            <tagUsage gi="w" occurs="14264">used to mark a single token</tagUsage>
            <tagUsage gi="post" occurs="1185">used to mark a single posting</tagUsage>
          </tagsDecl>
        </encodingDesc>
        <profileDesc>
          <particDesc Default="n">
            <listPerson Default="n">
              <person id="f1303003.A01" instant="false" role="participant" sex="male">
                <persName full="yes" instant="false" type="nickname">[_MALE-PARTICIPANT-A01_]</persName>
                <note anchored="true">sex estimated on the basis of the nickname</note>
              </person>
              <person id="f1303003.A02" instant="false" role="participant" sex="male">
                <persName full="yes" instant="false" type="nickname">[_MALE-PARTICIPANT-A02_]</persName>
                <note anchored="true">sex estimated on the basis of the nickname</note>
              </person>
              <person id="f1303003.A03" instant="false" role="participant" sex="male">
                <persName full="yes" instant="false" type="nickname">[_MALE-PARTICIPANT-A03_]</persName>
                <note anchored="true">sex estimated on the basis of the nickname</note>
              </person>
              <person id="f1303003.A04" instant="false" role="participant" sex="unknown">
                <persName full="yes" instant="false" type="nickname">[_PARTICIPANT-A04_]</persName>
                <note anchored="true">sex estimated on the basis of the nickname</note>
              </person>
              <person id="f1303003.A05" instant="false" role="participant" sex="male">
                <persName full="yes" instant="false" type="nickname">[_MALE-PARTICIPANT-A05_]</persName>
                <note anchored="true">sex estimated on the basis of the nickname</note>
              </person>
              <person id="f1303003.A06" instant="false" role="participant" sex="male">
                <persName full="yes" instant="false" type="nickname">[_MALE-PARTICIPANT-A06_]</persName>
                <note anchored="true">sex estimated on the basis of the nickname</note>
              </person>
              <person id="f1303003.A07" instant="false" role="participant" sex="male">
                <persName full="yes" instant="false" type="nickname">[_MALE-PARTICIPANT-A07_]</persName>
                <note anchored="true">sex estimated on the basis of the nickname</note>
              </person>
              <person id="f1303003.A08" instant="false" role="participant" sex="unknown">
                <persName full="yes" instant="false" type="nickname">[_PARTICIPANT-A08_]</persName>
                <note anchored="true">sex estimated on the basis of the nickname</note>
              </person>
              <person id="f1303003.A09" instant="false" role="participant" sex="female">
                <persName full="yes" instant="false" type="nickname">[_FEMALE-PARTICIPANT-A09_]</persName>
                <note anchored="true">sex estimated on the basis of the nickname</note>
              </person>
              <person id="f1303003.A10_System" instant="false" role="system" sex="system">
                <persName full="yes" instant="false" type="nickname">system</persName>
                <note anchored="true">sex estimated on the basis of the nickname</note>
              </person>
              <person id="f1303003.A11" instant="false" role="participant" sex="female">
                <persName full="yes" instant="false" type="nickname">[_FEMALE-PARTICIPANT-A11_]</persName>
                <note anchored="true">sex estimated on the basis of the nickname</note>
              </person>
              <person id="f1303003.A12" instant="false" role="participant" sex="male">
                <persName full="yes" instant="false" type="nickname">[_MALE-PARTICIPANT-A12_]</persName>
                <note anchored="true">sex estimated on the basis of the nickname</note>
              </person>
              <person id="f1303003.A13" instant="false" role="participant" sex="unknown">
                <persName full="yes" instant="false" type="nickname">[_PARTICIPANT-A13_]</persName>
                <note anchored="true">sex estimated on the basis of the nickname</note>
              </person>
              <person id="f1303003.A14" instant="false" role="participant" sex="male">
                <persName full="yes" instant="false" type="nickname">[_MALE-PARTICIPANT-A14_]</persName>
                <note anchored="true">sex estimated on the basis of the nickname</note>
              </person>
              <person id="f1303003.A15" instant="false" role="participant" sex="male">
                <persName full="yes" instant="false" type="nickname">[_MALE-PARTICIPANT-A15_]</persName>
                <note anchored="true">sex estimated on the basis of the nickname</note>
              </person>
              <person id="f1303003.A16" instant="false" role="participant" sex="female">
                <persName full="yes" instant="false" type="nickname">[_FEMALE-PARTICIPANT-A16_]</persName>
                <note anchored="true">sex estimated on the basis of the nickname</note>
              </person>
              <person id="f1303003.A17" instant="false" role="participant" sex="male">
                <persName full="yes" instant="false" type="nickname">[_MALE-PARTICIPANT-A17_]</persName>
                <note anchored="true">sex estimated on the basis of the nickname</note>
              </person>
              <person id="f1303003.A18" instant="false" role="participant" sex="unknown">
                <persName full="yes" instant="false" type="nickname">[_PARTICIPANT-A18_]</persName>
                <note anchored="true">sex estimated on the basis of the nickname</note>
              </person>
              <person id="f1303003.A19" instant="false" role="participant" sex="male">
                <persName full="yes" instant="false" type="nickname">[_MALE-PARTICIPANT-A19_]</persName>
                <note anchored="true">sex estimated on the basis of the nickname</note>
              </person>
              <person id="f1303003.A20" instant="false" role="participant" sex="male">
                <persName full="yes" instant="false" type="nickname">[_MALE-PARTICIPANT-A20_]</persName>
                <note anchored="true">sex estimated on the basis of the nickname</note>
              </person>
              <person id="f1303003.A21" instant="false" role="participant" sex="female">
                <persName full="yes" instant="false" type="nickname">[_FEMALE-PARTICIPANT-A21_]</persName>
                <note anchored="true">sex estimated on the basis of the nickname</note>
              </person>
              <person id="f1303003.A22" instant="false" role="participant" sex="unknown">
                <persName full="yes" instant="false" type="nickname">[_PARTICIPANT-A22_]</persName>
                <note anchored="true">sex estimated on the basis of the nickname</note>
              </person>
              <person id="f1303003.A23" instant="false" role="participant" sex="male">
                <persName full="yes" instant="false" type="nickname">[_MALE-PARTICIPANT-A23_]</persName>
                <note anchored="true">sex estimated on the basis of the nickname</note>
              </person>
              <person id="f1303003.A24" instant="false" role="participant" sex="female">
                <persName full="yes" instant="false" type="nickname">[_FEMALE-PARTICIPANT-A24_]</persName>
                <note anchored="true">sex estimated on the basis of the nickname</note>
              </person>
              <person id="f1303003.A25" instant="false" role="participant" sex="male">
                <persName full="yes" instant="false" type="nickname">[_MALE-PARTICIPANT-A25_]</persName>
                <note anchored="true">sex estimated on the basis of the nickname</note>
              </person>
              <person id="f1303003.A26" instant="false" role="participant" sex="male">
                <persName full="yes" instant="false" type="nickname">[_MALE-PARTICIPANT-A26_]</persName>
                <note anchored="true">sex estimated on the basis of the nickname</note>
              </person>
              <person id="f1303003.A27" instant="false" role="participant" sex="male">
                <persName full="yes" instant="false" type="nickname">[_MALE-PARTICIPANT-A27_]</persName>
                <note anchored="true">sex estimated on the basis of the nickname</note>
              </person>
              <person id="f1303003.A28" instant="false" role="participant" sex="unknown">
                <persName full="yes" instant="false" type="nickname">[_PARTICIPANT-A28_]</persName>
                <note anchored="true">sex estimated on the basis of the nickname</note>
              </person>
              <person id="f1303003.A29" instant="false" role="participant" sex="male">
                <persName full="yes" instant="false" type="nickname">[_MALE-PARTICIPANT-A29_]</persName>
                <note anchored="true">sex estimated on the basis of the nickname</note>
              </person>
              <person id="f1303003.A30" instant="false" role="participant" sex="male">
                <persName full="yes" instant="false" type="nickname">[_MALE-PARTICIPANT-A30_]</persName>
                <note anchored="true">sex estimated on the basis of the nickname</note>
              </person>
              <person id="f1303003.A31" instant="false" role="participant" sex="female">
                <persName full="yes" instant="false" type="nickname">[_FEMALE-PARTICIPANT-A31_]</persName>
                <note anchored="true">sex estimated on the basis of the nickname</note>
              </person>
              <person id="f1303003.A32" instant="false" role="participant" sex="male">
                <persName full="yes" instant="false" type="nickname">[_MALE-PARTICIPANT-A32_]</persName>
                <note anchored="true">sex estimated on the basis of the nickname</note>
              </person>
              <person id="f1303003.A33" instant="false" role="participant" sex="male">
                <persName full="yes" instant="false" type="nickname">[_MALE-PARTICIPANT-A33_]</persName>
                <note anchored="true">sex estimated on the basis of the nickname</note>
              </person>
              <person id="f1303003.A34" instant="false" role="participant" sex="male">
                <persName full="yes" instant="false" type="nickname">[_MALE-PARTICIPANT-A34_]</persName>
                <note anchored="true">sex estimated on the basis of the nickname</note>
              </person>
              <person id="f1303003.A35" instant="false" role="participant" sex="male">
                <persName full="yes" instant="false" type="nickname">[_MALE-PARTICIPANT-A35_]</persName>
                <note anchored="true">sex estimated on the basis of the nickname</note>
              </person>
              <person id="f1303003.A36" instant="false" role="participant" sex="male">
                <persName full="yes" instant="false" type="nickname">[_MALE-PARTICIPANT-A36_]</persName>
                <note anchored="true">sex estimated on the basis of the nickname</note>
              </person>
              <person id="f1303003.A37" instant="false" role="participant" sex="male">
                <persName full="yes" instant="false" type="nickname">[_MALE-PARTICIPANT-A37_]</persName>
                <note anchored="true">sex estimated on the basis of the nickname</note>
              </person>
              <person id="f1303003.A38" instant="false" role="participant" sex="female">
                <persName full="yes" instant="false" type="nickname">[_FEMALE-PARTICIPANT-A38_]</persName>
                <note anchored="true">sex estimated on the basis of the nickname</note>
              </person>
              <person id="f1303003.A39" instant="false" role="participant" sex="male">
                <persName full="yes" instant="false" type="nickname">[_MALE-PARTICIPANT-A39_]</persName>
                <note anchored="true">sex estimated on the basis of the nickname</note>
              </person>
              <person id="f1303003.A40" instant="false" role="participant" sex="unknown">
                <persName full="yes" instant="false" type="nickname">[_PARTICIPANT-A40_]</persName>
                <note anchored="true">sex estimated on the basis of the nickname</note>
              </person>
              <person id="f1303003.A41" instant="false" role="participant" sex="male">
                <persName full="yes" instant="false" type="nickname">[_MALE-PARTICIPANT-A41_]</persName>
                <note anchored="true">sex estimated on the basis of the nickname</note>
              </person>
              <person id="f1303003.A42" instant="false" role="participant" sex="male">
                <persName full="yes" instant="false" type="nickname">[_MALE-PARTICIPANT-A42_]</persName>
                <note anchored="true">sex estimated on the basis of the nickname</note>
              </person>
              <person id="f1303003.A43" instant="false" role="participant" sex="unknown">
                <persName full="yes" instant="false" type="nickname">[_PARTICIPANT-A43_]</persName>
                <note anchored="true">sex estimated on the basis of the nickname</note>
              </person>
              <person id="f1303003.A44" instant="false" role="participant" sex="unknown">
                <persName full="yes" instant="false" type="nickname">[_PARTICIPANT-A44_]</persName>
                <note anchored="true">sex estimated on the basis of the nickname</note>
              </person>
              <person id="f1303003.A45" instant="false" role="participant" sex="unknown">
                <persName full="yes" instant="false" type="nickname">[_PARTICIPANT-A45_]</persName>
                <note anchored="true">sex estimated on the basis of the nickname</note>
              </person>
              <person id="f1303003.A46" instant="false" role="participant" sex="unknown">
                <persName full="yes" instant="false" type="nickname">[_PARTICIPANT-A46_]</persName>
                <note anchored="true">sex estimated on the basis of the nickname</note>
              </person>
              <person id="f1303003.A47" instant="false" role="celebrity" sex="male">
                <persName full="yes" instant="false" type="nickname">LaurenzMeyer</persName>
                <note anchored="true">sex estimated on the basis of the nickname</note>
              </person>
              <person id="f1303003.A48" instant="false" role="moderator" sex="male">
                <persName full="yes" instant="false" type="nickname">[_MALE-MODERATOR-A48_]</persName>
                <note anchored="true">sex estimated on the basis of the nickname</note>
              </person>
              <person id="f1303003.A49" instant="false" role="participant" sex="unknown">
                <persName full="yes" instant="false" type="nickname">[_PARTICIPANT-A49_]</persName>
                <note anchored="true">sex estimated on the basis of the nickname</note>
              </person>
              <person id="f1303003.A50" instant="false" role="participant" sex="female">
                <persName full="yes" instant="false" type="nickname">[_FEMALE-PARTICIPANT-A50_]</persName>
                <note anchored="true">sex estimated on the basis of the nickname</note>
              </person>
              <person id="f1303003.A51" instant="false" role="participant" sex="male">
                <persName full="yes" instant="false" type="nickname">[_MALE-PARTICIPANT-A51_]</persName>
                <note anchored="true">sex estimated on the basis of the nickname</note>
              </person>
              <person id="f1303003.A52" instant="false" role="participant" sex="male">
                <persName full="yes" instant="false" type="nickname">[_MALE-PARTICIPANT-A52_]</persName>
                <note anchored="true">sex estimated on the basis of the nickname</note>
              </person>
              <person id="f1303003.A53" instant="false" role="participant" sex="male">
                <persName full="yes" instant="false" type="nickname">[_MALE-PARTICIPANT-A53_]</persName>
                <note anchored="true">sex estimated on the basis of the nickname</note>
              </person>
              <person id="f1303003.A54" instant="false" role="participant" sex="unknown">
                <persName full="yes" instant="false" type="nickname">[_PARTICIPANT-A54_]</persName>
                <note anchored="true">sex estimated on the basis of the nickname</note>
              </person>
              <person id="f1303003.A55" instant="false" role="participant" sex="male">
                <persName full="yes" instant="false" type="nickname">[_MALE-PARTICIPANT-A55_]</persName>
                <note anchored="true">sex estimated on the basis of the nickname</note>
              </person>
              <person id="f1303003.A56" instant="false" role="participant" sex="male">
                <persName full="yes" instant="false" type="nickname">[_MALE-PARTICIPANT-A56_]</persName>
                <note anchored="true">sex estimated on the basis of the nickname</note>
              </person>
              <person id="f1303003.A57" instant="false" role="participant" sex="unknown">
                <persName full="yes" instant="false" type="nickname">[_PARTICIPANT-A57_]</persName>
                <note anchored="true">sex estimated on the basis of the nickname</note>
              </person>
              <person id="f1303003.A58" instant="false" role="participant" sex="unknown">
                <persName full="yes" instant="false" type="nickname">[_PARTICIPANT-A58_]</persName>
                <note anchored="true">sex estimated on the basis of the nickname</note>
              </person>
              <person id="f1303003.A59" instant="false" role="participant" sex="unknown">
                <persName full="yes" instant="false" type="nickname">[_PARTICIPANT-A59_]</persName>
                <note anchored="true">sex estimated on the basis of the nickname</note>
              </person>
              <person id="f1303003.A60" instant="false" role="participant" sex="male">
                <persName full="yes" instant="false" type="nickname">[_MALE-PARTICIPANT-A60_]</persName>
                <note anchored="true">sex estimated on the basis of the nickname</note>
              </person>
              <person id="f1303003.A61" instant="false" role="participant" sex="male">
                <persName full="yes" instant="false" type="nickname">[_MALE-PARTICIPANT-A61_]</persName>
                <note anchored="true">sex estimated on the basis of the nickname</note>
              </person>
              <person id="f1303003.A62" instant="false" role="participant" sex="male">
                <persName full="yes" instant="false" type="nickname">[_MALE-PARTICIPANT-A62_]</persName>
                <note anchored="true">sex estimated on the basis of the nickname</note>
              </person>
              <person id="f1303003.A63" instant="false" role="participant" sex="male">
                <persName full="yes" instant="false" type="nickname">[_MALE-PARTICIPANT-A63_]</persName>
                <note anchored="true">sex estimated on the basis of the nickname</note>
              </person>
              <person id="f1303003.A64" instant="false" role="participant" sex="unknown">
                <persName full="yes" instant="false" type="nickname">[_PARTICIPANT-A64_]</persName>
                <note anchored="true">sex estimated on the basis of the nickname</note>
              </person>
              <person id="f1303003.A65" instant="false" role="participant" sex="male">
                <persName full="yes" instant="false" type="nickname">[_MALE-PARTICIPANT-A65_]</persName>
                <note anchored="true">sex estimated on the basis of the nickname</note>
              </person>
              <person id="f1303003.A66" instant="false" role="participant" sex="female">
                <persName full="yes" instant="false" type="nickname">[_FEMALE-PARTICIPANT-A66_]</persName>
                <note anchored="true">sex estimated on the basis of the nickname</note>
              </person>
              <person id="f1303003.A67" instant="false" role="participant" sex="male">
                <persName full="yes" instant="false" type="nickname">[_MALE-PARTICIPANT-A67_]</persName>
                <note anchored="true">sex estimated on the basis of the nickname</note>
              </person>
              <person id="f1303003.A68" instant="false" role="participant" sex="male">
                <persName full="yes" instant="false" type="nickname">[_MALE-PARTICIPANT-A68_]</persName>
                <note anchored="true">sex estimated on the basis of the nickname</note>
              </person>
              <person id="f1303003.A69" instant="false" role="participant" sex="male">
                <persName full="yes" instant="false" type="nickname">[_MALE-PARTICIPANT-A69_]</persName>
                <note anchored="true">sex estimated on the basis of the nickname</note>
              </person>
              <person id="f1303003.A70" instant="false" role="participant" sex="unknown">
                <persName full="yes" instant="false" type="nickname">[_PARTICIPANT-A70_]</persName>
                <note anchored="true">sex estimated on the basis of the nickname</note>
              </person>
              <person id="f1303003.A71" instant="false" role="participant" sex="male">
                <persName full="yes" instant="false" type="nickname">[_MALE-PARTICIPANT-A71_]</persName>
                <note anchored="true">sex estimated on the basis of the nickname</note>
              </person>
              <person id="f1303003.A72" instant="false" role="participant" sex="male">
                <persName full="yes" instant="false" type="nickname">[_MALE-PARTICIPANT-A72_]</persName>
                <note anchored="true">sex estimated on the basis of the nickname</note>
              </person>
              <person id="f1303003.A73" instant="false" role="participant" sex="male">
                <persName full="yes" instant="false" type="nickname">[_MALE-PARTICIPANT-A73_]</persName>
                <note anchored="true">sex estimated on the basis of the nickname</note>
              </person>
              <person id="f1303003.A74" instant="false" role="participant" sex="unknown">
                <persName full="yes" instant="false" type="nickname">[_PARTICIPANT-A74_]</persName>
                <note anchored="true">sex estimated on the basis of the nickname</note>
              </person>
              <person id="f1303003.A75" instant="false" role="participant" sex="male">
                <persName full="yes" instant="false" type="nickname">[_MALE-PARTICIPANT-A75_]</persName>
                <note anchored="true">sex estimated on the basis of the nickname</note>
              </person>
              <person id="f1303003.A76" instant="false" role="participant" sex="male">
                <persName full="yes" instant="false" type="nickname">[_MALE-PARTICIPANT-A76_]</persName>
                <note anchored="true">sex estimated on the basis of the nickname</note>
              </person>
              <person id="f1303003.A77" instant="false" role="participant" sex="male">
                <persName full="yes" instant="false" type="nickname">[_MALE-PARTICIPANT-A77_]</persName>
                <note anchored="true">sex estimated on the basis of the nickname</note>
              </person>
              <person id="f1303003.A78" instant="false" role="participant" sex="female">
                <persName full="yes" instant="false" type="nickname">[_FEMALE-PARTICIPANT-A78_]</persName>
                <note anchored="true">sex estimated on the basis of the nickname</note>
              </person>
              <person id="f1303003.A79" instant="false" role="participant" sex="unknown">
                <persName full="yes" instant="false" type="nickname">[_PARTICIPANT-A79_]</persName>
                <note anchored="true">sex estimated on the basis of the nickname</note>
              </person>
              <person id="f1303003.A80" instant="false" role="participant" sex="male">
                <persName full="yes" instant="false" type="nickname">[_MALE-PARTICIPANT-A80_]</persName>
                <note anchored="true">sex estimated on the basis of the nickname</note>
              </person>
              <person id="f1303003.A81" instant="false" role="participant" sex="male">
                <persName full="yes" instant="false" type="nickname">[_MALE-PARTICIPANT-A81_]</persName>
                <note anchored="true">sex estimated on the basis of the nickname</note>
              </person>
              <person id="f1303003.A82" instant="false" role="participant" sex="male">
                <persName full="yes" instant="false" type="nickname">[_MALE-PARTICIPANT-A82_]</persName>
                <note anchored="true">sex estimated on the basis of the nickname</note>
              </person>
              <person id="f1303003.A83" instant="false" role="participant" sex="male">
                <persName full="yes" instant="false" type="nickname">[_MALE-PARTICIPANT-A83_]</persName>
                <note anchored="true">sex estimated on the basis of the nickname</note>
              </person>
              <person id="f1303003.A84" instant="false" role="participant" sex="male">
                <persName full="yes" instant="false" type="nickname">[_MALE-PARTICIPANT-A84_]</persName>
                <note anchored="true">sex estimated on the basis of the nickname</note>
              </person>
              <person id="f1303003.A85" instant="false" role="participant" sex="unknown">
                <persName full="yes" instant="false" type="nickname">[_PARTICIPANT-A85_]</persName>
                <note anchored="true">sex estimated on the basis of the nickname</note>
              </person>
              <person id="f1303003.A86" instant="false" role="participant" sex="male">
                <persName full="yes" instant="false" type="nickname">[_MALE-PARTICIPANT-A86_]</persName>
                <note anchored="true">sex estimated on the basis of the nickname</note>
              </person>
              <person id="f1303003.A87" instant="false" role="participant" sex="male">
                <persName full="yes" instant="false" type="nickname">[_MALE-PARTICIPANT-A87_]</persName>
                <note anchored="true">sex estimated on the basis of the nickname</note>
              </person>
              <person id="f1303003.A88" instant="false" role="participant" sex="male">
                <persName full="yes" instant="false" type="nickname">[_MALE-PARTICIPANT-A88_]</persName>
                <note anchored="true">sex estimated on the basis of the nickname</note>
              </person>
              <person id="f1303003.A89" instant="false" role="participant" sex="female">
                <persName full="yes" instant="false" type="nickname">[_FEMALE-PARTICIPANT-A89_]</persName>
                <note anchored="true">sex estimated on the basis of the nickname</note>
              </person>
              <person id="f1303003.A90" instant="false" role="participant" sex="unknown">
                <persName full="yes" instant="false" type="nickname">[_PARTICIPANT-A90_]</persName>
                <note anchored="true">sex estimated on the basis of the nickname</note>
              </person>
              <person id="f1303003.A91" instant="false" role="participant" sex="male">
                <persName full="yes" instant="false" type="nickname">[_MALE-PARTICIPANT-A91_]</persName>
                <note anchored="true">sex estimated on the basis of the nickname</note>
              </person>
              <person id="f1303003.A92" instant="false" role="participant" sex="female">
                <persName full="yes" instant="false" type="nickname">[_FEMALE-PARTICIPANT-A92_]</persName>
                <note anchored="true">sex estimated on the basis of the nickname</note>
              </person>
              <person id="f1303003.A93" instant="false" role="participant" sex="female">
                <persName full="yes" instant="false" type="nickname">[_FEMALE-PARTICIPANT-A93_]</persName>
                <note anchored="true">sex estimated on the basis of the nickname</note>
              </person>
              <person id="f1303003.A94" instant="false" role="participant" sex="female">
                <persName full="yes" instant="false" type="nickname">[_FEMALE-PARTICIPANT-A94_]</persName>
                <note anchored="true">sex estimated on the basis of the nickname</note>
              </person>
              <person id="f1303003.A95" instant="false" role="participant" sex="male">
                <persName full="yes" instant="false" type="nickname">[_MALE-PARTICIPANT-A95_]</persName>
                <note anchored="true">sex estimated on the basis of the nickname</note>
              </person>
              <person id="f1303003.A96" instant="false" role="participant" sex="unknown">
                <persName full="yes" instant="false" type="nickname">[_PARTICIPANT-A96_]</persName>
                <note anchored="true">sex estimated on the basis of the nickname</note>
              </person>
              <person id="f1303003.A97" instant="false" role="participant" sex="unknown">
                <persName full="yes" instant="false" type="nickname">[_PARTICIPANT-A97_]</persName>
                <note anchored="true">sex estimated on the basis of the nickname</note>
              </person>
              <person id="f1303003.A98" instant="false" role="participant" sex="male">
                <persName full="yes" instant="false" type="nickname">[_MALE-PARTICIPANT-A98_]</persName>
                <note anchored="true">sex estimated on the basis of the nickname</note>
              </person>
              <person id="f1303003.A99" instant="false" role="participant" sex="female">
                <persName full="yes" instant="false" type="nickname">[_FEMALE-PARTICIPANT-A99_]</persName>
                <note anchored="true">sex estimated on the basis of the nickname</note>
              </person>
              <person id="f1303003.A100" instant="false" role="participant" sex="male">
                <persName full="yes" instant="false" type="nickname">[_MALE-PARTICIPANT-A100_]</persName>
                <note anchored="true">sex estimated on the basis of the nickname</note>
              </person>
              <person id="f1303003.A101" instant="false" role="participant" sex="unknown">
                <persName full="yes" instant="false" type="nickname">[_PARTICIPANT-A101_]</persName>
                <note anchored="true">sex estimated on the basis of the nickname</note>
              </person>
              <person id="f1303003.A102" instant="false" role="participant" sex="male">
                <persName full="yes" instant="false" type="nickname">[_MALE-PARTICIPANT-A102_]</persName>
                <note anchored="true">sex estimated on the basis of the nickname</note>
              </person>
              <person id="f1303003.A103" instant="false" role="participant" sex="male">
                <persName full="yes" instant="false" type="nickname">[_MALE-PARTICIPANT-A103_]</persName>
                <note anchored="true">sex estimated on the basis of the nickname</note>
              </person>
              <person id="f1303003.A104" instant="false" role="participant" sex="female">
                <persName full="yes" instant="false" type="nickname">[_FEMALE-PARTICIPANT-A104_]</persName>
                <note anchored="true">sex estimated on the basis of the nickname</note>
              </person>
            </listPerson>
          </particDesc>
          <settingDesc Default="n">
            <setting>
              <activity>
                <timeline>
                  <when absolute="20:01:00" id="f1303003.t001"/>
                  <when absolute="20:09:00" id="f1303003.t002"/>
                  <when absolute="20:35:00" id="f1303003.t003"/>
                  <when absolute="20:43:00" id="f1303003.t004"/>
                  <when absolute="20:45:00" id="f1303003.t005"/>
                  <when absolute="21:20:00" id="f1303003.t006"/>
                  <when absolute="21:36:00" id="f1303003.t007"/>
                  <when absolute="21:38:00" id="f1303003.t008"/>
                  <when absolute="21:54:00" id="f1303003.t009"/>
                </timeline>
              </activity>
            </setting>
          </settingDesc>
          <textClass Default="n">
            <catRef scheme="handlungsbereiche" target="h1303000"/>
            <catRef n="1" scheme="topic" target="topic.staat-gesellschaft.biographien-interviews"/>
          </textClass>
          <textDesc Default="n">
            <textType>Chat</textType>
            <textTypeRef>Chat-Logfile</textTypeRef>
            <textTypeArt>Chat:Chat-Logfile</textTypeArt>
          </textDesc>
          <creation>
            <creatDate>2002.10.06</creatDate>
            <creatRef>(Posting: 6.10.2002)</creatRef>
            <creatRefShort>(Posting: 6.10.2002)</creatRefShort>
          </creation>
        </profileDesc>
        <revisionDesc id="f1303003.revisionDesc" status="draft">
          <change n="1" status="draft" who="#f1303003.e6">chatXML: Metadaten eingefügt</change>
          <change n="2" status="draft" who="#f1303003.e6">chatXML: Datei umbenannt, estimatedGender ergänzt</change>
          <change n="3" status="draft" who="#f1303003.e7">chatXML: tokenisiert,getaggt,lemmatisiert</change>
          <change n="4" status="draft" who="#f1303003.e5">conversion to TEI using dcc2clarin.xsl, 2016-05-20T18:35:27.417+02:00</change>
          <change n="5" status="draft" who="#f1303003.e5">basic anonymisation using anonymise.xsl, 2016-05-20T18:50:20.888+02:00</change>
          <change n="6" status="draft" who="#f1303003.e5">post-processing, using postprocess-phase-II.xsl, 2016-07-26T17:50:36.974+02:00</change>
          <change n="7" status="draft" who="#f1303003.e8">manual anonymisation, phase III, August-December 2016</change>
          <change n="8" status="draft" who="#f1303003.e5">post-processing, using postprocess-phase-III.xsl, 2017-03-24T17:43:37.185+01:00</change>
        </revisionDesc>
      </idsHeader>