<?xml version="1.0" encoding="UTF-8"?>
<idsHeader TEIform="teiHeader" pattern="text" status="new" type="text" version="1.0">
        <fileDesc>
          <titleStmt>
            <textSigle>DCK/CPR.00028</textSigle>
            <t.title>DCK/CPR.00028 1202014_Studienberatung_Finanzen_17-06-2004, [Chat-Logfile], In: Dortmunder Chatkorpus, Professionelle Chats</t.title>
            <editor>
              <orgName full="yes" instant="false">CLARIN-D curation project ChatCorpus2CLARIN, 2015-2016</orgName>
            </editor>
            <respStmt>
              <persName full="yes" id="f1202014.e1" instant="false">Michael Beißwenger</persName>
              <persName full="yes" id="f1202014.e2" instant="false">Angelika Storrer</persName>
              <persName full="yes" id="f1202014.e3" instant="false">Eric Ehrhardt</persName>
              <persName full="yes" id="f1202014.e4" instant="false">Axel Herold</persName>
              <persName full="yes" id="f1202014.e5" instant="false">Harald Lüngen</persName>
            
            <!--Members of the project ChatCorpus2CLARIN 2015-2016--></respStmt>
            <respStmt>
              <persName full="yes" id="f1202014.e6" instant="false">Bianca Selzam</persName>
              <orgName full="yes" id="f1202014.e7" instant="false">Universität des Saarlandes</orgName>
              <persName full="yes" id="f1202014.e8" instant="false">Susanne Feix</persName>
            
            <!--Support, see revisionDesc--></respStmt>
          </titleStmt>
          <publicationStmt>
            <distributor>CLARIN centre Institut für Deutsche Sprache, Mannheim and CLARIN
                        centre Berlin-Brandenburgische Akademie der Wissenschaften</distributor>
            <pubAddress/>
            <idno>1202014</idno>
            <availability Default="n" region="world" status="unknown">CC-BY 4.0</availability>
            <pubDate type="year">2016</pubDate>
          </publicationStmt>
          <sourceDesc Default="n">
            <p part="N">
              <list type="Recording Statement">
                <item>plattformURL=<ref type="URL">[_WWWURL_]</ref></item>
                <item>recording responsibility=<persName full="yes" id="f1202014.p1" instant="false">unknown</persName></item>
                <item>
                  <date instant="false">2004-06-17</date>
                </item>
                <item>
                  <time from="16:10:00" instant="false" to="18:14:00"/>
                </item>
              </list>
            </p>
            <biblStruct Default="n" status="draft">
              <analytic>
                <h.title type="main">Chat: 1202014_Studienberatung_Finanzen_17-06-2004</h.title>
                <h.author/>
                <imprint>
                  <pubDate>2009</pubDate>
                </imprint>
              </analytic>
              <monogr>
                <h.title type="main">Dortmunder Chatkorpus</h.title>
                <editor corresp="#f1202014.e2">Angelika Storrer</editor>
                <editor corresp="#f1202014.e1">Michael Beißwenger</editor>
                <imprint>
                  <publisher>Institut für deutsche Sprache und Literatur der
                                    Technischen Universität Dortmund</publisher>
                  <pubPlace> Dortmund</pubPlace>
                  <pubDate>2009</pubDate>
                </imprint>
                <biblNote>http://www.chatkorpus.tu-dortmund.de/</biblNote>
              </monogr>
            </biblStruct>
            <reference type="complete">DCK/CPR.00028 Chat: 1202014_Studienberatung_Finanzen_17-06-2004, In: Dortmunder Chatkorpus, Professionelle Chats, 17.6.2004</reference>
            <reference type="short">DCK/CPR.00028 Studienberatung (17.6.2004)</reference>
          </sourceDesc>
        </fileDesc>
        <encodingDesc>
          <editorialDecl Default="n">
            <pagination type="no"/>
            <transduction Default="n">POS-annotations according to STTS 2.0 by Universität des Saarlandes, see
                            Beißwenger, Michael; Ehrhardt, Eric; Horbach, Andrea; Lüngen,
                            Harald; Steffen, Diana; Storrer, Angelika (2015): Adding Value to CMC
                            Corpora: CLARINification and Part-of-Speech Annotation of the Dortmund
                            Chat Corpus. In: Proceedings of the 2nd Workshop on Natural Language
                            Processing for Computer-Mediated Communication / Social Media
                            (NLP4CMC2015). Essen, 12-16. https://sites.google.com/site/nlp4cmc2015/program</transduction>
          </editorialDecl>
          <tagsDecl>
            <tagUsage gi="sex">estimated on the basis of the nick name</tagUsage>
            <tagUsage gi="w" occurs="6027">used to mark a single token</tagUsage>
            <tagUsage gi="post" occurs="383">used to mark a single posting</tagUsage>
          </tagsDecl>
        </encodingDesc>
        <profileDesc>
          <particDesc Default="n">
            <listPerson Default="n">
              <person id="f1202014.A01" instant="false" role="client" sex="female">
                <persName full="yes" instant="false" type="nickname">[_FEMALE-CLIENT-A01_]</persName>
                <note anchored="true">sex estimated on the basis of the nickname</note>
              </person>
              <person id="f1202014.A02" instant="false" role="advisor" sex="female">
                <persName full="yes" instant="false" type="nickname">[_FEMALE-ADVISOR-A02_]</persName>
                <note anchored="true">sex estimated on the basis of the nickname</note>
              </person>
              <person id="f1202014.A03" instant="false" role="client" sex="female">
                <persName full="yes" instant="false" type="nickname">[_FEMALE-CLIENT-A03_]</persName>
                <note anchored="true">sex estimated on the basis of the nickname</note>
              </person>
              <person id="f1202014.A04" instant="false" role="client" sex="unknown">
                <persName full="yes" instant="false" type="nickname">[_CLIENT-A04_]</persName>
                <note anchored="true">sex estimated on the basis of the nickname</note>
              </person>
              <person id="f1202014.A05" instant="false" role="advisor" sex="female">
                <persName full="yes" instant="false" type="nickname">[_FEMALE-ADVISOR-A05_]</persName>
                <note anchored="true">sex estimated on the basis of the nickname</note>
              </person>
              <person id="f1202014.A06" instant="false" role="client" sex="male">
                <persName full="yes" instant="false" type="nickname">[_MALE-CLIENT-A06_]</persName>
                <note anchored="true">sex estimated on the basis of the nickname</note>
              </person>
              <person id="f1202014.A07" instant="false" role="advisor" sex="female">
                <persName full="yes" instant="false" type="nickname">[_FEMALE-ADVISOR-A07_]</persName>
                <note anchored="true">sex estimated on the basis of the nickname</note>
              </person>
              <person id="f1202014.A08" instant="false" role="client" sex="unknown">
                <persName full="yes" instant="false" type="nickname">[_CLIENT-A08_]</persName>
                <note anchored="true">sex estimated on the basis of the nickname</note>
              </person>
              <person id="f1202014.A09" instant="false" role="advisor" sex="female">
                <persName full="yes" instant="false" type="nickname">[_FEMALE-ADVISOR-A09_]</persName>
                <note anchored="true">sex estimated on the basis of the nickname</note>
              </person>
              <person id="f1202014.A10" instant="false" role="client" sex="unknown">
                <persName full="yes" instant="false" type="nickname">[_CLIENT-A10_]</persName>
                <note anchored="true">sex estimated on the basis of the nickname</note>
              </person>
              <person id="f1202014.A11" instant="false" role="client" sex="unknown">
                <persName full="yes" instant="false" type="nickname">[_CLIENT-A11_]</persName>
                <note anchored="true">sex estimated on the basis of the nickname</note>
              </person>
              <person id="f1202014.A12" instant="false" role="client" sex="female">
                <persName full="yes" instant="false" type="nickname">[_FEMALE-CLIENT-A12_]</persName>
                <note anchored="true">sex estimated on the basis of the nickname</note>
              </person>
              <person id="f1202014.A13" instant="false" role="client" sex="unknown">
                <persName full="yes" instant="false" type="nickname">[_CLIENT-A13_]</persName>
                <note anchored="true">sex estimated on the basis of the nickname</note>
              </person>
              <person id="f1202014.A14" instant="false" role="client" sex="male">
                <persName full="yes" instant="false" type="nickname">[_MALE-CLIENT-A14_]</persName>
                <note anchored="true">sex estimated on the basis of the nickname</note>
              </person>
              <person id="f1202014.A15" instant="false" role="client" sex="male">
                <persName full="yes" instant="false" type="nickname">[_MALE-CLIENT-A15_]</persName>
                <note anchored="true">sex estimated on the basis of the nickname</note>
              </person>
              <person id="f1202014.A16" instant="false" role="client" sex="unknown">
                <persName full="yes" instant="false" type="nickname">[_CLIENT-A16_]</persName>
                <note anchored="true">sex estimated on the basis of the nickname</note>
              </person>
              <person id="f1202014.A17" instant="false" role="client" sex="unknown">
                <persName full="yes" instant="false" type="nickname">[_CLIENT-A17_]</persName>
                <note anchored="true">sex estimated on the basis of the nickname</note>
              </person>
              <person id="f1202014.A18" instant="false" role="client" sex="female">
                <persName full="yes" instant="false" type="nickname">[_FEMALE-CLIENT-A18_]</persName>
                <note anchored="true">sex estimated on the basis of the nickname</note>
              </person>
              <person id="f1202014.A19" instant="false" role="client" sex="unknown">
                <persName full="yes" instant="false" type="nickname">[_CLIENT-A19_]</persName>
                <note anchored="true">sex estimated on the basis of the nickname</note>
              </person>
              <person id="f1202014.A20" instant="false" role="client" sex="female">
                <persName full="yes" instant="false" type="nickname">[_FEMALE-CLIENT-A20_]</persName>
                <note anchored="true">sex estimated on the basis of the nickname</note>
              </person>
              <person id="f1202014.A21" instant="false" role="client" sex="unknown">
                <persName full="yes" instant="false" type="nickname">[_CLIENT-A21_]</persName>
                <note anchored="true">sex estimated on the basis of the nickname</note>
              </person>
              <person id="f1202014.A22" instant="false" role="client" sex="unknown">
                <persName full="yes" instant="false" type="nickname">[_CLIENT-A22_]</persName>
                <note anchored="true">sex estimated on the basis of the nickname</note>
              </person>
              <person id="f1202014.A23" instant="false" role="client" sex="male">
                <persName full="yes" instant="false" type="nickname">[_MALE-CLIENT-A23_]</persName>
                <note anchored="true">sex estimated on the basis of the nickname</note>
              </person>
              <person id="f1202014.A24" instant="false" role="client" sex="male">
                <persName full="yes" instant="false" type="nickname">[_MALE-CLIENT-A24_]</persName>
                <note anchored="true">sex estimated on the basis of the nickname</note>
              </person>
              <person id="f1202014.A25" instant="false" role="client" sex="unknown">
                <persName full="yes" instant="false" type="nickname">[_CLIENT-A25_]</persName>
                <note anchored="true">sex estimated on the basis of the nickname</note>
              </person>
              <person id="f1202014.A26" instant="false" role="client" sex="unknown">
                <persName full="yes" instant="false" type="nickname">[_CLIENT-A26_]</persName>
                <note anchored="true">sex estimated on the basis of the nickname</note>
              </person>
              <person id="f1202014.A27" instant="false" role="client" sex="female">
                <persName full="yes" instant="false" type="nickname">[_FEMALE-CLIENT-A27_]</persName>
                <note anchored="true">sex estimated on the basis of the nickname</note>
              </person>
              <person id="f1202014.A28" instant="false" role="client" sex="unknown">
                <persName full="yes" instant="false" type="nickname">[_CLIENT-A28_]</persName>
                <note anchored="true">sex estimated on the basis of the nickname</note>
              </person>
              <person id="f1202014.A29" instant="false" role="client" sex="male">
                <persName full="yes" instant="false" type="nickname">[_MALE-CLIENT-A29_]</persName>
                <note anchored="true">sex estimated on the basis of the nickname</note>
              </person>
              <person id="f1202014.A30" instant="false" role="client" sex="unknown">
                <persName full="yes" instant="false" type="nickname">[_CLIENT-A30_]</persName>
                <note anchored="true">sex estimated on the basis of the nickname</note>
              </person>
              <person id="f1202014.A31" instant="false" role="client" sex="male">
                <persName full="yes" instant="false" type="nickname">[_MALE-CLIENT-A31_]</persName>
                <note anchored="true">sex estimated on the basis of the nickname</note>
              </person>
              <person id="f1202014.A32" instant="false" role="client" sex="female">
                <persName full="yes" instant="false" type="nickname">[_FEMALE-CLIENT-A32_]</persName>
                <note anchored="true">sex estimated on the basis of the nickname</note>
              </person>
            </listPerson>
          </particDesc>
          <settingDesc Default="n">
            <setting>
              <activity>
                <timeline>
                  <when absolute="16:10:25" id="f1202014.t001"/>
                  <when absolute="16:10:31" id="f1202014.t002"/>
                  <when absolute="16:11:54" id="f1202014.t003"/>
                  <when absolute="16:11:55" id="f1202014.t004"/>
                  <when absolute="16:12:26" id="f1202014.t005"/>
                  <when absolute="16:13:06" id="f1202014.t006"/>
                  <when absolute="16:13:10" id="f1202014.t007"/>
                  <when absolute="16:13:19" id="f1202014.t008"/>
                  <when absolute="16:13:43" id="f1202014.t009"/>
                  <when absolute="16:14:02" id="f1202014.t010"/>
                  <when absolute="16:14:18" id="f1202014.t011"/>
                  <when absolute="16:14:37" id="f1202014.t012"/>
                  <when absolute="16:14:59" id="f1202014.t013"/>
                  <when absolute="16:15:28" id="f1202014.t014"/>
                  <when absolute="16:15:54" id="f1202014.t015"/>
                  <when absolute="16:16:07" id="f1202014.t016"/>
                  <when absolute="16:16:56" id="f1202014.t017"/>
                  <when absolute="16:17:19" id="f1202014.t018"/>
                  <when absolute="16:17:24" id="f1202014.t019"/>
                  <when absolute="16:17:25" id="f1202014.t020"/>
                  <when absolute="16:17:38" id="f1202014.t021"/>
                  <when absolute="16:17:43" id="f1202014.t022"/>
                  <when absolute="16:17:53" id="f1202014.t023"/>
                  <when absolute="16:18:12" id="f1202014.t024"/>
                  <when absolute="16:18:26" id="f1202014.t025"/>
                  <when absolute="16:18:41" id="f1202014.t026"/>
                  <when absolute="16:18:42" id="f1202014.t027"/>
                  <when absolute="16:18:46" id="f1202014.t028"/>
                  <when absolute="16:19:11" id="f1202014.t029"/>
                  <when absolute="16:19:48" id="f1202014.t030"/>
                  <when absolute="16:20:01" id="f1202014.t031"/>
                  <when absolute="16:20:09" id="f1202014.t032"/>
                  <when absolute="16:20:13" id="f1202014.t033"/>
                  <when absolute="16:20:28" id="f1202014.t034"/>
                  <when absolute="16:20:33" id="f1202014.t035"/>
                  <when absolute="16:20:39" id="f1202014.t036"/>
                  <when absolute="16:20:44" id="f1202014.t037"/>
                  <when absolute="16:20:48" id="f1202014.t038"/>
                  <when absolute="16:20:58" id="f1202014.t039"/>
                  <when absolute="16:21:10" id="f1202014.t040"/>
                  <when absolute="16:21:34" id="f1202014.t041"/>
                  <when absolute="16:21:39" id="f1202014.t042"/>
                  <when absolute="16:22:05" id="f1202014.t043"/>
                  <when absolute="16:22:06" id="f1202014.t044"/>
                  <when absolute="16:22:17" id="f1202014.t045"/>
                  <when absolute="16:22:27" id="f1202014.t046"/>
                  <when absolute="16:23:12" id="f1202014.t047"/>
                  <when absolute="16:23:23" id="f1202014.t048"/>
                  <when absolute="16:23:56" id="f1202014.t049"/>
                  <when absolute="16:24:26" id="f1202014.t050"/>
                  <when absolute="16:25:44" id="f1202014.t051"/>
                  <when absolute="16:26:48" id="f1202014.t052"/>
                  <when absolute="16:26:51" id="f1202014.t053"/>
                  <when absolute="16:26:57" id="f1202014.t054"/>
                  <when absolute="16:27:07" id="f1202014.t055"/>
                  <when absolute="16:27:22" id="f1202014.t056"/>
                  <when absolute="16:27:34" id="f1202014.t057"/>
                  <when absolute="16:27:39" id="f1202014.t058"/>
                  <when absolute="16:28:00" id="f1202014.t059"/>
                  <when absolute="16:28:45" id="f1202014.t060"/>
                  <when absolute="16:28:48" id="f1202014.t061"/>
                  <when absolute="16:29:01" id="f1202014.t062"/>
                  <when absolute="16:29:03" id="f1202014.t063"/>
                  <when absolute="16:29:14" id="f1202014.t064"/>
                  <when absolute="16:29:26" id="f1202014.t065"/>
                  <when absolute="16:29:30" id="f1202014.t066"/>
                  <when absolute="16:29:38" id="f1202014.t067"/>
                  <when absolute="16:29:49" id="f1202014.t068"/>
                  <when absolute="16:30:03" id="f1202014.t069"/>
                  <when absolute="16:30:04" id="f1202014.t070"/>
                  <when absolute="16:30:36" id="f1202014.t071"/>
                  <when absolute="16:30:49" id="f1202014.t072"/>
                  <when absolute="16:31:00" id="f1202014.t073"/>
                  <when absolute="16:31:04" id="f1202014.t074"/>
                  <when absolute="16:31:08" id="f1202014.t075"/>
                  <when absolute="16:31:20" id="f1202014.t076"/>
                  <when absolute="16:31:28" id="f1202014.t077"/>
                  <when absolute="16:31:35" id="f1202014.t078"/>
                  <when absolute="16:31:39" id="f1202014.t079"/>
                  <when absolute="16:31:47" id="f1202014.t080"/>
                  <when absolute="16:31:57" id="f1202014.t081"/>
                  <when absolute="16:32:20" id="f1202014.t082"/>
                  <when absolute="16:32:22" id="f1202014.t083"/>
                  <when absolute="16:32:30" id="f1202014.t084"/>
                  <when absolute="16:33:08" id="f1202014.t085"/>
                  <when absolute="16:33:13" id="f1202014.t086"/>
                  <when absolute="16:33:45" id="f1202014.t087"/>
                  <when absolute="16:33:54" id="f1202014.t088"/>
                  <when absolute="16:34:07" id="f1202014.t089"/>
                  <when absolute="16:34:19" id="f1202014.t090"/>
                  <when absolute="16:34:35" id="f1202014.t091"/>
                  <when absolute="16:34:40" id="f1202014.t092"/>
                  <when absolute="16:34:54" id="f1202014.t093"/>
                  <when absolute="16:35:04" id="f1202014.t094"/>
                  <when absolute="16:35:16" id="f1202014.t095"/>
                  <when absolute="16:35:21" id="f1202014.t096"/>
                  <when absolute="16:35:29" id="f1202014.t097"/>
                  <when absolute="16:35:40" id="f1202014.t098"/>
                  <when absolute="16:35:54" id="f1202014.t099"/>
                  <when absolute="16:36:00" id="f1202014.t100"/>
                  <when absolute="16:36:15" id="f1202014.t101"/>
                  <when absolute="16:36:18" id="f1202014.t102"/>
                  <when absolute="16:36:45" id="f1202014.t103"/>
                  <when absolute="16:36:48" id="f1202014.t104"/>
                  <when absolute="16:36:54" id="f1202014.t105"/>
                  <when absolute="16:37:28" id="f1202014.t106"/>
                  <when absolute="16:37:29" id="f1202014.t107"/>
                  <when absolute="16:37:46" id="f1202014.t108"/>
                  <when absolute="16:37:48" id="f1202014.t109"/>
                  <when absolute="16:37:53" id="f1202014.t110"/>
                  <when absolute="16:39:02" id="f1202014.t111"/>
                  <when absolute="16:39:13" id="f1202014.t112"/>
                  <when absolute="16:40:27" id="f1202014.t113"/>
                  <when absolute="16:40:37" id="f1202014.t114"/>
                  <when absolute="16:40:58" id="f1202014.t115"/>
                  <when absolute="16:41:30" id="f1202014.t116"/>
                  <when absolute="16:41:49" id="f1202014.t117"/>
                  <when absolute="16:41:54" id="f1202014.t118"/>
                  <when absolute="16:42:00" id="f1202014.t119"/>
                  <when absolute="16:42:22" id="f1202014.t120"/>
                  <when absolute="16:43:13" id="f1202014.t121"/>
                  <when absolute="16:43:20" id="f1202014.t122"/>
                  <when absolute="16:43:21" id="f1202014.t123"/>
                  <when absolute="16:43:46" id="f1202014.t124"/>
                  <when absolute="16:44:01" id="f1202014.t125"/>
                  <when absolute="16:44:05" id="f1202014.t126"/>
                  <when absolute="16:44:12" id="f1202014.t127"/>
                  <when absolute="16:44:14" id="f1202014.t128"/>
                  <when absolute="16:44:23" id="f1202014.t129"/>
                  <when absolute="16:45:29" id="f1202014.t130"/>
                  <when absolute="16:45:35" id="f1202014.t131"/>
                  <when absolute="16:45:39" id="f1202014.t132"/>
                  <when absolute="16:46:30" id="f1202014.t133"/>
                  <when absolute="16:46:42" id="f1202014.t134"/>
                  <when absolute="16:46:43" id="f1202014.t135"/>
                  <when absolute="16:47:14" id="f1202014.t136"/>
                  <when absolute="16:47:55" id="f1202014.t137"/>
                  <when absolute="16:47:59" id="f1202014.t138"/>
                  <when absolute="16:48:01" id="f1202014.t139"/>
                  <when absolute="16:48:13" id="f1202014.t140"/>
                  <when absolute="16:48:17" id="f1202014.t141"/>
                  <when absolute="16:48:22" id="f1202014.t142"/>
                  <when absolute="16:48:32" id="f1202014.t143"/>
                  <when absolute="16:48:58" id="f1202014.t144"/>
                  <when absolute="16:49:23" id="f1202014.t145"/>
                  <when absolute="16:50:08" id="f1202014.t146"/>
                  <when absolute="16:51:30" id="f1202014.t147"/>
                  <when absolute="16:51:42" id="f1202014.t148"/>
                  <when absolute="16:52:04" id="f1202014.t149"/>
                  <when absolute="16:52:18" id="f1202014.t150"/>
                  <when absolute="16:52:28" id="f1202014.t151"/>
                  <when absolute="16:52:34" id="f1202014.t152"/>
                  <when absolute="16:53:00" id="f1202014.t153"/>
                  <when absolute="16:53:13" id="f1202014.t154"/>
                  <when absolute="16:54:00" id="f1202014.t155"/>
                  <when absolute="16:54:14" id="f1202014.t156"/>
                  <when absolute="16:54:23" id="f1202014.t157"/>
                  <when absolute="16:54:30" id="f1202014.t158"/>
                  <when absolute="16:54:53" id="f1202014.t159"/>
                  <when absolute="16:55:01" id="f1202014.t160"/>
                  <when absolute="16:55:22" id="f1202014.t161"/>
                  <when absolute="16:56:11" id="f1202014.t162"/>
                  <when absolute="16:56:12" id="f1202014.t163"/>
                  <when absolute="16:56:27" id="f1202014.t164"/>
                  <when absolute="16:57:22" id="f1202014.t165"/>
                  <when absolute="16:57:25" id="f1202014.t166"/>
                  <when absolute="16:58:11" id="f1202014.t167"/>
                  <when absolute="16:58:30" id="f1202014.t168"/>
                  <when absolute="16:58:35" id="f1202014.t169"/>
                  <when absolute="16:59:12" id="f1202014.t170"/>
                  <when absolute="16:59:51" id="f1202014.t171"/>
                  <when absolute="17:00:40" id="f1202014.t172"/>
                  <when absolute="17:00:45" id="f1202014.t173"/>
                  <when absolute="17:00:54" id="f1202014.t174"/>
                  <when absolute="17:02:22" id="f1202014.t175"/>
                  <when absolute="17:03:22" id="f1202014.t176"/>
                  <when absolute="17:04:52" id="f1202014.t177"/>
                  <when absolute="17:05:07" id="f1202014.t178"/>
                  <when absolute="17:05:15" id="f1202014.t179"/>
                  <when absolute="17:05:26" id="f1202014.t180"/>
                  <when absolute="17:05:27" id="f1202014.t181"/>
                  <when absolute="17:05:38" id="f1202014.t182"/>
                  <when absolute="17:05:41" id="f1202014.t183"/>
                  <when absolute="17:05:48" id="f1202014.t184"/>
                  <when absolute="17:05:52" id="f1202014.t185"/>
                  <when absolute="17:06:03" id="f1202014.t186"/>
                  <when absolute="17:06:06" id="f1202014.t187"/>
                  <when absolute="17:06:09" id="f1202014.t188"/>
                  <when absolute="17:06:12" id="f1202014.t189"/>
                  <when absolute="17:06:23" id="f1202014.t190"/>
                  <when absolute="17:06:24" id="f1202014.t191"/>
                  <when absolute="17:06:59" id="f1202014.t192"/>
                  <when absolute="17:07:05" id="f1202014.t193"/>
                  <when absolute="17:07:15" id="f1202014.t194"/>
                  <when absolute="17:07:29" id="f1202014.t195"/>
                  <when absolute="17:07:37" id="f1202014.t196"/>
                  <when absolute="17:08:23" id="f1202014.t197"/>
                  <when absolute="17:08:25" id="f1202014.t198"/>
                  <when absolute="17:08:31" id="f1202014.t199"/>
                  <when absolute="17:08:39" id="f1202014.t200"/>
                  <when absolute="17:08:55" id="f1202014.t201"/>
                  <when absolute="17:09:24" id="f1202014.t202"/>
                  <when absolute="17:09:34" id="f1202014.t203"/>
                  <when absolute="17:10:14" id="f1202014.t204"/>
                  <when absolute="17:10:19" id="f1202014.t205"/>
                  <when absolute="17:11:17" id="f1202014.t206"/>
                  <when absolute="17:11:52" id="f1202014.t207"/>
                  <when absolute="17:12:04" id="f1202014.t208"/>
                  <when absolute="17:12:08" id="f1202014.t209"/>
                  <when absolute="17:12:17" id="f1202014.t210"/>
                  <when absolute="17:12:25" id="f1202014.t211"/>
                  <when absolute="17:12:35" id="f1202014.t212"/>
                  <when absolute="17:12:59" id="f1202014.t213"/>
                  <when absolute="17:13:01" id="f1202014.t214"/>
                  <when absolute="17:13:02" id="f1202014.t215"/>
                  <when absolute="17:13:17" id="f1202014.t216"/>
                  <when absolute="17:13:42" id="f1202014.t217"/>
                  <when absolute="17:13:46" id="f1202014.t218"/>
                  <when absolute="17:13:59" id="f1202014.t219"/>
                  <when absolute="17:14:14" id="f1202014.t220"/>
                  <when absolute="17:14:27" id="f1202014.t221"/>
                  <when absolute="17:14:36" id="f1202014.t222"/>
                  <when absolute="17:15:03" id="f1202014.t223"/>
                  <when absolute="17:15:54" id="f1202014.t224"/>
                  <when absolute="17:16:07" id="f1202014.t225"/>
                  <when absolute="17:16:21" id="f1202014.t226"/>
                  <when absolute="17:16:23" id="f1202014.t227"/>
                  <when absolute="17:16:43" id="f1202014.t228"/>
                  <when absolute="17:17:02" id="f1202014.t229"/>
                  <when absolute="17:17:33" id="f1202014.t230"/>
                  <when absolute="17:17:44" id="f1202014.t231"/>
                  <when absolute="17:17:53" id="f1202014.t232"/>
                  <when absolute="17:17:55" id="f1202014.t233"/>
                  <when absolute="17:18:18" id="f1202014.t234"/>
                  <when absolute="17:18:27" id="f1202014.t235"/>
                  <when absolute="17:18:43" id="f1202014.t236"/>
                  <when absolute="17:18:52" id="f1202014.t237"/>
                  <when absolute="17:19:42" id="f1202014.t238"/>
                  <when absolute="17:20:08" id="f1202014.t239"/>
                  <when absolute="17:20:23" id="f1202014.t240"/>
                  <when absolute="17:20:46" id="f1202014.t241"/>
                  <when absolute="17:21:01" id="f1202014.t242"/>
                  <when absolute="17:21:30" id="f1202014.t243"/>
                  <when absolute="17:21:55" id="f1202014.t244"/>
                  <when absolute="17:22:47" id="f1202014.t245"/>
                  <when absolute="17:23:20" id="f1202014.t246"/>
                  <when absolute="17:23:32" id="f1202014.t247"/>
                  <when absolute="17:24:24" id="f1202014.t248"/>
                  <when absolute="17:24:58" id="f1202014.t249"/>
                  <when absolute="17:26:35" id="f1202014.t250"/>
                  <when absolute="17:27:18" id="f1202014.t251"/>
                  <when absolute="17:27:23" id="f1202014.t252"/>
                  <when absolute="17:28:08" id="f1202014.t253"/>
                  <when absolute="17:28:27" id="f1202014.t254"/>
                  <when absolute="17:28:30" id="f1202014.t255"/>
                  <when absolute="17:28:53" id="f1202014.t256"/>
                  <when absolute="17:29:03" id="f1202014.t257"/>
                  <when absolute="17:29:40" id="f1202014.t258"/>
                  <when absolute="17:30:10" id="f1202014.t259"/>
                  <when absolute="17:30:35" id="f1202014.t260"/>
                  <when absolute="17:31:26" id="f1202014.t261"/>
                  <when absolute="17:31:56" id="f1202014.t262"/>
                  <when absolute="17:32:49" id="f1202014.t263"/>
                  <when absolute="17:33:17" id="f1202014.t264"/>
                  <when absolute="17:33:20" id="f1202014.t265"/>
                  <when absolute="17:34:22" id="f1202014.t266"/>
                  <when absolute="17:34:35" id="f1202014.t267"/>
                  <when absolute="17:35:29" id="f1202014.t268"/>
                  <when absolute="17:35:34" id="f1202014.t269"/>
                  <when absolute="17:35:41" id="f1202014.t270"/>
                  <when absolute="17:36:32" id="f1202014.t271"/>
                  <when absolute="17:37:02" id="f1202014.t272"/>
                  <when absolute="17:37:46" id="f1202014.t273"/>
                  <when absolute="17:38:31" id="f1202014.t274"/>
                  <when absolute="17:38:34" id="f1202014.t275"/>
                  <when absolute="17:39:53" id="f1202014.t276"/>
                  <when absolute="17:40:10" id="f1202014.t277"/>
                  <when absolute="17:40:20" id="f1202014.t278"/>
                  <when absolute="17:40:32" id="f1202014.t279"/>
                  <when absolute="17:40:42" id="f1202014.t280"/>
                  <when absolute="17:41:06" id="f1202014.t281"/>
                  <when absolute="17:41:43" id="f1202014.t282"/>
                  <when absolute="17:41:49" id="f1202014.t283"/>
                  <when absolute="17:41:56" id="f1202014.t284"/>
                  <when absolute="17:42:08" id="f1202014.t285"/>
                  <when absolute="17:42:20" id="f1202014.t286"/>
                  <when absolute="17:42:24" id="f1202014.t287"/>
                  <when absolute="17:42:43" id="f1202014.t288"/>
                  <when absolute="17:42:48" id="f1202014.t289"/>
                  <when absolute="17:42:49" id="f1202014.t290"/>
                  <when absolute="17:43:38" id="f1202014.t291"/>
                  <when absolute="17:43:41" id="f1202014.t292"/>
                  <when absolute="17:43:49" id="f1202014.t293"/>
                  <when absolute="17:44:06" id="f1202014.t294"/>
                  <when absolute="17:44:09" id="f1202014.t295"/>
                  <when absolute="17:44:10" id="f1202014.t296"/>
                  <when absolute="17:44:39" id="f1202014.t297"/>
                  <when absolute="17:44:42" id="f1202014.t298"/>
                  <when absolute="17:45:11" id="f1202014.t299"/>
                  <when absolute="17:45:24" id="f1202014.t300"/>
                  <when absolute="17:45:42" id="f1202014.t301"/>
                  <when absolute="17:45:47" id="f1202014.t302"/>
                  <when absolute="17:45:53" id="f1202014.t303"/>
                  <when absolute="17:46:17" id="f1202014.t304"/>
                  <when absolute="17:46:20" id="f1202014.t305"/>
                  <when absolute="17:46:23" id="f1202014.t306"/>
                  <when absolute="17:46:36" id="f1202014.t307"/>
                  <when absolute="17:46:45" id="f1202014.t308"/>
                  <when absolute="17:46:49" id="f1202014.t309"/>
                  <when absolute="17:46:54" id="f1202014.t310"/>
                  <when absolute="17:47:02" id="f1202014.t311"/>
                  <when absolute="17:47:06" id="f1202014.t312"/>
                  <when absolute="17:47:40" id="f1202014.t313"/>
                  <when absolute="17:47:47" id="f1202014.t314"/>
                  <when absolute="17:47:51" id="f1202014.t315"/>
                  <when absolute="17:48:09" id="f1202014.t316"/>
                  <when absolute="17:48:19" id="f1202014.t317"/>
                  <when absolute="17:48:24" id="f1202014.t318"/>
                  <when absolute="17:48:42" id="f1202014.t319"/>
                  <when absolute="17:48:59" id="f1202014.t320"/>
                  <when absolute="17:49:07" id="f1202014.t321"/>
                  <when absolute="17:49:12" id="f1202014.t322"/>
                  <when absolute="17:49:27" id="f1202014.t323"/>
                  <when absolute="17:49:49" id="f1202014.t324"/>
                  <when absolute="17:49:56" id="f1202014.t325"/>
                  <when absolute="17:50:14" id="f1202014.t326"/>
                  <when absolute="17:50:29" id="f1202014.t327"/>
                  <when absolute="17:50:34" id="f1202014.t328"/>
                  <when absolute="17:50:42" id="f1202014.t329"/>
                  <when absolute="17:50:58" id="f1202014.t330"/>
                  <when absolute="17:51:03" id="f1202014.t331"/>
                  <when absolute="17:51:07" id="f1202014.t332"/>
                  <when absolute="17:53:32" id="f1202014.t333"/>
                  <when absolute="17:54:35" id="f1202014.t334"/>
                  <when absolute="17:55:17" id="f1202014.t335"/>
                  <when absolute="17:56:27" id="f1202014.t336"/>
                  <when absolute="17:57:01" id="f1202014.t337"/>
                  <when absolute="17:57:10" id="f1202014.t338"/>
                  <when absolute="17:57:22" id="f1202014.t339"/>
                  <when absolute="17:57:39" id="f1202014.t340"/>
                  <when absolute="17:57:41" id="f1202014.t341"/>
                  <when absolute="17:59:52" id="f1202014.t342"/>
                  <when absolute="18:00:25" id="f1202014.t343"/>
                  <when absolute="18:01:14" id="f1202014.t344"/>
                  <when absolute="18:02:15" id="f1202014.t345"/>
                  <when absolute="18:02:27" id="f1202014.t346"/>
                  <when absolute="18:02:44" id="f1202014.t347"/>
                  <when absolute="18:02:51" id="f1202014.t348"/>
                  <when absolute="18:03:05" id="f1202014.t349"/>
                  <when absolute="18:03:26" id="f1202014.t350"/>
                  <when absolute="18:03:30" id="f1202014.t351"/>
                  <when absolute="18:03:53" id="f1202014.t352"/>
                  <when absolute="18:03:57" id="f1202014.t353"/>
                  <when absolute="18:04:11" id="f1202014.t354"/>
                  <when absolute="18:05:12" id="f1202014.t355"/>
                  <when absolute="18:05:24" id="f1202014.t356"/>
                  <when absolute="18:05:38" id="f1202014.t357"/>
                  <when absolute="18:06:45" id="f1202014.t358"/>
                  <when absolute="18:06:48" id="f1202014.t359"/>
                  <when absolute="18:08:18" id="f1202014.t360"/>
                  <when absolute="18:09:35" id="f1202014.t361"/>
                  <when absolute="18:10:37" id="f1202014.t362"/>
                  <when absolute="18:10:39" id="f1202014.t363"/>
                  <when absolute="18:10:57" id="f1202014.t364"/>
                  <when absolute="18:11:36" id="f1202014.t365"/>
                  <when absolute="18:12:09" id="f1202014.t366"/>
                  <when absolute="18:12:17" id="f1202014.t367"/>
                  <when absolute="18:12:40" id="f1202014.t368"/>
                  <when absolute="18:13:03" id="f1202014.t369"/>
                  <when absolute="18:13:19" id="f1202014.t370"/>
                  <when absolute="18:13:45" id="f1202014.t371"/>
                  <when absolute="18:14:24" id="f1202014.t372"/>
                  <when absolute="18:14:43" id="f1202014.t373"/>
                </timeline>
              </activity>
            </setting>
          </settingDesc>
          <textClass Default="n">
            <catRef scheme="handlungsbereiche" target="h1202000"/>
            <catRef n="1" scheme="topic" target="topic.staat-gesellschaft.biographien-interviews"/>
          </textClass>
          <textDesc Default="n">
            <textType>Chat</textType>
            <textTypeRef>Chat-Logfile</textTypeRef>
            <textTypeArt>Chat:Chat-Logfile</textTypeArt>
          </textDesc>
          <creation>
            <creatDate>2004.06.17</creatDate>
            <creatRef>(Posting: 17.6.2004)</creatRef>
            <creatRefShort>(Posting: 17.6.2004)</creatRefShort>
          </creation>
        </profileDesc>
        <revisionDesc id="f1202014.revisionDesc" status="draft">
          <change n="1" status="draft" who="#f1202014.e6">chatXML: Metadaten eingefügt</change>
          <change n="2" status="draft" who="#f1202014.e6">chatXML: Datei umbenannt, estimatedGender ergänzt</change>
          <change n="3" status="draft" who="#f1202014.e7">chatXML: tokenisiert,getaggt,lemmatisiert</change>
          <change n="4" status="draft" who="#f1202014.e5">conversion to TEI using dcc2clarin.xsl, 2016-05-20T18:30:58.058+02:00</change>
          <change n="5" status="draft" who="#f1202014.e5">basic anonymisation using anonymise.xsl, 2016-05-20T18:43:02.455+02:00</change>
          <change n="6" status="draft" who="#f1202014.e5">post-processing, using postprocess-phase-II.xsl, 2016-07-26T17:45:35.575+02:00</change>
          <change n="7" status="draft" who="#f1202014.e8">manual anonymisation, phase III, August-December 2016</change>
          <change n="8" status="draft" who="#f1202014.e5">post-processing, using postprocess-phase-III.xsl, 2017-03-24T17:35:53.011+01:00</change>
        </revisionDesc>
      </idsHeader>