<?xml version="1.0" encoding="UTF-8"?>
<?xml-model href="span.rng"
            type="application/xml"
            schematypens="http://relaxng.org/ns/structure/1.0"?>
<layer docid="DCK_CPR.00162"
       xmlns="http://ids-mannheim.de/ns/KorAP"
       version="KorAP-0.4">
  <spanList>
    <span id="s0" from="0" to="8405" l="1">
      <fs type="struct" xmlns="http://www.tei-c.org/ns/1.0">
        <f name="name">text</f>
      </fs>
    </span>
    <span id="s1" from="0" to="8405" l="2">
      <fs type="struct" xmlns="http://www.tei-c.org/ns/1.0">
        <f name="name">body</f>
      </fs>
    </span>
    <span id="s2" from="0" to="8405" l="3">
      <fs type="struct" xmlns="http://www.tei-c.org/ns/1.0">
        <f name="name">div</f>
        <f name="attr">
          <fs type="attr">
            <f name="complete">y</f>
            <f name="org">uniform</f>
            <f name="part">N</f>
            <f name="sample">complete</f>
            <f name="type">logfile</f>
          </fs>
        </f>
      </fs>
    </span>
    <span id="s3" from="0" to="114" l="4">
      <fs type="struct" xmlns="http://www.tei-c.org/ns/1.0">
        <f name="name">posting</f>
        <f name="attr">
          <fs type="attr">
            <f name="id">f1306024.m1</f>
            <f name="rend">color:#003366</f>
            <f name="type">standard</f>
            <f name="who">#f1306024.A01</f>
          </fs>
        </f>
      </fs>
    </span>
    <span id="s4" from="0" to="114" l="5">
      <fs type="struct" xmlns="http://www.tei-c.org/ns/1.0">
        <f name="name">p</f>
        <f name="attr">
          <fs type="attr">
            <f name="part">N</f>
          </fs>
        </f>
      </fs>
    </span>
    <span id="s5" from="1" to="114" l="6">
      <fs type="struct" xmlns="http://www.tei-c.org/ns/1.0">
        <f name="name">s</f>
        <f name="attr">
          <fs type="attr">
            <f name="part">N</f>
          </fs>
        </f>
      </fs>
    </span>
    <span id="s6" from="114" to="199" l="4">
      <fs type="struct" xmlns="http://www.tei-c.org/ns/1.0">
        <f name="name">posting</f>
        <f name="attr">
          <fs type="attr">
            <f name="id">f1306024.m2</f>
            <f name="rend">color:black</f>
            <f name="type">standard</f>
            <f name="who">#f1306024.A02</f>
          </fs>
        </f>
      </fs>
    </span>
    <span id="s7" from="115" to="199" l="5">
      <fs type="struct" xmlns="http://www.tei-c.org/ns/1.0">
        <f name="name">p</f>
        <f name="attr">
          <fs type="attr">
            <f name="part">N</f>
          </fs>
        </f>
      </fs>
    </span>
    <span id="s8" from="116" to="146" l="6">
      <fs type="struct" xmlns="http://www.tei-c.org/ns/1.0">
        <f name="name">s</f>
        <f name="attr">
          <fs type="attr">
            <f name="part">N</f>
          </fs>
        </f>
      </fs>
    </span>
    <span id="s9" from="146" to="199" l="6">
      <fs type="struct" xmlns="http://www.tei-c.org/ns/1.0">
        <f name="name">s</f>
        <f name="attr">
          <fs type="attr">
            <f name="part">N</f>
          </fs>
        </f>
      </fs>
    </span>
    <span id="s10" from="199" to="238" l="4">
      <fs type="struct" xmlns="http://www.tei-c.org/ns/1.0">
        <f name="name">posting</f>
        <f name="attr">
          <fs type="attr">
            <f name="id">f1306024.m3</f>
            <f name="rend">color:#003366</f>
            <f name="type">standard</f>
            <f name="who">#f1306024.A03</f>
          </fs>
        </f>
      </fs>
    </span>
    <span id="s11" from="200" to="238" l="5">
      <fs type="struct" xmlns="http://www.tei-c.org/ns/1.0">
        <f name="name">p</f>
        <f name="attr">
          <fs type="attr">
            <f name="part">N</f>
          </fs>
        </f>
      </fs>
    </span>
    <span id="s12" from="201" to="238" l="6">
      <fs type="struct" xmlns="http://www.tei-c.org/ns/1.0">
        <f name="name">s</f>
        <f name="attr">
          <fs type="attr">
            <f name="part">N</f>
          </fs>
        </f>
      </fs>
    </span>
    <span id="s13" from="238" to="384" l="4">
      <fs type="struct" xmlns="http://www.tei-c.org/ns/1.0">
        <f name="name">posting</f>
        <f name="attr">
          <fs type="attr">
            <f name="id">f1306024.m4</f>
            <f name="rend">color:black</f>
            <f name="type">standard</f>
            <f name="who">#f1306024.A02</f>
          </fs>
        </f>
      </fs>
    </span>
    <span id="s14" from="239" to="384" l="5">
      <fs type="struct" xmlns="http://www.tei-c.org/ns/1.0">
        <f name="name">p</f>
        <f name="attr">
          <fs type="attr">
            <f name="part">N</f>
          </fs>
        </f>
      </fs>
    </span>
    <span id="s15" from="240" to="322" l="6">
      <fs type="struct" xmlns="http://www.tei-c.org/ns/1.0">
        <f name="name">s</f>
        <f name="attr">
          <fs type="attr">
            <f name="part">N</f>
          </fs>
        </f>
      </fs>
    </span>
    <span id="s16" from="322" to="384" l="6">
      <fs type="struct" xmlns="http://www.tei-c.org/ns/1.0">
        <f name="name">s</f>
        <f name="attr">
          <fs type="attr">
            <f name="part">N</f>
          </fs>
        </f>
      </fs>
    </span>
    <span id="s17" from="384" to="452" l="4">
      <fs type="struct" xmlns="http://www.tei-c.org/ns/1.0">
        <f name="name">posting</f>
        <f name="attr">
          <fs type="attr">
            <f name="id">f1306024.m5</f>
            <f name="rend">color:#003366</f>
            <f name="type">standard</f>
            <f name="who">#f1306024.A01</f>
          </fs>
        </f>
      </fs>
    </span>
    <span id="s18" from="385" to="452" l="5">
      <fs type="struct" xmlns="http://www.tei-c.org/ns/1.0">
        <f name="name">p</f>
        <f name="attr">
          <fs type="attr">
            <f name="part">N</f>
          </fs>
        </f>
      </fs>
    </span>
    <span id="s19" from="386" to="452" l="6">
      <fs type="struct" xmlns="http://www.tei-c.org/ns/1.0">
        <f name="name">s</f>
        <f name="attr">
          <fs type="attr">
            <f name="part">N</f>
          </fs>
        </f>
      </fs>
    </span>
    <span id="s20" from="452" to="525" l="4">
      <fs type="struct" xmlns="http://www.tei-c.org/ns/1.0">
        <f name="name">posting</f>
        <f name="attr">
          <fs type="attr">
            <f name="id">f1306024.m6</f>
            <f name="rend">color:black</f>
            <f name="type">standard</f>
            <f name="who">#f1306024.A02</f>
          </fs>
        </f>
      </fs>
    </span>
    <span id="s21" from="453" to="525" l="5">
      <fs type="struct" xmlns="http://www.tei-c.org/ns/1.0">
        <f name="name">p</f>
        <f name="attr">
          <fs type="attr">
            <f name="part">N</f>
          </fs>
        </f>
      </fs>
    </span>
    <span id="s22" from="454" to="525" l="6">
      <fs type="struct" xmlns="http://www.tei-c.org/ns/1.0">
        <f name="name">s</f>
        <f name="attr">
          <fs type="attr">
            <f name="part">N</f>
          </fs>
        </f>
      </fs>
    </span>
    <span id="s23" from="525" to="650" l="4">
      <fs type="struct" xmlns="http://www.tei-c.org/ns/1.0">
        <f name="name">posting</f>
        <f name="attr">
          <fs type="attr">
            <f name="id">f1306024.m7</f>
            <f name="rend">color:#003366</f>
            <f name="type">standard</f>
            <f name="who">#f1306024.A04</f>
          </fs>
        </f>
      </fs>
    </span>
    <span id="s24" from="526" to="650" l="5">
      <fs type="struct" xmlns="http://www.tei-c.org/ns/1.0">
        <f name="name">p</f>
        <f name="attr">
          <fs type="attr">
            <f name="part">N</f>
          </fs>
        </f>
      </fs>
    </span>
    <span id="s25" from="527" to="624" l="6">
      <fs type="struct" xmlns="http://www.tei-c.org/ns/1.0">
        <f name="name">s</f>
        <f name="attr">
          <fs type="attr">
            <f name="part">N</f>
          </fs>
        </f>
      </fs>
    </span>
    <span id="s26" from="624" to="650" l="6">
      <fs type="struct" xmlns="http://www.tei-c.org/ns/1.0">
        <f name="name">s</f>
        <f name="attr">
          <fs type="attr">
            <f name="part">N</f>
          </fs>
        </f>
      </fs>
    </span>
    <span id="s27" from="650" to="790" l="4">
      <fs type="struct" xmlns="http://www.tei-c.org/ns/1.0">
        <f name="name">posting</f>
        <f name="attr">
          <fs type="attr">
            <f name="id">f1306024.m8</f>
            <f name="rend">color:black</f>
            <f name="type">standard</f>
            <f name="who">#f1306024.A02</f>
          </fs>
        </f>
      </fs>
    </span>
    <span id="s28" from="651" to="790" l="5">
      <fs type="struct" xmlns="http://www.tei-c.org/ns/1.0">
        <f name="name">p</f>
        <f name="attr">
          <fs type="attr">
            <f name="part">N</f>
          </fs>
        </f>
      </fs>
    </span>
    <span id="s29" from="652" to="754" l="6">
      <fs type="struct" xmlns="http://www.tei-c.org/ns/1.0">
        <f name="name">s</f>
        <f name="attr">
          <fs type="attr">
            <f name="part">N</f>
          </fs>
        </f>
      </fs>
    </span>
    <span id="s30" from="754" to="790" l="6">
      <fs type="struct" xmlns="http://www.tei-c.org/ns/1.0">
        <f name="name">s</f>
        <f name="attr">
          <fs type="attr">
            <f name="part">N</f>
          </fs>
        </f>
      </fs>
    </span>
    <span id="s31" from="790" to="916" l="4">
      <fs type="struct" xmlns="http://www.tei-c.org/ns/1.0">
        <f name="name">posting</f>
        <f name="attr">
          <fs type="attr">
            <f name="id">f1306024.m9</f>
            <f name="rend">color:#003366</f>
            <f name="type">standard</f>
            <f name="who">#f1306024.A05</f>
          </fs>
        </f>
      </fs>
    </span>
    <span id="s32" from="791" to="916" l="5">
      <fs type="struct" xmlns="http://www.tei-c.org/ns/1.0">
        <f name="name">p</f>
        <f name="attr">
          <fs type="attr">
            <f name="part">N</f>
          </fs>
        </f>
      </fs>
    </span>
    <span id="s33" from="792" to="873" l="6">
      <fs type="struct" xmlns="http://www.tei-c.org/ns/1.0">
        <f name="name">s</f>
        <f name="attr">
          <fs type="attr">
            <f name="part">N</f>
          </fs>
        </f>
      </fs>
    </span>
    <span id="s34" from="873" to="916" l="6">
      <fs type="struct" xmlns="http://www.tei-c.org/ns/1.0">
        <f name="name">s</f>
        <f name="attr">
          <fs type="attr">
            <f name="part">N</f>
          </fs>
        </f>
      </fs>
    </span>
    <span id="s35" from="916" to="1104" l="4">
      <fs type="struct" xmlns="http://www.tei-c.org/ns/1.0">
        <f name="name">posting</f>
        <f name="attr">
          <fs type="attr">
            <f name="id">f1306024.m10</f>
            <f name="rend">color:black</f>
            <f name="type">standard</f>
            <f name="who">#f1306024.A02</f>
          </fs>
        </f>
      </fs>
    </span>
    <span id="s36" from="917" to="1104" l="5">
      <fs type="struct" xmlns="http://www.tei-c.org/ns/1.0">
        <f name="name">p</f>
        <f name="attr">
          <fs type="attr">
            <f name="part">N</f>
          </fs>
        </f>
      </fs>
    </span>
    <span id="s37" from="918" to="1045" l="6">
      <fs type="struct" xmlns="http://www.tei-c.org/ns/1.0">
        <f name="name">s</f>
        <f name="attr">
          <fs type="attr">
            <f name="part">N</f>
          </fs>
        </f>
      </fs>
    </span>
    <span id="s38" from="1045" to="1104" l="6">
      <fs type="struct" xmlns="http://www.tei-c.org/ns/1.0">
        <f name="name">s</f>
        <f name="attr">
          <fs type="attr">
            <f name="part">N</f>
          </fs>
        </f>
      </fs>
    </span>
    <span id="s39" from="1104" to="1340" l="4">
      <fs type="struct" xmlns="http://www.tei-c.org/ns/1.0">
        <f name="name">posting</f>
        <f name="attr">
          <fs type="attr">
            <f name="id">f1306024.m11</f>
            <f name="rend">color:#003366</f>
            <f name="type">standard</f>
            <f name="who">#f1306024.A06</f>
          </fs>
        </f>
      </fs>
    </span>
    <span id="s40" from="1105" to="1340" l="5">
      <fs type="struct" xmlns="http://www.tei-c.org/ns/1.0">
        <f name="name">p</f>
        <f name="attr">
          <fs type="attr">
            <f name="part">N</f>
          </fs>
        </f>
      </fs>
    </span>
    <span id="s41" from="1106" to="1187" l="6">
      <fs type="struct" xmlns="http://www.tei-c.org/ns/1.0">
        <f name="name">s</f>
        <f name="attr">
          <fs type="attr">
            <f name="part">N</f>
          </fs>
        </f>
      </fs>
    </span>
    <span id="s42" from="1187" to="1230" l="6">
      <fs type="struct" xmlns="http://www.tei-c.org/ns/1.0">
        <f name="name">s</f>
        <f name="attr">
          <fs type="attr">
            <f name="part">N</f>
          </fs>
        </f>
      </fs>
    </span>
    <span id="s43" from="1210" to="1227" l="7">
      <fs type="struct" xmlns="http://www.tei-c.org/ns/1.0">
        <f name="name">name</f>
        <f name="attr">
          <fs type="attr">
            <f name="full">yes</f>
            <f name="instant">false</f>
            <f name="type">OTH</f>
          </fs>
        </f>
      </fs>
    </span>
    <span id="s44" from="1230" to="1309" l="6">
      <fs type="struct" xmlns="http://www.tei-c.org/ns/1.0">
        <f name="name">s</f>
        <f name="attr">
          <fs type="attr">
            <f name="part">N</f>
          </fs>
        </f>
      </fs>
    </span>
    <span id="s45" from="1309" to="1340" l="6">
      <fs type="struct" xmlns="http://www.tei-c.org/ns/1.0">
        <f name="name">s</f>
        <f name="attr">
          <fs type="attr">
            <f name="part">N</f>
          </fs>
        </f>
      </fs>
    </span>
    <span id="s46" from="1316" to="1337" l="7">
      <fs type="struct" xmlns="http://www.tei-c.org/ns/1.0">
        <f name="name">name</f>
        <f name="attr">
          <fs type="attr">
            <f name="corresp">#f1306024.A06</f>
            <f name="full">yes</f>
            <f name="instant">false</f>
            <f name="type">NICK</f>
          </fs>
        </f>
      </fs>
    </span>
    <span id="s47" from="1340" to="1450" l="4">
      <fs type="struct" xmlns="http://www.tei-c.org/ns/1.0">
        <f name="name">posting</f>
        <f name="attr">
          <fs type="attr">
            <f name="id">f1306024.m12</f>
            <f name="rend">color:black</f>
            <f name="type">standard</f>
            <f name="who">#f1306024.A02</f>
          </fs>
        </f>
      </fs>
    </span>
    <span id="s48" from="1341" to="1450" l="5">
      <fs type="struct" xmlns="http://www.tei-c.org/ns/1.0">
        <f name="name">p</f>
        <f name="attr">
          <fs type="attr">
            <f name="part">N</f>
          </fs>
        </f>
      </fs>
    </span>
    <span id="s49" from="1342" to="1373" l="6">
      <fs type="struct" xmlns="http://www.tei-c.org/ns/1.0">
        <f name="name">s</f>
        <f name="attr">
          <fs type="attr">
            <f name="part">N</f>
          </fs>
        </f>
      </fs>
    </span>
    <span id="s50" from="1343" to="1370" l="7">
      <fs type="struct" xmlns="http://www.tei-c.org/ns/1.0">
        <f name="name">ref</f>
        <f name="attr">
          <fs type="attr">
            <f name="corresp">#f1306024.A06</f>
            <f name="type">addressingTerm</f>
          </fs>
        </f>
      </fs>
    </span>
    <span id="s51" from="1373" to="1429" l="6">
      <fs type="struct" xmlns="http://www.tei-c.org/ns/1.0">
        <f name="name">s</f>
        <f name="attr">
          <fs type="attr">
            <f name="part">N</f>
          </fs>
        </f>
      </fs>
    </span>
    <span id="s52" from="1429" to="1450" l="6">
      <fs type="struct" xmlns="http://www.tei-c.org/ns/1.0">
        <f name="name">s</f>
        <f name="attr">
          <fs type="attr">
            <f name="part">N</f>
          </fs>
        </f>
      </fs>
    </span>
    <span id="s53" from="1450" to="1508" l="4">
      <fs type="struct" xmlns="http://www.tei-c.org/ns/1.0">
        <f name="name">posting</f>
        <f name="attr">
          <fs type="attr">
            <f name="id">f1306024.m13</f>
            <f name="rend">color:#003366</f>
            <f name="type">standard</f>
            <f name="who">#f1306024.A01</f>
          </fs>
        </f>
      </fs>
    </span>
    <span id="s54" from="1451" to="1508" l="5">
      <fs type="struct" xmlns="http://www.tei-c.org/ns/1.0">
        <f name="name">p</f>
        <f name="attr">
          <fs type="attr">
            <f name="part">N</f>
          </fs>
        </f>
      </fs>
    </span>
    <span id="s55" from="1452" to="1508" l="6">
      <fs type="struct" xmlns="http://www.tei-c.org/ns/1.0">
        <f name="name">s</f>
        <f name="attr">
          <fs type="attr">
            <f name="part">N</f>
          </fs>
        </f>
      </fs>
    </span>
    <span id="s56" from="1508" to="1580" l="4">
      <fs type="struct" xmlns="http://www.tei-c.org/ns/1.0">
        <f name="name">posting</f>
        <f name="attr">
          <fs type="attr">
            <f name="id">f1306024.m14</f>
            <f name="rend">color:black</f>
            <f name="type">standard</f>
            <f name="who">#f1306024.A02</f>
          </fs>
        </f>
      </fs>
    </span>
    <span id="s57" from="1509" to="1580" l="5">
      <fs type="struct" xmlns="http://www.tei-c.org/ns/1.0">
        <f name="name">p</f>
        <f name="attr">
          <fs type="attr">
            <f name="part">N</f>
          </fs>
        </f>
      </fs>
    </span>
    <span id="s58" from="1510" to="1580" l="6">
      <fs type="struct" xmlns="http://www.tei-c.org/ns/1.0">
        <f name="name">s</f>
        <f name="attr">
          <fs type="attr">
            <f name="part">N</f>
          </fs>
        </f>
      </fs>
    </span>
    <span id="s59" from="1580" to="1779" l="4">
      <fs type="struct" xmlns="http://www.tei-c.org/ns/1.0">
        <f name="name">posting</f>
        <f name="attr">
          <fs type="attr">
            <f name="id">f1306024.m15</f>
            <f name="rend">color:#003366</f>
            <f name="type">standard</f>
            <f name="who">#f1306024.A07</f>
          </fs>
        </f>
      </fs>
    </span>
    <span id="s60" from="1581" to="1779" l="5">
      <fs type="struct" xmlns="http://www.tei-c.org/ns/1.0">
        <f name="name">p</f>
        <f name="attr">
          <fs type="attr">
            <f name="part">N</f>
          </fs>
        </f>
      </fs>
    </span>
    <span id="s61" from="1582" to="1664" l="6">
      <fs type="struct" xmlns="http://www.tei-c.org/ns/1.0">
        <f name="name">s</f>
        <f name="attr">
          <fs type="attr">
            <f name="part">N</f>
          </fs>
        </f>
      </fs>
    </span>
    <span id="s62" from="1583" to="1598" l="7">
      <fs type="struct" xmlns="http://www.tei-c.org/ns/1.0">
        <f name="name">ref</f>
        <f name="attr">
          <fs type="attr">
            <f name="corresp">#f1306024.A02</f>
            <f name="type">addressingTerm</f>
          </fs>
        </f>
      </fs>
    </span>
    <span id="s63" from="1664" to="1733" l="6">
      <fs type="struct" xmlns="http://www.tei-c.org/ns/1.0">
        <f name="name">s</f>
        <f name="attr">
          <fs type="attr">
            <f name="part">N</f>
          </fs>
        </f>
      </fs>
    </span>
    <span id="s64" from="1733" to="1779" l="6">
      <fs type="struct" xmlns="http://www.tei-c.org/ns/1.0">
        <f name="name">s</f>
        <f name="attr">
          <fs type="attr">
            <f name="part">N</f>
          </fs>
        </f>
      </fs>
    </span>
    <span id="s65" from="1779" to="1979" l="4">
      <fs type="struct" xmlns="http://www.tei-c.org/ns/1.0">
        <f name="name">posting</f>
        <f name="attr">
          <fs type="attr">
            <f name="id">f1306024.m16</f>
            <f name="rend">color:black</f>
            <f name="type">standard</f>
            <f name="who">#f1306024.A02</f>
          </fs>
        </f>
      </fs>
    </span>
    <span id="s66" from="1780" to="1979" l="5">
      <fs type="struct" xmlns="http://www.tei-c.org/ns/1.0">
        <f name="name">p</f>
        <f name="attr">
          <fs type="attr">
            <f name="part">N</f>
          </fs>
        </f>
      </fs>
    </span>
    <span id="s67" from="1781" to="1814" l="6">
      <fs type="struct" xmlns="http://www.tei-c.org/ns/1.0">
        <f name="name">s</f>
        <f name="attr">
          <fs type="attr">
            <f name="part">N</f>
          </fs>
        </f>
      </fs>
    </span>
    <span id="s68" from="1814" to="1885" l="6">
      <fs type="struct" xmlns="http://www.tei-c.org/ns/1.0">
        <f name="name">s</f>
        <f name="attr">
          <fs type="attr">
            <f name="part">N</f>
          </fs>
        </f>
      </fs>
    </span>
    <span id="s69" from="1885" to="1979" l="6">
      <fs type="struct" xmlns="http://www.tei-c.org/ns/1.0">
        <f name="name">s</f>
        <f name="attr">
          <fs type="attr">
            <f name="part">N</f>
          </fs>
        </f>
      </fs>
    </span>
    <span id="s70" from="1979" to="2062" l="4">
      <fs type="struct" xmlns="http://www.tei-c.org/ns/1.0">
        <f name="name">posting</f>
        <f name="attr">
          <fs type="attr">
            <f name="id">f1306024.m17</f>
            <f name="rend">color:#003366</f>
            <f name="type">standard</f>
            <f name="who">#f1306024.A08</f>
          </fs>
        </f>
      </fs>
    </span>
    <span id="s71" from="1980" to="2062" l="5">
      <fs type="struct" xmlns="http://www.tei-c.org/ns/1.0">
        <f name="name">p</f>
        <f name="attr">
          <fs type="attr">
            <f name="part">N</f>
          </fs>
        </f>
      </fs>
    </span>
    <span id="s72" from="1981" to="2062" l="6">
      <fs type="struct" xmlns="http://www.tei-c.org/ns/1.0">
        <f name="name">s</f>
        <f name="attr">
          <fs type="attr">
            <f name="part">N</f>
          </fs>
        </f>
      </fs>
    </span>
    <span id="s73" from="2062" to="2172" l="4">
      <fs type="struct" xmlns="http://www.tei-c.org/ns/1.0">
        <f name="name">posting</f>
        <f name="attr">
          <fs type="attr">
            <f name="id">f1306024.m18</f>
            <f name="rend">color:black</f>
            <f name="type">standard</f>
            <f name="who">#f1306024.A02</f>
          </fs>
        </f>
      </fs>
    </span>
    <span id="s74" from="2063" to="2172" l="5">
      <fs type="struct" xmlns="http://www.tei-c.org/ns/1.0">
        <f name="name">p</f>
        <f name="attr">
          <fs type="attr">
            <f name="part">N</f>
          </fs>
        </f>
      </fs>
    </span>
    <span id="s75" from="2064" to="2172" l="6">
      <fs type="struct" xmlns="http://www.tei-c.org/ns/1.0">
        <f name="name">s</f>
        <f name="attr">
          <fs type="attr">
            <f name="part">N</f>
          </fs>
        </f>
      </fs>
    </span>
    <span id="s76" from="2172" to="2337" l="4">
      <fs type="struct" xmlns="http://www.tei-c.org/ns/1.0">
        <f name="name">posting</f>
        <f name="attr">
          <fs type="attr">
            <f name="id">f1306024.m19</f>
            <f name="rend">color:#003366</f>
            <f name="type">standard</f>
            <f name="who">#f1306024.A09</f>
          </fs>
        </f>
      </fs>
    </span>
    <span id="s77" from="2173" to="2337" l="5">
      <fs type="struct" xmlns="http://www.tei-c.org/ns/1.0">
        <f name="name">p</f>
        <f name="attr">
          <fs type="attr">
            <f name="part">N</f>
          </fs>
        </f>
      </fs>
    </span>
    <span id="s78" from="2174" to="2223" l="6">
      <fs type="struct" xmlns="http://www.tei-c.org/ns/1.0">
        <f name="name">s</f>
        <f name="attr">
          <fs type="attr">
            <f name="part">N</f>
          </fs>
        </f>
      </fs>
    </span>
    <span id="s79" from="2223" to="2337" l="6">
      <fs type="struct" xmlns="http://www.tei-c.org/ns/1.0">
        <f name="name">s</f>
        <f name="attr">
          <fs type="attr">
            <f name="part">N</f>
          </fs>
        </f>
      </fs>
    </span>
    <span id="s80" from="2337" to="2533" l="4">
      <fs type="struct" xmlns="http://www.tei-c.org/ns/1.0">
        <f name="name">posting</f>
        <f name="attr">
          <fs type="attr">
            <f name="id">f1306024.m20</f>
            <f name="rend">color:black</f>
            <f name="type">standard</f>
            <f name="who">#f1306024.A02</f>
          </fs>
        </f>
      </fs>
    </span>
    <span id="s81" from="2338" to="2533" l="5">
      <fs type="struct" xmlns="http://www.tei-c.org/ns/1.0">
        <f name="name">p</f>
        <f name="attr">
          <fs type="attr">
            <f name="part">N</f>
          </fs>
        </f>
      </fs>
    </span>
    <span id="s82" from="2339" to="2417" l="6">
      <fs type="struct" xmlns="http://www.tei-c.org/ns/1.0">
        <f name="name">s</f>
        <f name="attr">
          <fs type="attr">
            <f name="part">N</f>
          </fs>
        </f>
      </fs>
    </span>
    <span id="s83" from="2417" to="2475" l="6">
      <fs type="struct" xmlns="http://www.tei-c.org/ns/1.0">
        <f name="name">s</f>
        <f name="attr">
          <fs type="attr">
            <f name="part">N</f>
          </fs>
        </f>
      </fs>
    </span>
    <span id="s84" from="2475" to="2533" l="6">
      <fs type="struct" xmlns="http://www.tei-c.org/ns/1.0">
        <f name="name">s</f>
        <f name="attr">
          <fs type="attr">
            <f name="part">N</f>
          </fs>
        </f>
      </fs>
    </span>
    <span id="s85" from="2533" to="2595" l="4">
      <fs type="struct" xmlns="http://www.tei-c.org/ns/1.0">
        <f name="name">posting</f>
        <f name="attr">
          <fs type="attr">
            <f name="id">f1306024.m21</f>
            <f name="rend">color:#003366</f>
            <f name="type">standard</f>
            <f name="who">#f1306024.A01</f>
          </fs>
        </f>
      </fs>
    </span>
    <span id="s86" from="2534" to="2595" l="5">
      <fs type="struct" xmlns="http://www.tei-c.org/ns/1.0">
        <f name="name">p</f>
        <f name="attr">
          <fs type="attr">
            <f name="part">N</f>
          </fs>
        </f>
      </fs>
    </span>
    <span id="s87" from="2535" to="2595" l="6">
      <fs type="struct" xmlns="http://www.tei-c.org/ns/1.0">
        <f name="name">s</f>
        <f name="attr">
          <fs type="attr">
            <f name="part">N</f>
          </fs>
        </f>
      </fs>
    </span>
    <span id="s88" from="2583" to="2592" l="7">
      <fs type="struct" xmlns="http://www.tei-c.org/ns/1.0">
        <f name="name">name</f>
        <f name="attr">
          <fs type="attr">
            <f name="corresp">#f1306024.A02</f>
            <f name="full">yes</f>
            <f name="instant">false</f>
            <f name="type">NICK</f>
          </fs>
        </f>
      </fs>
    </span>
    <span id="s89" from="2595" to="2641" l="4">
      <fs type="struct" xmlns="http://www.tei-c.org/ns/1.0">
        <f name="name">posting</f>
        <f name="attr">
          <fs type="attr">
            <f name="id">f1306024.m22</f>
            <f name="rend">color:black</f>
            <f name="type">standard</f>
            <f name="who">#f1306024.A02</f>
          </fs>
        </f>
      </fs>
    </span>
    <span id="s90" from="2596" to="2641" l="5">
      <fs type="struct" xmlns="http://www.tei-c.org/ns/1.0">
        <f name="name">p</f>
        <f name="attr">
          <fs type="attr">
            <f name="part">N</f>
          </fs>
        </f>
      </fs>
    </span>
    <span id="s91" from="2597" to="2641" l="6">
      <fs type="struct" xmlns="http://www.tei-c.org/ns/1.0">
        <f name="name">s</f>
        <f name="attr">
          <fs type="attr">
            <f name="part">N</f>
          </fs>
        </f>
      </fs>
    </span>
    <span id="s92" from="2641" to="2701" l="4">
      <fs type="struct" xmlns="http://www.tei-c.org/ns/1.0">
        <f name="name">posting</f>
        <f name="attr">
          <fs type="attr">
            <f name="id">f1306024.m23</f>
            <f name="rend">color:#003366</f>
            <f name="type">standard</f>
            <f name="who">#f1306024.A10</f>
          </fs>
        </f>
      </fs>
    </span>
    <span id="s93" from="2642" to="2701" l="5">
      <fs type="struct" xmlns="http://www.tei-c.org/ns/1.0">
        <f name="name">p</f>
        <f name="attr">
          <fs type="attr">
            <f name="part">N</f>
          </fs>
        </f>
      </fs>
    </span>
    <span id="s94" from="2643" to="2701" l="6">
      <fs type="struct" xmlns="http://www.tei-c.org/ns/1.0">
        <f name="name">s</f>
        <f name="attr">
          <fs type="attr">
            <f name="part">N</f>
          </fs>
        </f>
      </fs>
    </span>
    <span id="s95" from="2701" to="2762" l="4">
      <fs type="struct" xmlns="http://www.tei-c.org/ns/1.0">
        <f name="name">posting</f>
        <f name="attr">
          <fs type="attr">
            <f name="id">f1306024.m24</f>
            <f name="rend">color:black</f>
            <f name="type">standard</f>
            <f name="who">#f1306024.A02</f>
          </fs>
        </f>
      </fs>
    </span>
    <span id="s96" from="2702" to="2762" l="5">
      <fs type="struct" xmlns="http://www.tei-c.org/ns/1.0">
        <f name="name">p</f>
        <f name="attr">
          <fs type="attr">
            <f name="part">N</f>
          </fs>
        </f>
      </fs>
    </span>
    <span id="s97" from="2703" to="2762" l="6">
      <fs type="struct" xmlns="http://www.tei-c.org/ns/1.0">
        <f name="name">s</f>
        <f name="attr">
          <fs type="attr">
            <f name="part">N</f>
          </fs>
        </f>
      </fs>
    </span>
    <span id="s98" from="2762" to="2852" l="4">
      <fs type="struct" xmlns="http://www.tei-c.org/ns/1.0">
        <f name="name">posting</f>
        <f name="attr">
          <fs type="attr">
            <f name="id">f1306024.m25</f>
            <f name="rend">color:#003366</f>
            <f name="type">standard</f>
            <f name="who">#f1306024.A11</f>
          </fs>
        </f>
      </fs>
    </span>
    <span id="s99" from="2763" to="2852" l="5">
      <fs type="struct" xmlns="http://www.tei-c.org/ns/1.0">
        <f name="name">p</f>
        <f name="attr">
          <fs type="attr">
            <f name="part">N</f>
          </fs>
        </f>
      </fs>
    </span>
    <span id="s100" from="2764" to="2801" l="6">
      <fs type="struct" xmlns="http://www.tei-c.org/ns/1.0">
        <f name="name">s</f>
        <f name="attr">
          <fs type="attr">
            <f name="part">N</f>
          </fs>
        </f>
      </fs>
    </span>
    <span id="s101" from="2801" to="2852" l="6">
      <fs type="struct" xmlns="http://www.tei-c.org/ns/1.0">
        <f name="name">s</f>
        <f name="attr">
          <fs type="attr">
            <f name="part">N</f>
          </fs>
        </f>
      </fs>
    </span>
    <span id="s102" from="2852" to="2954" l="4">
      <fs type="struct" xmlns="http://www.tei-c.org/ns/1.0">
        <f name="name">posting</f>
        <f name="attr">
          <fs type="attr">
            <f name="id">f1306024.m26</f>
            <f name="rend">color:black</f>
            <f name="type">standard</f>
            <f name="who">#f1306024.A02</f>
          </fs>
        </f>
      </fs>
    </span>
    <span id="s103" from="2853" to="2954" l="5">
      <fs type="struct" xmlns="http://www.tei-c.org/ns/1.0">
        <f name="name">p</f>
        <f name="attr">
          <fs type="attr">
            <f name="part">N</f>
          </fs>
        </f>
      </fs>
    </span>
    <span id="s104" from="2854" to="2901" l="6">
      <fs type="struct" xmlns="http://www.tei-c.org/ns/1.0">
        <f name="name">s</f>
        <f name="attr">
          <fs type="attr">
            <f name="part">N</f>
          </fs>
        </f>
      </fs>
    </span>
    <span id="s105" from="2901" to="2954" l="6">
      <fs type="struct" xmlns="http://www.tei-c.org/ns/1.0">
        <f name="name">s</f>
        <f name="attr">
          <fs type="attr">
            <f name="part">N</f>
          </fs>
        </f>
      </fs>
    </span>
    <span id="s106" from="2954" to="3178" l="4">
      <fs type="struct" xmlns="http://www.tei-c.org/ns/1.0">
        <f name="name">posting</f>
        <f name="attr">
          <fs type="attr">
            <f name="id">f1306024.m27</f>
            <f name="rend">color:#003366</f>
            <f name="type">standard</f>
            <f name="who">#f1306024.A07</f>
          </fs>
        </f>
      </fs>
    </span>
    <span id="s107" from="2955" to="3178" l="5">
      <fs type="struct" xmlns="http://www.tei-c.org/ns/1.0">
        <f name="name">p</f>
        <f name="attr">
          <fs type="attr">
            <f name="part">N</f>
          </fs>
        </f>
      </fs>
    </span>
    <span id="s108" from="2956" to="3119" l="6">
      <fs type="struct" xmlns="http://www.tei-c.org/ns/1.0">
        <f name="name">s</f>
        <f name="attr">
          <fs type="attr">
            <f name="part">N</f>
          </fs>
        </f>
      </fs>
    </span>
    <span id="s109" from="3119" to="3178" l="6">
      <fs type="struct" xmlns="http://www.tei-c.org/ns/1.0">
        <f name="name">s</f>
        <f name="attr">
          <fs type="attr">
            <f name="part">N</f>
          </fs>
        </f>
      </fs>
    </span>
    <span id="s110" from="3178" to="3361" l="4">
      <fs type="struct" xmlns="http://www.tei-c.org/ns/1.0">
        <f name="name">posting</f>
        <f name="attr">
          <fs type="attr">
            <f name="id">f1306024.m28</f>
            <f name="rend">color:black</f>
            <f name="type">standard</f>
            <f name="who">#f1306024.A02</f>
          </fs>
        </f>
      </fs>
    </span>
    <span id="s111" from="3179" to="3361" l="5">
      <fs type="struct" xmlns="http://www.tei-c.org/ns/1.0">
        <f name="name">p</f>
        <f name="attr">
          <fs type="attr">
            <f name="part">N</f>
          </fs>
        </f>
      </fs>
    </span>
    <span id="s112" from="3180" to="3227" l="6">
      <fs type="struct" xmlns="http://www.tei-c.org/ns/1.0">
        <f name="name">s</f>
        <f name="attr">
          <fs type="attr">
            <f name="part">N</f>
          </fs>
        </f>
      </fs>
    </span>
    <span id="s113" from="3227" to="3282" l="6">
      <fs type="struct" xmlns="http://www.tei-c.org/ns/1.0">
        <f name="name">s</f>
        <f name="attr">
          <fs type="attr">
            <f name="part">N</f>
          </fs>
        </f>
      </fs>
    </span>
    <span id="s114" from="3282" to="3361" l="6">
      <fs type="struct" xmlns="http://www.tei-c.org/ns/1.0">
        <f name="name">s</f>
        <f name="attr">
          <fs type="attr">
            <f name="part">N</f>
          </fs>
        </f>
      </fs>
    </span>
    <span id="s115" from="3361" to="3473" l="4">
      <fs type="struct" xmlns="http://www.tei-c.org/ns/1.0">
        <f name="name">posting</f>
        <f name="attr">
          <fs type="attr">
            <f name="id">f1306024.m29</f>
            <f name="rend">color:#003366</f>
            <f name="type">standard</f>
            <f name="who">#f1306024.A12</f>
          </fs>
        </f>
      </fs>
    </span>
    <span id="s116" from="3362" to="3473" l="5">
      <fs type="struct" xmlns="http://www.tei-c.org/ns/1.0">
        <f name="name">p</f>
        <f name="attr">
          <fs type="attr">
            <f name="part">N</f>
          </fs>
        </f>
      </fs>
    </span>
    <span id="s117" from="3363" to="3473" l="6">
      <fs type="struct" xmlns="http://www.tei-c.org/ns/1.0">
        <f name="name">s</f>
        <f name="attr">
          <fs type="attr">
            <f name="part">N</f>
          </fs>
        </f>
      </fs>
    </span>
    <span id="s118" from="3473" to="3610" l="4">
      <fs type="struct" xmlns="http://www.tei-c.org/ns/1.0">
        <f name="name">posting</f>
        <f name="attr">
          <fs type="attr">
            <f name="id">f1306024.m30</f>
            <f name="rend">color:black</f>
            <f name="type">standard</f>
            <f name="who">#f1306024.A02</f>
          </fs>
        </f>
      </fs>
    </span>
    <span id="s119" from="3474" to="3610" l="5">
      <fs type="struct" xmlns="http://www.tei-c.org/ns/1.0">
        <f name="name">p</f>
        <f name="attr">
          <fs type="attr">
            <f name="part">N</f>
          </fs>
        </f>
      </fs>
    </span>
    <span id="s120" from="3475" to="3507" l="6">
      <fs type="struct" xmlns="http://www.tei-c.org/ns/1.0">
        <f name="name">s</f>
        <f name="attr">
          <fs type="attr">
            <f name="part">N</f>
          </fs>
        </f>
      </fs>
    </span>
    <span id="s121" from="3507" to="3610" l="6">
      <fs type="struct" xmlns="http://www.tei-c.org/ns/1.0">
        <f name="name">s</f>
        <f name="attr">
          <fs type="attr">
            <f name="part">N</f>
          </fs>
        </f>
      </fs>
    </span>
    <span id="s122" from="3610" to="3732" l="4">
      <fs type="struct" xmlns="http://www.tei-c.org/ns/1.0">
        <f name="name">posting</f>
        <f name="attr">
          <fs type="attr">
            <f name="id">f1306024.m31</f>
            <f name="rend">color:#003366</f>
            <f name="type">standard</f>
            <f name="who">#f1306024.A11</f>
          </fs>
        </f>
      </fs>
    </span>
    <span id="s123" from="3611" to="3732" l="5">
      <fs type="struct" xmlns="http://www.tei-c.org/ns/1.0">
        <f name="name">p</f>
        <f name="attr">
          <fs type="attr">
            <f name="part">N</f>
          </fs>
        </f>
      </fs>
    </span>
    <span id="s124" from="3612" to="3655" l="6">
      <fs type="struct" xmlns="http://www.tei-c.org/ns/1.0">
        <f name="name">s</f>
        <f name="attr">
          <fs type="attr">
            <f name="part">N</f>
          </fs>
        </f>
      </fs>
    </span>
    <span id="s125" from="3655" to="3732" l="6">
      <fs type="struct" xmlns="http://www.tei-c.org/ns/1.0">
        <f name="name">s</f>
        <f name="attr">
          <fs type="attr">
            <f name="part">N</f>
          </fs>
        </f>
      </fs>
    </span>
    <span id="s126" from="3732" to="3817" l="4">
      <fs type="struct" xmlns="http://www.tei-c.org/ns/1.0">
        <f name="name">posting</f>
        <f name="attr">
          <fs type="attr">
            <f name="id">f1306024.m32</f>
            <f name="rend">color:black</f>
            <f name="type">standard</f>
            <f name="who">#f1306024.A02</f>
          </fs>
        </f>
      </fs>
    </span>
    <span id="s127" from="3733" to="3817" l="5">
      <fs type="struct" xmlns="http://www.tei-c.org/ns/1.0">
        <f name="name">p</f>
        <f name="attr">
          <fs type="attr">
            <f name="part">N</f>
          </fs>
        </f>
      </fs>
    </span>
    <span id="s128" from="3734" to="3817" l="6">
      <fs type="struct" xmlns="http://www.tei-c.org/ns/1.0">
        <f name="name">s</f>
        <f name="attr">
          <fs type="attr">
            <f name="part">N</f>
          </fs>
        </f>
      </fs>
    </span>
    <span id="s129" from="3817" to="3882" l="4">
      <fs type="struct" xmlns="http://www.tei-c.org/ns/1.0">
        <f name="name">posting</f>
        <f name="attr">
          <fs type="attr">
            <f name="id">f1306024.m33</f>
            <f name="rend">color:#003366</f>
            <f name="type">standard</f>
            <f name="who">#f1306024.A13</f>
          </fs>
        </f>
      </fs>
    </span>
    <span id="s130" from="3818" to="3882" l="5">
      <fs type="struct" xmlns="http://www.tei-c.org/ns/1.0">
        <f name="name">p</f>
        <f name="attr">
          <fs type="attr">
            <f name="part">N</f>
          </fs>
        </f>
      </fs>
    </span>
    <span id="s131" from="3819" to="3882" l="6">
      <fs type="struct" xmlns="http://www.tei-c.org/ns/1.0">
        <f name="name">s</f>
        <f name="attr">
          <fs type="attr">
            <f name="part">N</f>
          </fs>
        </f>
      </fs>
    </span>
    <span id="s132" from="3820" to="3834" l="7">
      <fs type="struct" xmlns="http://www.tei-c.org/ns/1.0">
        <f name="name">ref</f>
        <f name="attr">
          <fs type="attr">
            <f name="corresp">#f1306024.A02</f>
            <f name="type">addressingTerm</f>
          </fs>
        </f>
      </fs>
    </span>
    <span id="s133" from="3882" to="4037" l="4">
      <fs type="struct" xmlns="http://www.tei-c.org/ns/1.0">
        <f name="name">posting</f>
        <f name="attr">
          <fs type="attr">
            <f name="id">f1306024.m34</f>
            <f name="rend">color:black</f>
            <f name="type">standard</f>
            <f name="who">#f1306024.A02</f>
          </fs>
        </f>
      </fs>
    </span>
    <span id="s134" from="3883" to="4037" l="5">
      <fs type="struct" xmlns="http://www.tei-c.org/ns/1.0">
        <f name="name">p</f>
        <f name="attr">
          <fs type="attr">
            <f name="part">N</f>
          </fs>
        </f>
      </fs>
    </span>
    <span id="s135" from="3884" to="3970" l="6">
      <fs type="struct" xmlns="http://www.tei-c.org/ns/1.0">
        <f name="name">s</f>
        <f name="attr">
          <fs type="attr">
            <f name="part">N</f>
          </fs>
        </f>
      </fs>
    </span>
    <span id="s136" from="3970" to="4037" l="6">
      <fs type="struct" xmlns="http://www.tei-c.org/ns/1.0">
        <f name="name">s</f>
        <f name="attr">
          <fs type="attr">
            <f name="part">N</f>
          </fs>
        </f>
      </fs>
    </span>
    <span id="s137" from="4037" to="4095" l="4">
      <fs type="struct" xmlns="http://www.tei-c.org/ns/1.0">
        <f name="name">posting</f>
        <f name="attr">
          <fs type="attr">
            <f name="id">f1306024.m35</f>
            <f name="rend">color:#003366</f>
            <f name="type">standard</f>
            <f name="who">#f1306024.A14</f>
          </fs>
        </f>
      </fs>
    </span>
    <span id="s138" from="4038" to="4095" l="5">
      <fs type="struct" xmlns="http://www.tei-c.org/ns/1.0">
        <f name="name">p</f>
        <f name="attr">
          <fs type="attr">
            <f name="part">N</f>
          </fs>
        </f>
      </fs>
    </span>
    <span id="s139" from="4039" to="4095" l="6">
      <fs type="struct" xmlns="http://www.tei-c.org/ns/1.0">
        <f name="name">s</f>
        <f name="attr">
          <fs type="attr">
            <f name="part">N</f>
          </fs>
        </f>
      </fs>
    </span>
    <span id="s140" from="4095" to="4192" l="4">
      <fs type="struct" xmlns="http://www.tei-c.org/ns/1.0">
        <f name="name">posting</f>
        <f name="attr">
          <fs type="attr">
            <f name="id">f1306024.m36</f>
            <f name="rend">color:black</f>
            <f name="type">standard</f>
            <f name="who">#f1306024.A02</f>
          </fs>
        </f>
      </fs>
    </span>
    <span id="s141" from="4096" to="4192" l="5">
      <fs type="struct" xmlns="http://www.tei-c.org/ns/1.0">
        <f name="name">p</f>
        <f name="attr">
          <fs type="attr">
            <f name="part">N</f>
          </fs>
        </f>
      </fs>
    </span>
    <span id="s142" from="4097" to="4192" l="6">
      <fs type="struct" xmlns="http://www.tei-c.org/ns/1.0">
        <f name="name">s</f>
        <f name="attr">
          <fs type="attr">
            <f name="part">N</f>
          </fs>
        </f>
      </fs>
    </span>
    <span id="s143" from="4192" to="4256" l="4">
      <fs type="struct" xmlns="http://www.tei-c.org/ns/1.0">
        <f name="name">posting</f>
        <f name="attr">
          <fs type="attr">
            <f name="id">f1306024.m37</f>
            <f name="rend">color:#003366</f>
            <f name="type">standard</f>
            <f name="who">#f1306024.A15</f>
          </fs>
        </f>
      </fs>
    </span>
    <span id="s144" from="4193" to="4256" l="5">
      <fs type="struct" xmlns="http://www.tei-c.org/ns/1.0">
        <f name="name">p</f>
        <f name="attr">
          <fs type="attr">
            <f name="part">N</f>
          </fs>
        </f>
      </fs>
    </span>
    <span id="s145" from="4194" to="4256" l="6">
      <fs type="struct" xmlns="http://www.tei-c.org/ns/1.0">
        <f name="name">s</f>
        <f name="attr">
          <fs type="attr">
            <f name="part">N</f>
          </fs>
        </f>
      </fs>
    </span>
    <span id="s146" from="4256" to="4357" l="4">
      <fs type="struct" xmlns="http://www.tei-c.org/ns/1.0">
        <f name="name">posting</f>
        <f name="attr">
          <fs type="attr">
            <f name="id">f1306024.m38</f>
            <f name="rend">color:black</f>
            <f name="type">standard</f>
            <f name="who">#f1306024.A02</f>
          </fs>
        </f>
      </fs>
    </span>
    <span id="s147" from="4257" to="4357" l="5">
      <fs type="struct" xmlns="http://www.tei-c.org/ns/1.0">
        <f name="name">p</f>
        <f name="attr">
          <fs type="attr">
            <f name="part">N</f>
          </fs>
        </f>
      </fs>
    </span>
    <span id="s148" from="4258" to="4296" l="6">
      <fs type="struct" xmlns="http://www.tei-c.org/ns/1.0">
        <f name="name">s</f>
        <f name="attr">
          <fs type="attr">
            <f name="part">N</f>
          </fs>
        </f>
      </fs>
    </span>
    <span id="s149" from="4296" to="4357" l="6">
      <fs type="struct" xmlns="http://www.tei-c.org/ns/1.0">
        <f name="name">s</f>
        <f name="attr">
          <fs type="attr">
            <f name="part">N</f>
          </fs>
        </f>
      </fs>
    </span>
    <span id="s150" from="4357" to="4506" l="4">
      <fs type="struct" xmlns="http://www.tei-c.org/ns/1.0">
        <f name="name">posting</f>
        <f name="attr">
          <fs type="attr">
            <f name="id">f1306024.m39</f>
            <f name="rend">color:#003366</f>
            <f name="type">standard</f>
            <f name="who">#f1306024.A16</f>
          </fs>
        </f>
      </fs>
    </span>
    <span id="s151" from="4358" to="4506" l="5">
      <fs type="struct" xmlns="http://www.tei-c.org/ns/1.0">
        <f name="name">p</f>
        <f name="attr">
          <fs type="attr">
            <f name="part">N</f>
          </fs>
        </f>
      </fs>
    </span>
    <span id="s152" from="4359" to="4506" l="6">
      <fs type="struct" xmlns="http://www.tei-c.org/ns/1.0">
        <f name="name">s</f>
        <f name="attr">
          <fs type="attr">
            <f name="part">N</f>
          </fs>
        </f>
      </fs>
    </span>
    <span id="s153" from="4506" to="4557" l="4">
      <fs type="struct" xmlns="http://www.tei-c.org/ns/1.0">
        <f name="name">posting</f>
        <f name="attr">
          <fs type="attr">
            <f name="id">f1306024.m40</f>
            <f name="rend">color:black</f>
            <f name="type">standard</f>
            <f name="who">#f1306024.A02</f>
          </fs>
        </f>
      </fs>
    </span>
    <span id="s154" from="4507" to="4557" l="5">
      <fs type="struct" xmlns="http://www.tei-c.org/ns/1.0">
        <f name="name">p</f>
        <f name="attr">
          <fs type="attr">
            <f name="part">N</f>
          </fs>
        </f>
      </fs>
    </span>
    <span id="s155" from="4508" to="4557" l="6">
      <fs type="struct" xmlns="http://www.tei-c.org/ns/1.0">
        <f name="name">s</f>
        <f name="attr">
          <fs type="attr">
            <f name="part">N</f>
          </fs>
        </f>
      </fs>
    </span>
    <span id="s156" from="4557" to="4658" l="4">
      <fs type="struct" xmlns="http://www.tei-c.org/ns/1.0">
        <f name="name">posting</f>
        <f name="attr">
          <fs type="attr">
            <f name="id">f1306024.m41</f>
            <f name="rend">color:#003366</f>
            <f name="type">standard</f>
            <f name="who">#f1306024.A17</f>
          </fs>
        </f>
      </fs>
    </span>
    <span id="s157" from="4558" to="4658" l="5">
      <fs type="struct" xmlns="http://www.tei-c.org/ns/1.0">
        <f name="name">p</f>
        <f name="attr">
          <fs type="attr">
            <f name="part">N</f>
          </fs>
        </f>
      </fs>
    </span>
    <span id="s158" from="4559" to="4615" l="6">
      <fs type="struct" xmlns="http://www.tei-c.org/ns/1.0">
        <f name="name">s</f>
        <f name="attr">
          <fs type="attr">
            <f name="part">N</f>
          </fs>
        </f>
      </fs>
    </span>
    <span id="s159" from="4615" to="4658" l="6">
      <fs type="struct" xmlns="http://www.tei-c.org/ns/1.0">
        <f name="name">s</f>
        <f name="attr">
          <fs type="attr">
            <f name="part">N</f>
          </fs>
        </f>
      </fs>
    </span>
    <span id="s160" from="4658" to="4811" l="4">
      <fs type="struct" xmlns="http://www.tei-c.org/ns/1.0">
        <f name="name">posting</f>
        <f name="attr">
          <fs type="attr">
            <f name="id">f1306024.m42</f>
            <f name="rend">color:black</f>
            <f name="type">standard</f>
            <f name="who">#f1306024.A02</f>
          </fs>
        </f>
      </fs>
    </span>
    <span id="s161" from="4659" to="4811" l="5">
      <fs type="struct" xmlns="http://www.tei-c.org/ns/1.0">
        <f name="name">p</f>
        <f name="attr">
          <fs type="attr">
            <f name="part">N</f>
          </fs>
        </f>
      </fs>
    </span>
    <span id="s162" from="4660" to="4727" l="6">
      <fs type="struct" xmlns="http://www.tei-c.org/ns/1.0">
        <f name="name">s</f>
        <f name="attr">
          <fs type="attr">
            <f name="part">N</f>
          </fs>
        </f>
      </fs>
    </span>
    <span id="s163" from="4727" to="4811" l="6">
      <fs type="struct" xmlns="http://www.tei-c.org/ns/1.0">
        <f name="name">s</f>
        <f name="attr">
          <fs type="attr">
            <f name="part">N</f>
          </fs>
        </f>
      </fs>
    </span>
    <span id="s164" from="4811" to="4990" l="4">
      <fs type="struct" xmlns="http://www.tei-c.org/ns/1.0">
        <f name="name">posting</f>
        <f name="attr">
          <fs type="attr">
            <f name="id">f1306024.m43</f>
            <f name="rend">color:#003366</f>
            <f name="type">standard</f>
            <f name="who">#f1306024.A13</f>
          </fs>
        </f>
      </fs>
    </span>
    <span id="s165" from="4812" to="4990" l="5">
      <fs type="struct" xmlns="http://www.tei-c.org/ns/1.0">
        <f name="name">p</f>
        <f name="attr">
          <fs type="attr">
            <f name="part">N</f>
          </fs>
        </f>
      </fs>
    </span>
    <span id="s166" from="4813" to="4990" l="6">
      <fs type="struct" xmlns="http://www.tei-c.org/ns/1.0">
        <f name="name">s</f>
        <f name="attr">
          <fs type="attr">
            <f name="part">N</f>
          </fs>
        </f>
      </fs>
    </span>
    <span id="s167" from="4814" to="4828" l="7">
      <fs type="struct" xmlns="http://www.tei-c.org/ns/1.0">
        <f name="name">ref</f>
        <f name="attr">
          <fs type="attr">
            <f name="corresp">#f1306024.A02</f>
            <f name="type">addressingTerm</f>
          </fs>
        </f>
      </fs>
    </span>
    <span id="s168" from="4990" to="5093" l="4">
      <fs type="struct" xmlns="http://www.tei-c.org/ns/1.0">
        <f name="name">posting</f>
        <f name="attr">
          <fs type="attr">
            <f name="id">f1306024.m44</f>
            <f name="rend">color:black</f>
            <f name="type">standard</f>
            <f name="who">#f1306024.A02</f>
          </fs>
        </f>
      </fs>
    </span>
    <span id="s169" from="4991" to="5093" l="5">
      <fs type="struct" xmlns="http://www.tei-c.org/ns/1.0">
        <f name="name">p</f>
        <f name="attr">
          <fs type="attr">
            <f name="part">N</f>
          </fs>
        </f>
      </fs>
    </span>
    <span id="s170" from="4992" to="5093" l="6">
      <fs type="struct" xmlns="http://www.tei-c.org/ns/1.0">
        <f name="name">s</f>
        <f name="attr">
          <fs type="attr">
            <f name="part">N</f>
          </fs>
        </f>
      </fs>
    </span>
    <span id="s171" from="5093" to="5191" l="4">
      <fs type="struct" xmlns="http://www.tei-c.org/ns/1.0">
        <f name="name">posting</f>
        <f name="attr">
          <fs type="attr">
            <f name="id">f1306024.m45</f>
            <f name="rend">color:#003366</f>
            <f name="type">standard</f>
            <f name="who">#f1306024.A16</f>
          </fs>
        </f>
      </fs>
    </span>
    <span id="s172" from="5094" to="5191" l="5">
      <fs type="struct" xmlns="http://www.tei-c.org/ns/1.0">
        <f name="name">p</f>
        <f name="attr">
          <fs type="attr">
            <f name="part">N</f>
          </fs>
        </f>
      </fs>
    </span>
    <span id="s173" from="5095" to="5191" l="6">
      <fs type="struct" xmlns="http://www.tei-c.org/ns/1.0">
        <f name="name">s</f>
        <f name="attr">
          <fs type="attr">
            <f name="part">N</f>
          </fs>
        </f>
      </fs>
    </span>
    <span id="s174" from="5173" to="5186" l="7">
      <fs type="struct" xmlns="http://www.tei-c.org/ns/1.0">
        <f name="name">ref</f>
        <f name="attr">
          <fs type="attr">
            <f name="corresp">#f1306024.A02</f>
            <f name="type">addressingTerm</f>
          </fs>
        </f>
      </fs>
    </span>
    <span id="s175" from="5191" to="5230" l="4">
      <fs type="struct" xmlns="http://www.tei-c.org/ns/1.0">
        <f name="name">posting</f>
        <f name="attr">
          <fs type="attr">
            <f name="id">f1306024.m46</f>
            <f name="rend">color:black</f>
            <f name="type">standard</f>
            <f name="who">#f1306024.A02</f>
          </fs>
        </f>
      </fs>
    </span>
    <span id="s176" from="5192" to="5230" l="5">
      <fs type="struct" xmlns="http://www.tei-c.org/ns/1.0">
        <f name="name">p</f>
        <f name="attr">
          <fs type="attr">
            <f name="part">N</f>
          </fs>
        </f>
      </fs>
    </span>
    <span id="s177" from="5193" to="5230" l="6">
      <fs type="struct" xmlns="http://www.tei-c.org/ns/1.0">
        <f name="name">s</f>
        <f name="attr">
          <fs type="attr">
            <f name="part">N</f>
          </fs>
        </f>
      </fs>
    </span>
    <span id="s178" from="5208" to="5229" l="7">
      <fs type="struct" xmlns="http://www.tei-c.org/ns/1.0">
        <f name="name">ref</f>
        <f name="attr">
          <fs type="attr">
            <f name="corresp">#f1306024.A16</f>
            <f name="type">addressingTerm</f>
          </fs>
        </f>
      </fs>
    </span>
    <span id="s179" from="5230" to="5363" l="4">
      <fs type="struct" xmlns="http://www.tei-c.org/ns/1.0">
        <f name="name">posting</f>
        <f name="attr">
          <fs type="attr">
            <f name="id">f1306024.m47</f>
            <f name="rend">color:#003366</f>
            <f name="type">standard</f>
            <f name="who">#f1306024.A04</f>
          </fs>
        </f>
      </fs>
    </span>
    <span id="s180" from="5231" to="5363" l="5">
      <fs type="struct" xmlns="http://www.tei-c.org/ns/1.0">
        <f name="name">p</f>
        <f name="attr">
          <fs type="attr">
            <f name="part">N</f>
          </fs>
        </f>
      </fs>
    </span>
    <span id="s181" from="5232" to="5297" l="6">
      <fs type="struct" xmlns="http://www.tei-c.org/ns/1.0">
        <f name="name">s</f>
        <f name="attr">
          <fs type="attr">
            <f name="part">N</f>
          </fs>
        </f>
      </fs>
    </span>
    <span id="s182" from="5297" to="5363" l="6">
      <fs type="struct" xmlns="http://www.tei-c.org/ns/1.0">
        <f name="name">s</f>
        <f name="attr">
          <fs type="attr">
            <f name="part">N</f>
          </fs>
        </f>
      </fs>
    </span>
    <span id="s183" from="5363" to="5563" l="4">
      <fs type="struct" xmlns="http://www.tei-c.org/ns/1.0">
        <f name="name">posting</f>
        <f name="attr">
          <fs type="attr">
            <f name="id">f1306024.m48</f>
            <f name="rend">color:black</f>
            <f name="type">standard</f>
            <f name="who">#f1306024.A02</f>
          </fs>
        </f>
      </fs>
    </span>
    <span id="s184" from="5364" to="5563" l="5">
      <fs type="struct" xmlns="http://www.tei-c.org/ns/1.0">
        <f name="name">p</f>
        <f name="attr">
          <fs type="attr">
            <f name="part">N</f>
          </fs>
        </f>
      </fs>
    </span>
    <span id="s185" from="5365" to="5521" l="6">
      <fs type="struct" xmlns="http://www.tei-c.org/ns/1.0">
        <f name="name">s</f>
        <f name="attr">
          <fs type="attr">
            <f name="part">N</f>
          </fs>
        </f>
      </fs>
    </span>
    <span id="s186" from="5521" to="5563" l="6">
      <fs type="struct" xmlns="http://www.tei-c.org/ns/1.0">
        <f name="name">s</f>
        <f name="attr">
          <fs type="attr">
            <f name="part">N</f>
          </fs>
        </f>
      </fs>
    </span>
    <span id="s187" from="5563" to="5669" l="4">
      <fs type="struct" xmlns="http://www.tei-c.org/ns/1.0">
        <f name="name">posting</f>
        <f name="attr">
          <fs type="attr">
            <f name="id">f1306024.m49</f>
            <f name="rend">color:#003366</f>
            <f name="type">standard</f>
            <f name="who">#f1306024.A18</f>
          </fs>
        </f>
      </fs>
    </span>
    <span id="s188" from="5564" to="5669" l="5">
      <fs type="struct" xmlns="http://www.tei-c.org/ns/1.0">
        <f name="name">p</f>
        <f name="attr">
          <fs type="attr">
            <f name="part">N</f>
          </fs>
        </f>
      </fs>
    </span>
    <span id="s189" from="5565" to="5669" l="6">
      <fs type="struct" xmlns="http://www.tei-c.org/ns/1.0">
        <f name="name">s</f>
        <f name="attr">
          <fs type="attr">
            <f name="part">N</f>
          </fs>
        </f>
      </fs>
    </span>
    <span id="s190" from="5669" to="5769" l="4">
      <fs type="struct" xmlns="http://www.tei-c.org/ns/1.0">
        <f name="name">posting</f>
        <f name="attr">
          <fs type="attr">
            <f name="id">f1306024.m50</f>
            <f name="rend">color:black</f>
            <f name="type">standard</f>
            <f name="who">#f1306024.A02</f>
          </fs>
        </f>
      </fs>
    </span>
    <span id="s191" from="5670" to="5769" l="5">
      <fs type="struct" xmlns="http://www.tei-c.org/ns/1.0">
        <f name="name">p</f>
        <f name="attr">
          <fs type="attr">
            <f name="part">N</f>
          </fs>
        </f>
      </fs>
    </span>
    <span id="s192" from="5671" to="5769" l="6">
      <fs type="struct" xmlns="http://www.tei-c.org/ns/1.0">
        <f name="name">s</f>
        <f name="attr">
          <fs type="attr">
            <f name="part">N</f>
          </fs>
        </f>
      </fs>
    </span>
    <span id="s193" from="5769" to="5838" l="4">
      <fs type="struct" xmlns="http://www.tei-c.org/ns/1.0">
        <f name="name">posting</f>
        <f name="attr">
          <fs type="attr">
            <f name="id">f1306024.m51</f>
            <f name="rend">color:#003366</f>
            <f name="type">standard</f>
            <f name="who">#f1306024.A15</f>
          </fs>
        </f>
      </fs>
    </span>
    <span id="s194" from="5770" to="5838" l="5">
      <fs type="struct" xmlns="http://www.tei-c.org/ns/1.0">
        <f name="name">p</f>
        <f name="attr">
          <fs type="attr">
            <f name="part">N</f>
          </fs>
        </f>
      </fs>
    </span>
    <span id="s195" from="5771" to="5838" l="6">
      <fs type="struct" xmlns="http://www.tei-c.org/ns/1.0">
        <f name="name">s</f>
        <f name="attr">
          <fs type="attr">
            <f name="part">N</f>
          </fs>
        </f>
      </fs>
    </span>
    <span id="s196" from="5838" to="5878" l="4">
      <fs type="struct" xmlns="http://www.tei-c.org/ns/1.0">
        <f name="name">posting</f>
        <f name="attr">
          <fs type="attr">
            <f name="id">f1306024.m52</f>
            <f name="rend">color:black</f>
            <f name="type">standard</f>
            <f name="who">#f1306024.A02</f>
          </fs>
        </f>
      </fs>
    </span>
    <span id="s197" from="5839" to="5878" l="5">
      <fs type="struct" xmlns="http://www.tei-c.org/ns/1.0">
        <f name="name">p</f>
        <f name="attr">
          <fs type="attr">
            <f name="part">N</f>
          </fs>
        </f>
      </fs>
    </span>
    <span id="s198" from="5840" to="5878" l="6">
      <fs type="struct" xmlns="http://www.tei-c.org/ns/1.0">
        <f name="name">s</f>
        <f name="attr">
          <fs type="attr">
            <f name="part">N</f>
          </fs>
        </f>
      </fs>
    </span>
    <span id="s199" from="5878" to="6049" l="4">
      <fs type="struct" xmlns="http://www.tei-c.org/ns/1.0">
        <f name="name">posting</f>
        <f name="attr">
          <fs type="attr">
            <f name="id">f1306024.m53</f>
            <f name="rend">color:#003366</f>
            <f name="type">standard</f>
            <f name="who">#f1306024.A04</f>
          </fs>
        </f>
      </fs>
    </span>
    <span id="s200" from="5879" to="6049" l="5">
      <fs type="struct" xmlns="http://www.tei-c.org/ns/1.0">
        <f name="name">p</f>
        <f name="attr">
          <fs type="attr">
            <f name="part">N</f>
          </fs>
        </f>
      </fs>
    </span>
    <span id="s201" from="5880" to="5971" l="6">
      <fs type="struct" xmlns="http://www.tei-c.org/ns/1.0">
        <f name="name">s</f>
        <f name="attr">
          <fs type="attr">
            <f name="part">N</f>
          </fs>
        </f>
      </fs>
    </span>
    <span id="s202" from="5971" to="6049" l="6">
      <fs type="struct" xmlns="http://www.tei-c.org/ns/1.0">
        <f name="name">s</f>
        <f name="attr">
          <fs type="attr">
            <f name="part">N</f>
          </fs>
        </f>
      </fs>
    </span>
    <span id="s203" from="6049" to="6241" l="4">
      <fs type="struct" xmlns="http://www.tei-c.org/ns/1.0">
        <f name="name">posting</f>
        <f name="attr">
          <fs type="attr">
            <f name="id">f1306024.m54</f>
            <f name="rend">color:black</f>
            <f name="type">standard</f>
            <f name="who">#f1306024.A02</f>
          </fs>
        </f>
      </fs>
    </span>
    <span id="s204" from="6050" to="6241" l="5">
      <fs type="struct" xmlns="http://www.tei-c.org/ns/1.0">
        <f name="name">p</f>
        <f name="attr">
          <fs type="attr">
            <f name="part">N</f>
          </fs>
        </f>
      </fs>
    </span>
    <span id="s205" from="6051" to="6123" l="6">
      <fs type="struct" xmlns="http://www.tei-c.org/ns/1.0">
        <f name="name">s</f>
        <f name="attr">
          <fs type="attr">
            <f name="part">N</f>
          </fs>
        </f>
      </fs>
    </span>
    <span id="s206" from="6123" to="6241" l="6">
      <fs type="struct" xmlns="http://www.tei-c.org/ns/1.0">
        <f name="name">s</f>
        <f name="attr">
          <fs type="attr">
            <f name="part">N</f>
          </fs>
        </f>
      </fs>
    </span>
    <span id="s207" from="6241" to="6339" l="4">
      <fs type="struct" xmlns="http://www.tei-c.org/ns/1.0">
        <f name="name">posting</f>
        <f name="attr">
          <fs type="attr">
            <f name="id">f1306024.m55</f>
            <f name="rend">color:#003366</f>
            <f name="type">standard</f>
            <f name="who">#f1306024.A17</f>
          </fs>
        </f>
      </fs>
    </span>
    <span id="s208" from="6242" to="6339" l="5">
      <fs type="struct" xmlns="http://www.tei-c.org/ns/1.0">
        <f name="name">p</f>
        <f name="attr">
          <fs type="attr">
            <f name="part">N</f>
          </fs>
        </f>
      </fs>
    </span>
    <span id="s209" from="6243" to="6339" l="6">
      <fs type="struct" xmlns="http://www.tei-c.org/ns/1.0">
        <f name="name">s</f>
        <f name="attr">
          <fs type="attr">
            <f name="part">N</f>
          </fs>
        </f>
      </fs>
    </span>
    <span id="s210" from="6339" to="6447" l="4">
      <fs type="struct" xmlns="http://www.tei-c.org/ns/1.0">
        <f name="name">posting</f>
        <f name="attr">
          <fs type="attr">
            <f name="id">f1306024.m56</f>
            <f name="rend">color:black</f>
            <f name="type">standard</f>
            <f name="who">#f1306024.A02</f>
          </fs>
        </f>
      </fs>
    </span>
    <span id="s211" from="6340" to="6447" l="5">
      <fs type="struct" xmlns="http://www.tei-c.org/ns/1.0">
        <f name="name">p</f>
        <f name="attr">
          <fs type="attr">
            <f name="part">N</f>
          </fs>
        </f>
      </fs>
    </span>
    <span id="s212" from="6341" to="6447" l="6">
      <fs type="struct" xmlns="http://www.tei-c.org/ns/1.0">
        <f name="name">s</f>
        <f name="attr">
          <fs type="attr">
            <f name="part">N</f>
          </fs>
        </f>
      </fs>
    </span>
    <span id="s213" from="6447" to="6560" l="4">
      <fs type="struct" xmlns="http://www.tei-c.org/ns/1.0">
        <f name="name">posting</f>
        <f name="attr">
          <fs type="attr">
            <f name="id">f1306024.m57</f>
            <f name="rend">color:#003366</f>
            <f name="type">standard</f>
            <f name="who">#f1306024.A19</f>
          </fs>
        </f>
      </fs>
    </span>
    <span id="s214" from="6448" to="6560" l="5">
      <fs type="struct" xmlns="http://www.tei-c.org/ns/1.0">
        <f name="name">p</f>
        <f name="attr">
          <fs type="attr">
            <f name="part">N</f>
          </fs>
        </f>
      </fs>
    </span>
    <span id="s215" from="6449" to="6560" l="6">
      <fs type="struct" xmlns="http://www.tei-c.org/ns/1.0">
        <f name="name">s</f>
        <f name="attr">
          <fs type="attr">
            <f name="part">N</f>
          </fs>
        </f>
      </fs>
    </span>
    <span id="s216" from="6476" to="6492" l="7">
      <fs type="struct" xmlns="http://www.tei-c.org/ns/1.0">
        <f name="name">ref</f>
        <f name="attr">
          <fs type="attr">
            <f name="corresp">#f1306024.A02</f>
            <f name="type">addressingTerm</f>
          </fs>
        </f>
      </fs>
    </span>
    <span id="s217" from="6560" to="6699" l="4">
      <fs type="struct" xmlns="http://www.tei-c.org/ns/1.0">
        <f name="name">posting</f>
        <f name="attr">
          <fs type="attr">
            <f name="id">f1306024.m58</f>
            <f name="rend">color:black</f>
            <f name="type">standard</f>
            <f name="who">#f1306024.A02</f>
          </fs>
        </f>
      </fs>
    </span>
    <span id="s218" from="6561" to="6699" l="5">
      <fs type="struct" xmlns="http://www.tei-c.org/ns/1.0">
        <f name="name">p</f>
        <f name="attr">
          <fs type="attr">
            <f name="part">N</f>
          </fs>
        </f>
      </fs>
    </span>
    <span id="s219" from="6562" to="6699" l="6">
      <fs type="struct" xmlns="http://www.tei-c.org/ns/1.0">
        <f name="name">s</f>
        <f name="attr">
          <fs type="attr">
            <f name="part">N</f>
          </fs>
        </f>
      </fs>
    </span>
    <span id="s220" from="6699" to="6811" l="4">
      <fs type="struct" xmlns="http://www.tei-c.org/ns/1.0">
        <f name="name">posting</f>
        <f name="attr">
          <fs type="attr">
            <f name="id">f1306024.m59</f>
            <f name="rend">color:#003366</f>
            <f name="type">standard</f>
            <f name="who">#f1306024.A20</f>
          </fs>
        </f>
      </fs>
    </span>
    <span id="s221" from="6700" to="6811" l="5">
      <fs type="struct" xmlns="http://www.tei-c.org/ns/1.0">
        <f name="name">p</f>
        <f name="attr">
          <fs type="attr">
            <f name="part">N</f>
          </fs>
        </f>
      </fs>
    </span>
    <span id="s222" from="6701" to="6733" l="6">
      <fs type="struct" xmlns="http://www.tei-c.org/ns/1.0">
        <f name="name">s</f>
        <f name="attr">
          <fs type="attr">
            <f name="part">N</f>
          </fs>
        </f>
      </fs>
    </span>
    <span id="s223" from="6716" to="6730" l="7">
      <fs type="struct" xmlns="http://www.tei-c.org/ns/1.0">
        <f name="name">ref</f>
        <f name="attr">
          <fs type="attr">
            <f name="corresp">#f1306024.A02</f>
            <f name="type">addressingTerm</f>
          </fs>
        </f>
      </fs>
    </span>
    <span id="s224" from="6733" to="6763" l="6">
      <fs type="struct" xmlns="http://www.tei-c.org/ns/1.0">
        <f name="name">s</f>
        <f name="attr">
          <fs type="attr">
            <f name="part">N</f>
          </fs>
        </f>
      </fs>
    </span>
    <span id="s225" from="6763" to="6788" l="6">
      <fs type="struct" xmlns="http://www.tei-c.org/ns/1.0">
        <f name="name">s</f>
        <f name="attr">
          <fs type="attr">
            <f name="part">N</f>
          </fs>
        </f>
      </fs>
    </span>
    <span id="s226" from="6788" to="6811" l="6">
      <fs type="struct" xmlns="http://www.tei-c.org/ns/1.0">
        <f name="name">s</f>
        <f name="attr">
          <fs type="attr">
            <f name="part">N</f>
          </fs>
        </f>
      </fs>
    </span>
    <span id="s227" from="6811" to="6967" l="4">
      <fs type="struct" xmlns="http://www.tei-c.org/ns/1.0">
        <f name="name">posting</f>
        <f name="attr">
          <fs type="attr">
            <f name="id">f1306024.m60</f>
            <f name="rend">color:black</f>
            <f name="type">standard</f>
            <f name="who">#f1306024.A02</f>
          </fs>
        </f>
      </fs>
    </span>
    <span id="s228" from="6812" to="6967" l="5">
      <fs type="struct" xmlns="http://www.tei-c.org/ns/1.0">
        <f name="name">p</f>
        <f name="attr">
          <fs type="attr">
            <f name="part">N</f>
          </fs>
        </f>
      </fs>
    </span>
    <span id="s229" from="6813" to="6886" l="6">
      <fs type="struct" xmlns="http://www.tei-c.org/ns/1.0">
        <f name="name">s</f>
        <f name="attr">
          <fs type="attr">
            <f name="part">N</f>
          </fs>
        </f>
      </fs>
    </span>
    <span id="s230" from="6886" to="6967" l="6">
      <fs type="struct" xmlns="http://www.tei-c.org/ns/1.0">
        <f name="name">s</f>
        <f name="attr">
          <fs type="attr">
            <f name="part">N</f>
          </fs>
        </f>
      </fs>
    </span>
    <span id="s231" from="6967" to="7118" l="4">
      <fs type="struct" xmlns="http://www.tei-c.org/ns/1.0">
        <f name="name">posting</f>
        <f name="attr">
          <fs type="attr">
            <f name="id">f1306024.m61</f>
            <f name="rend">color:#003366</f>
            <f name="type">standard</f>
            <f name="who">#f1306024.A13</f>
          </fs>
        </f>
      </fs>
    </span>
    <span id="s232" from="6968" to="7118" l="5">
      <fs type="struct" xmlns="http://www.tei-c.org/ns/1.0">
        <f name="name">p</f>
        <f name="attr">
          <fs type="attr">
            <f name="part">N</f>
          </fs>
        </f>
      </fs>
    </span>
    <span id="s233" from="6969" to="7058" l="6">
      <fs type="struct" xmlns="http://www.tei-c.org/ns/1.0">
        <f name="name">s</f>
        <f name="attr">
          <fs type="attr">
            <f name="part">N</f>
          </fs>
        </f>
      </fs>
    </span>
    <span id="s234" from="6970" to="6984" l="7">
      <fs type="struct" xmlns="http://www.tei-c.org/ns/1.0">
        <f name="name">ref</f>
        <f name="attr">
          <fs type="attr">
            <f name="corresp">#f1306024.A02</f>
            <f name="type">addressingTerm</f>
          </fs>
        </f>
      </fs>
    </span>
    <span id="s235" from="7058" to="7118" l="6">
      <fs type="struct" xmlns="http://www.tei-c.org/ns/1.0">
        <f name="name">s</f>
        <f name="attr">
          <fs type="attr">
            <f name="part">N</f>
          </fs>
        </f>
      </fs>
    </span>
    <span id="s236" from="7118" to="7319" l="4">
      <fs type="struct" xmlns="http://www.tei-c.org/ns/1.0">
        <f name="name">posting</f>
        <f name="attr">
          <fs type="attr">
            <f name="id">f1306024.m62</f>
            <f name="rend">color:black</f>
            <f name="type">standard</f>
            <f name="who">#f1306024.A02</f>
          </fs>
        </f>
      </fs>
    </span>
    <span id="s237" from="7119" to="7319" l="5">
      <fs type="struct" xmlns="http://www.tei-c.org/ns/1.0">
        <f name="name">p</f>
        <f name="attr">
          <fs type="attr">
            <f name="part">N</f>
          </fs>
        </f>
      </fs>
    </span>
    <span id="s238" from="7120" to="7213" l="6">
      <fs type="struct" xmlns="http://www.tei-c.org/ns/1.0">
        <f name="name">s</f>
        <f name="attr">
          <fs type="attr">
            <f name="part">N</f>
          </fs>
        </f>
      </fs>
    </span>
    <span id="s239" from="7213" to="7319" l="6">
      <fs type="struct" xmlns="http://www.tei-c.org/ns/1.0">
        <f name="name">s</f>
        <f name="attr">
          <fs type="attr">
            <f name="part">N</f>
          </fs>
        </f>
      </fs>
    </span>
    <span id="s240" from="7319" to="7495" l="4">
      <fs type="struct" xmlns="http://www.tei-c.org/ns/1.0">
        <f name="name">posting</f>
        <f name="attr">
          <fs type="attr">
            <f name="id">f1306024.m63</f>
            <f name="rend">color:#003366</f>
            <f name="type">standard</f>
            <f name="who">#f1306024.A21</f>
          </fs>
        </f>
      </fs>
    </span>
    <span id="s241" from="7320" to="7495" l="5">
      <fs type="struct" xmlns="http://www.tei-c.org/ns/1.0">
        <f name="name">p</f>
        <f name="attr">
          <fs type="attr">
            <f name="part">N</f>
          </fs>
        </f>
      </fs>
    </span>
    <span id="s242" from="7321" to="7495" l="6">
      <fs type="struct" xmlns="http://www.tei-c.org/ns/1.0">
        <f name="name">s</f>
        <f name="attr">
          <fs type="attr">
            <f name="part">N</f>
          </fs>
        </f>
      </fs>
    </span>
    <span id="s243" from="7495" to="7611" l="4">
      <fs type="struct" xmlns="http://www.tei-c.org/ns/1.0">
        <f name="name">posting</f>
        <f name="attr">
          <fs type="attr">
            <f name="id">f1306024.m64</f>
            <f name="rend">color:black</f>
            <f name="type">standard</f>
            <f name="who">#f1306024.A02</f>
          </fs>
        </f>
      </fs>
    </span>
    <span id="s244" from="7496" to="7611" l="5">
      <fs type="struct" xmlns="http://www.tei-c.org/ns/1.0">
        <f name="name">p</f>
        <f name="attr">
          <fs type="attr">
            <f name="part">N</f>
          </fs>
        </f>
      </fs>
    </span>
    <span id="s245" from="7497" to="7611" l="6">
      <fs type="struct" xmlns="http://www.tei-c.org/ns/1.0">
        <f name="name">s</f>
        <f name="attr">
          <fs type="attr">
            <f name="part">N</f>
          </fs>
        </f>
      </fs>
    </span>
    <span id="s246" from="7611" to="7633" l="4">
      <fs type="struct" xmlns="http://www.tei-c.org/ns/1.0">
        <f name="name">posting</f>
        <f name="attr">
          <fs type="attr">
            <f name="id">f1306024.m65</f>
            <f name="rend">color:#003366</f>
            <f name="type">standard</f>
            <f name="who">#f1306024.A13</f>
          </fs>
        </f>
      </fs>
    </span>
    <span id="s247" from="7612" to="7633" l="5">
      <fs type="struct" xmlns="http://www.tei-c.org/ns/1.0">
        <f name="name">p</f>
        <f name="attr">
          <fs type="attr">
            <f name="part">N</f>
          </fs>
        </f>
      </fs>
    </span>
    <span id="s248" from="7613" to="7633" l="6">
      <fs type="struct" xmlns="http://www.tei-c.org/ns/1.0">
        <f name="name">s</f>
        <f name="attr">
          <fs type="attr">
            <f name="part">N</f>
          </fs>
        </f>
      </fs>
    </span>
    <span id="s249" from="7633" to="7644" l="4">
      <fs type="struct" xmlns="http://www.tei-c.org/ns/1.0">
        <f name="name">posting</f>
        <f name="attr">
          <fs type="attr">
            <f name="id">f1306024.m66</f>
            <f name="rend">color:black</f>
            <f name="type">standard</f>
            <f name="who">#f1306024.A02</f>
          </fs>
        </f>
      </fs>
    </span>
    <span id="s250" from="7634" to="7644" l="5">
      <fs type="struct" xmlns="http://www.tei-c.org/ns/1.0">
        <f name="name">p</f>
        <f name="attr">
          <fs type="attr">
            <f name="part">N</f>
          </fs>
        </f>
      </fs>
    </span>
    <span id="s251" from="7635" to="7644" l="6">
      <fs type="struct" xmlns="http://www.tei-c.org/ns/1.0">
        <f name="name">s</f>
        <f name="attr">
          <fs type="attr">
            <f name="part">N</f>
          </fs>
        </f>
      </fs>
    </span>
    <span id="s252" from="7644" to="7716" l="4">
      <fs type="struct" xmlns="http://www.tei-c.org/ns/1.0">
        <f name="name">posting</f>
        <f name="attr">
          <fs type="attr">
            <f name="id">f1306024.m67</f>
            <f name="rend">color:#003366</f>
            <f name="type">standard</f>
            <f name="who">#f1306024.A04</f>
          </fs>
        </f>
      </fs>
    </span>
    <span id="s253" from="7645" to="7716" l="5">
      <fs type="struct" xmlns="http://www.tei-c.org/ns/1.0">
        <f name="name">p</f>
        <f name="attr">
          <fs type="attr">
            <f name="part">N</f>
          </fs>
        </f>
      </fs>
    </span>
    <span id="s254" from="7646" to="7716" l="6">
      <fs type="struct" xmlns="http://www.tei-c.org/ns/1.0">
        <f name="name">s</f>
        <f name="attr">
          <fs type="attr">
            <f name="part">N</f>
          </fs>
        </f>
      </fs>
    </span>
    <span id="s255" from="7716" to="7854" l="4">
      <fs type="struct" xmlns="http://www.tei-c.org/ns/1.0">
        <f name="name">posting</f>
        <f name="attr">
          <fs type="attr">
            <f name="id">f1306024.m68</f>
            <f name="rend">color:black</f>
            <f name="type">standard</f>
            <f name="who">#f1306024.A02</f>
          </fs>
        </f>
      </fs>
    </span>
    <span id="s256" from="7717" to="7854" l="5">
      <fs type="struct" xmlns="http://www.tei-c.org/ns/1.0">
        <f name="name">p</f>
        <f name="attr">
          <fs type="attr">
            <f name="part">N</f>
          </fs>
        </f>
      </fs>
    </span>
    <span id="s257" from="7718" to="7854" l="6">
      <fs type="struct" xmlns="http://www.tei-c.org/ns/1.0">
        <f name="name">s</f>
        <f name="attr">
          <fs type="attr">
            <f name="part">N</f>
          </fs>
        </f>
      </fs>
    </span>
    <span id="s258" from="7854" to="7910" l="4">
      <fs type="struct" xmlns="http://www.tei-c.org/ns/1.0">
        <f name="name">posting</f>
        <f name="attr">
          <fs type="attr">
            <f name="id">f1306024.m69</f>
            <f name="rend">color:#003366</f>
            <f name="type">standard</f>
            <f name="who">#f1306024.A22</f>
          </fs>
        </f>
      </fs>
    </span>
    <span id="s259" from="7855" to="7910" l="5">
      <fs type="struct" xmlns="http://www.tei-c.org/ns/1.0">
        <f name="name">p</f>
        <f name="attr">
          <fs type="attr">
            <f name="part">N</f>
          </fs>
        </f>
      </fs>
    </span>
    <span id="s260" from="7856" to="7910" l="6">
      <fs type="struct" xmlns="http://www.tei-c.org/ns/1.0">
        <f name="name">s</f>
        <f name="attr">
          <fs type="attr">
            <f name="part">N</f>
          </fs>
        </f>
      </fs>
    </span>
    <span id="s261" from="7910" to="8041" l="4">
      <fs type="struct" xmlns="http://www.tei-c.org/ns/1.0">
        <f name="name">posting</f>
        <f name="attr">
          <fs type="attr">
            <f name="id">f1306024.m70</f>
            <f name="rend">color:black</f>
            <f name="type">standard</f>
            <f name="who">#f1306024.A02</f>
          </fs>
        </f>
      </fs>
    </span>
    <span id="s262" from="7911" to="8041" l="5">
      <fs type="struct" xmlns="http://www.tei-c.org/ns/1.0">
        <f name="name">p</f>
        <f name="attr">
          <fs type="attr">
            <f name="part">N</f>
          </fs>
        </f>
      </fs>
    </span>
    <span id="s263" from="7912" to="8003" l="6">
      <fs type="struct" xmlns="http://www.tei-c.org/ns/1.0">
        <f name="name">s</f>
        <f name="attr">
          <fs type="attr">
            <f name="part">N</f>
          </fs>
        </f>
      </fs>
    </span>
    <span id="s264" from="8003" to="8041" l="6">
      <fs type="struct" xmlns="http://www.tei-c.org/ns/1.0">
        <f name="name">s</f>
        <f name="attr">
          <fs type="attr">
            <f name="part">N</f>
          </fs>
        </f>
      </fs>
    </span>
    <span id="s265" from="8041" to="8089" l="4">
      <fs type="struct" xmlns="http://www.tei-c.org/ns/1.0">
        <f name="name">posting</f>
        <f name="attr">
          <fs type="attr">
            <f name="id">f1306024.m71</f>
            <f name="rend">color:#003366</f>
            <f name="type">standard</f>
            <f name="who">#f1306024.A23</f>
          </fs>
        </f>
      </fs>
    </span>
    <span id="s266" from="8042" to="8089" l="5">
      <fs type="struct" xmlns="http://www.tei-c.org/ns/1.0">
        <f name="name">p</f>
        <f name="attr">
          <fs type="attr">
            <f name="part">N</f>
          </fs>
        </f>
      </fs>
    </span>
    <span id="s267" from="8043" to="8089" l="6">
      <fs type="struct" xmlns="http://www.tei-c.org/ns/1.0">
        <f name="name">s</f>
        <f name="attr">
          <fs type="attr">
            <f name="part">N</f>
          </fs>
        </f>
      </fs>
    </span>
    <span id="s268" from="8089" to="8172" l="4">
      <fs type="struct" xmlns="http://www.tei-c.org/ns/1.0">
        <f name="name">posting</f>
        <f name="attr">
          <fs type="attr">
            <f name="id">f1306024.m72</f>
            <f name="rend">color:black</f>
            <f name="type">standard</f>
            <f name="who">#f1306024.A02</f>
          </fs>
        </f>
      </fs>
    </span>
    <span id="s269" from="8090" to="8172" l="5">
      <fs type="struct" xmlns="http://www.tei-c.org/ns/1.0">
        <f name="name">p</f>
        <f name="attr">
          <fs type="attr">
            <f name="part">N</f>
          </fs>
        </f>
      </fs>
    </span>
    <span id="s270" from="8091" to="8122" l="6">
      <fs type="struct" xmlns="http://www.tei-c.org/ns/1.0">
        <f name="name">s</f>
        <f name="attr">
          <fs type="attr">
            <f name="part">N</f>
          </fs>
        </f>
      </fs>
    </span>
    <span id="s271" from="8122" to="8172" l="6">
      <fs type="struct" xmlns="http://www.tei-c.org/ns/1.0">
        <f name="name">s</f>
        <f name="attr">
          <fs type="attr">
            <f name="part">N</f>
          </fs>
        </f>
      </fs>
    </span>
    <span id="s272" from="8172" to="8324" l="4">
      <fs type="struct" xmlns="http://www.tei-c.org/ns/1.0">
        <f name="name">posting</f>
        <f name="attr">
          <fs type="attr">
            <f name="id">f1306024.m73</f>
            <f name="rend">color:#003366</f>
            <f name="type">standard</f>
            <f name="who">#f1306024.A24</f>
          </fs>
        </f>
      </fs>
    </span>
    <span id="s273" from="8173" to="8324" l="5">
      <fs type="struct" xmlns="http://www.tei-c.org/ns/1.0">
        <f name="name">p</f>
        <f name="attr">
          <fs type="attr">
            <f name="part">N</f>
          </fs>
        </f>
      </fs>
    </span>
    <span id="s274" from="8174" to="8198" l="6">
      <fs type="struct" xmlns="http://www.tei-c.org/ns/1.0">
        <f name="name">s</f>
        <f name="attr">
          <fs type="attr">
            <f name="part">N</f>
          </fs>
        </f>
      </fs>
    </span>
    <span id="s275" from="8198" to="8275" l="6">
      <fs type="struct" xmlns="http://www.tei-c.org/ns/1.0">
        <f name="name">s</f>
        <f name="attr">
          <fs type="attr">
            <f name="part">N</f>
          </fs>
        </f>
      </fs>
    </span>
    <span id="s276" from="8218" to="8239" l="7">
      <fs type="struct" xmlns="http://www.tei-c.org/ns/1.0">
        <f name="name">name</f>
        <f name="attr">
          <fs type="attr">
            <f name="corresp">#f1306024.A02</f>
            <f name="full">yes</f>
            <f name="instant">false</f>
            <f name="type">NICK</f>
          </fs>
        </f>
      </fs>
    </span>
    <span id="s277" from="8275" to="8299" l="6">
      <fs type="struct" xmlns="http://www.tei-c.org/ns/1.0">
        <f name="name">s</f>
        <f name="attr">
          <fs type="attr">
            <f name="part">N</f>
          </fs>
        </f>
      </fs>
    </span>
    <span id="s278" from="8299" to="8324" l="6">
      <fs type="struct" xmlns="http://www.tei-c.org/ns/1.0">
        <f name="name">s</f>
        <f name="attr">
          <fs type="attr">
            <f name="part">N</f>
          </fs>
        </f>
      </fs>
    </span>
    <span id="s279" from="8324" to="8405" l="4">
      <fs type="struct" xmlns="http://www.tei-c.org/ns/1.0">
        <f name="name">posting</f>
        <f name="attr">
          <fs type="attr">
            <f name="id">f1306024.m74</f>
            <f name="rend">color:black</f>
            <f name="type">standard</f>
            <f name="who">#f1306024.A02</f>
          </fs>
        </f>
      </fs>
    </span>
    <span id="s280" from="8325" to="8405" l="5">
      <fs type="struct" xmlns="http://www.tei-c.org/ns/1.0">
        <f name="name">p</f>
        <f name="attr">
          <fs type="attr">
            <f name="part">N</f>
          </fs>
        </f>
      </fs>
    </span>
    <span id="s281" from="8326" to="8366" l="6">
      <fs type="struct" xmlns="http://www.tei-c.org/ns/1.0">
        <f name="name">s</f>
        <f name="attr">
          <fs type="attr">
            <f name="part">N</f>
          </fs>
        </f>
      </fs>
    </span>
    <span id="s282" from="8366" to="8405" l="6">
      <fs type="struct" xmlns="http://www.tei-c.org/ns/1.0">
        <f name="name">s</f>
        <f name="attr">
          <fs type="attr">
            <f name="part">N</f>
          </fs>
        </f>
      </fs>
    </span>
  </spanList>
</layer>