<?xml version="1.0" encoding="UTF-8"?>
<idsHeader TEIform="teiHeader" pattern="text" status="new" type="document" version="1.0">
      <fileDesc>
        <titleStmt>
          <dokumentSigle>DCK/CPR</dokumentSigle>
          <d.title>Dortmunder Chatkorpus 2.2, Professionelle Chats</d.title>
        </titleStmt>
        <publicationStmt>
          <distributor/>
          <pubAddress/>
          <availability Default="n" region="world" status="unknown">CC-BY 4.0</availability>
          <pubDate/>
        </publicationStmt>
        <sourceDesc Default="n">
          <biblStruct Default="n" status="draft">
            <monogr>
              <h.title type="main"/>
              <imprint/>
            </monogr>
          </biblStruct>
        </sourceDesc>
      </fileDesc>
    </idsHeader>