<?xml version="1.0" encoding="UTF-8"?>
<idsHeader TEIform="teiHeader" pattern="text" status="new" type="text" version="1.0">
        <fileDesc>
          <titleStmt>
            <textSigle>DCK/CPR.00189</textSigle>
            <t.title>DCK/CPR.00189 1306037_Promichat-in-Medienportal_Kisha_14-03-2001, [Chat-Logfile], In: Dortmunder Chatkorpus, Professionelle Chats</t.title>
            <editor>
              <orgName full="yes" instant="false">CLARIN-D curation project ChatCorpus2CLARIN, 2015-2016</orgName>
            </editor>
            <respStmt>
              <persName full="yes" id="f1306037.e1" instant="false">Michael Beißwenger</persName>
              <persName full="yes" id="f1306037.e2" instant="false">Angelika Storrer</persName>
              <persName full="yes" id="f1306037.e3" instant="false">Eric Ehrhardt</persName>
              <persName full="yes" id="f1306037.e4" instant="false">Axel Herold</persName>
              <persName full="yes" id="f1306037.e5" instant="false">Harald Lüngen</persName>
            
            <!--Members of the project ChatCorpus2CLARIN 2015-2016--></respStmt>
            <respStmt>
              <persName full="yes" id="f1306037.e6" instant="false">Bianca Selzam</persName>
              <orgName full="yes" id="f1306037.e7" instant="false">Universität des Saarlandes</orgName>
              <persName full="yes" id="f1306037.e8" instant="false">Laura Herzberg</persName>
            
            <!--Support, see revisionDesc--></respStmt>
          </titleStmt>
          <publicationStmt>
            <distributor>CLARIN centre Institut für Deutsche Sprache, Mannheim and CLARIN
                        centre Berlin-Brandenburgische Akademie der Wissenschaften</distributor>
            <pubAddress/>
            <idno>1306037</idno>
            <availability Default="n" region="world" status="unknown">CC-BY 4.0</availability>
            <pubDate type="year">2016</pubDate>
          </publicationStmt>
          <sourceDesc Default="n">
            <p part="N">
              <list type="Recording Statement">
                <item>plattformName=<name full="yes" instant="false" type="OTH">[_CHATPLATFORMNAME_]</name></item>
                <item>plattformURL=<ref type="URL">[_WWWURL_]</ref></item>
                <item>recording responsibility=<persName full="yes" id="f1306037.p1" instant="false">unknown</persName></item>
                <item>
                  <date instant="false">2001-03-14</date>
                </item>
                <item>
                  <time instant="false">unknown</time>
                </item>
              </list>
            </p>
            <biblStruct Default="n" status="draft">
              <analytic>
                <h.title type="main">Chat: 1306037_Promichat-in-Medienportal_Kisha_14-03-2001</h.title>
                <h.author/>
                <imprint>
                  <pubDate>2009</pubDate>
                </imprint>
              </analytic>
              <monogr>
                <h.title type="main">Dortmunder Chatkorpus</h.title>
                <editor corresp="#f1306037.e2">Angelika Storrer</editor>
                <editor corresp="#f1306037.e1">Michael Beißwenger</editor>
                <imprint>
                  <publisher>Institut für deutsche Sprache und Literatur der
                                    Technischen Universität Dortmund</publisher>
                  <pubPlace> Dortmund</pubPlace>
                  <pubDate>2009</pubDate>
                </imprint>
                <biblNote>http://www.chatkorpus.tu-dortmund.de/</biblNote>
              </monogr>
            </biblStruct>
            <reference type="complete">DCK/CPR.00189 Chat: 1306037_Promichat-in-Medienportal_Kisha_14-03-2001, In: Dortmunder Chatkorpus, Professionelle Chats, 14.3.2001</reference>
            <reference type="short">DCK/CPR.00189 Promichat-in-Medienportal (14.3.2001)</reference>
          </sourceDesc>
        </fileDesc>
        <encodingDesc>
          <editorialDecl Default="n">
            <pagination type="no"/>
            <transduction Default="n">POS-annotations according to STTS 2.0 by Universität des Saarlandes, see
                            Beißwenger, Michael; Ehrhardt, Eric; Horbach, Andrea; Lüngen,
                            Harald; Steffen, Diana; Storrer, Angelika (2015): Adding Value to CMC
                            Corpora: CLARINification and Part-of-Speech Annotation of the Dortmund
                            Chat Corpus. In: Proceedings of the 2nd Workshop on Natural Language
                            Processing for Computer-Mediated Communication / Social Media
                            (NLP4CMC2015). Essen, 12-16. https://sites.google.com/site/nlp4cmc2015/program</transduction>
          </editorialDecl>
          <tagsDecl>
            <tagUsage gi="sex">estimated on the basis of the nick name</tagUsage>
            <tagUsage gi="w" occurs="2897">used to mark a single token</tagUsage>
            <tagUsage gi="post" occurs="265">used to mark a single posting</tagUsage>
          </tagsDecl>
        </encodingDesc>
        <profileDesc>
          <particDesc Default="n">
            <listPerson Default="n">
              <person id="f1306037.A01" instant="false" role="participant" sex="female">
                <persName full="yes" instant="false" type="nickname">[_FEMALE-PARTICIPANT-A01_]</persName>
                <note anchored="true">sex estimated on the basis of the nickname</note>
              </person>
              <person id="f1306037.A02" instant="false" role="celebrity" sex="female">
                <persName full="yes" instant="false" type="nickname">Kisha</persName>
                <note anchored="true">sex estimated on the basis of the nickname</note>
              </person>
              <person id="f1306037.A03" instant="false" role="participant" sex="female">
                <persName full="yes" instant="false" type="nickname">[_FEMALE-PARTICIPANT-A03_]</persName>
                <note anchored="true">sex estimated on the basis of the nickname</note>
              </person>
              <person id="f1306037.A04" instant="false" role="participant" sex="male">
                <persName full="yes" instant="false" type="nickname">[_MALE-PARTICIPANT-A04_]</persName>
                <note anchored="true">sex estimated on the basis of the nickname</note>
              </person>
              <person id="f1306037.A05" instant="false" role="participant" sex="male">
                <persName full="yes" instant="false" type="nickname">[_MALE-PARTICIPANT-A05_]</persName>
                <note anchored="true">sex estimated on the basis of the nickname</note>
              </person>
              <person id="f1306037.A06" instant="false" role="participant" sex="female">
                <persName full="yes" instant="false" type="nickname">[_FEMALE-PARTICIPANT-A06_]</persName>
                <note anchored="true">sex estimated on the basis of the nickname</note>
              </person>
              <person id="f1306037.A07" instant="false" role="participant" sex="unknown">
                <persName full="yes" instant="false" type="nickname">[_PARTICIPANT-A07_]</persName>
                <note anchored="true">sex estimated on the basis of the nickname</note>
              </person>
              <person id="f1306037.A08" instant="false" role="participant" sex="unknown">
                <persName full="yes" instant="false" type="nickname">[_PARTICIPANT-A08_]</persName>
                <note anchored="true">sex estimated on the basis of the nickname</note>
              </person>
              <person id="f1306037.A09" instant="false" role="participant" sex="unknown">
                <persName full="yes" instant="false" type="nickname">[_PARTICIPANT-A09_]</persName>
                <note anchored="true">sex estimated on the basis of the nickname</note>
              </person>
              <person id="f1306037.A10" instant="false" role="participant" sex="unknown">
                <persName full="yes" instant="false" type="nickname">[_PARTICIPANT-A10_]</persName>
                <note anchored="true">sex estimated on the basis of the nickname</note>
              </person>
              <person id="f1306037.A11" instant="false" role="participant" sex="female">
                <persName full="yes" instant="false" type="nickname">[_FEMALE-PARTICIPANT-A11_]</persName>
                <note anchored="true">sex estimated on the basis of the nickname</note>
              </person>
              <person id="f1306037.A12" instant="false" role="participant" sex="unknown">
                <persName full="yes" instant="false" type="nickname">[_PARTICIPANT-A12_]</persName>
                <note anchored="true">sex estimated on the basis of the nickname</note>
              </person>
              <person id="f1306037.A13" instant="false" role="participant" sex="male">
                <persName full="yes" instant="false" type="nickname">[_MALE-PARTICIPANT-A13_]</persName>
                <note anchored="true">sex estimated on the basis of the nickname</note>
              </person>
              <person id="f1306037.A14" instant="false" role="participant" sex="unknown">
                <persName full="yes" instant="false" type="nickname">[_PARTICIPANT-A14_]</persName>
                <note anchored="true">sex estimated on the basis of the nickname</note>
              </person>
              <person id="f1306037.A15" instant="false" role="participant" sex="male">
                <persName full="yes" instant="false" type="nickname">[_MALE-PARTICIPANT-A15_]</persName>
                <note anchored="true">sex estimated on the basis of the nickname</note>
              </person>
              <person id="f1306037.A16" instant="false" role="participant" sex="unknown">
                <persName full="yes" instant="false" type="nickname">[_PARTICIPANT-A16_]</persName>
                <note anchored="true">sex estimated on the basis of the nickname</note>
              </person>
              <person id="f1306037.A17" instant="false" role="participant" sex="male">
                <persName full="yes" instant="false" type="nickname">[_MALE-PARTICIPANT-A17_]</persName>
                <note anchored="true">sex estimated on the basis of the nickname</note>
              </person>
              <person id="f1306037.A18" instant="false" role="participant" sex="male">
                <persName full="yes" instant="false" type="nickname">[_MALE-PARTICIPANT-A18_]</persName>
                <note anchored="true">sex estimated on the basis of the nickname</note>
              </person>
              <person id="f1306037.A19" instant="false" role="participant" sex="unknown">
                <persName full="yes" instant="false" type="nickname">[_PARTICIPANT-A19_]</persName>
                <note anchored="true">sex estimated on the basis of the nickname</note>
              </person>
              <person id="f1306037.A20" instant="false" role="participant" sex="male">
                <persName full="yes" instant="false" type="nickname">[_MALE-PARTICIPANT-A20_]</persName>
                <note anchored="true">sex estimated on the basis of the nickname</note>
              </person>
              <person id="f1306037.A21" instant="false" role="participant" sex="male">
                <persName full="yes" instant="false" type="nickname">[_MALE-PARTICIPANT-A21_]</persName>
                <note anchored="true">sex estimated on the basis of the nickname</note>
              </person>
              <person id="f1306037.A22" instant="false" role="participant" sex="male">
                <persName full="yes" instant="false" type="nickname">[_MALE-PARTICIPANT-A22_]</persName>
                <note anchored="true">sex estimated on the basis of the nickname</note>
              </person>
              <person id="f1306037.A23" instant="false" role="participant" sex="male">
                <persName full="yes" instant="false" type="nickname">[_MALE-PARTICIPANT-A23_]</persName>
                <note anchored="true">sex estimated on the basis of the nickname</note>
              </person>
              <person id="f1306037.A24" instant="false" role="participant" sex="female">
                <persName full="yes" instant="false" type="nickname">[_FEMALE-PARTICIPANT-A24_]</persName>
                <note anchored="true">sex estimated on the basis of the nickname</note>
              </person>
              <person id="f1306037.A25" instant="false" role="participant" sex="male">
                <persName full="yes" instant="false" type="nickname">[_MALE-PARTICIPANT-A25_]</persName>
                <note anchored="true">sex estimated on the basis of the nickname</note>
              </person>
              <person id="f1306037.A26" instant="false" role="participant" sex="male">
                <persName full="yes" instant="false" type="nickname">[_MALE-PARTICIPANT-A26_]</persName>
                <note anchored="true">sex estimated on the basis of the nickname</note>
              </person>
              <person id="f1306037.A27" instant="false" role="participant" sex="male">
                <persName full="yes" instant="false" type="nickname">[_MALE-PARTICIPANT-A27_]</persName>
                <note anchored="true">sex estimated on the basis of the nickname</note>
              </person>
              <person id="f1306037.A28" instant="false" role="participant" sex="male">
                <persName full="yes" instant="false" type="nickname">[_MALE-PARTICIPANT-A28_]</persName>
                <note anchored="true">sex estimated on the basis of the nickname</note>
              </person>
              <person id="f1306037.A29" instant="false" role="participant" sex="male">
                <persName full="yes" instant="false" type="nickname">[_MALE-PARTICIPANT-A29_]</persName>
                <note anchored="true">sex estimated on the basis of the nickname</note>
              </person>
              <person id="f1306037.A30" instant="false" role="participant" sex="male">
                <persName full="yes" instant="false" type="nickname">[_MALE-PARTICIPANT-A30_]</persName>
                <note anchored="true">sex estimated on the basis of the nickname</note>
              </person>
              <person id="f1306037.A31" instant="false" role="participant" sex="male">
                <persName full="yes" instant="false" type="nickname">[_MALE-PARTICIPANT-A31_]</persName>
                <note anchored="true">sex estimated on the basis of the nickname</note>
              </person>
              <person id="f1306037.A32" instant="false" role="participant" sex="female">
                <persName full="yes" instant="false" type="nickname">[_FEMALE-PARTICIPANT-A32_]</persName>
                <note anchored="true">sex estimated on the basis of the nickname</note>
              </person>
              <person id="f1306037.A33" instant="false" role="participant" sex="unknown">
                <persName full="yes" instant="false" type="nickname">[_PARTICIPANT-A33_]</persName>
                <note anchored="true">sex estimated on the basis of the nickname</note>
              </person>
              <person id="f1306037.A34" instant="false" role="participant" sex="male">
                <persName full="yes" instant="false" type="nickname">[_MALE-PARTICIPANT-A34_]</persName>
                <note anchored="true">sex estimated on the basis of the nickname</note>
              </person>
              <person id="f1306037.A35" instant="false" role="participant" sex="male">
                <persName full="yes" instant="false" type="nickname">[_MALE-PARTICIPANT-A35_]</persName>
                <note anchored="true">sex estimated on the basis of the nickname</note>
              </person>
              <person id="f1306037.A36" instant="false" role="participant" sex="female">
                <persName full="yes" instant="false" type="nickname">[_FEMALE-PARTICIPANT-A36_]</persName>
                <note anchored="true">sex estimated on the basis of the nickname</note>
              </person>
              <person id="f1306037.A37" instant="false" role="participant" sex="unknown">
                <persName full="yes" instant="false" type="nickname">[_PARTICIPANT-A37_]</persName>
                <note anchored="true">sex estimated on the basis of the nickname</note>
              </person>
              <person id="f1306037.A38" instant="false" role="participant" sex="female">
                <persName full="yes" instant="false" type="nickname">[_FEMALE-PARTICIPANT-A38_]</persName>
                <note anchored="true">sex estimated on the basis of the nickname</note>
              </person>
              <person id="f1306037.A39" instant="false" role="participant" sex="female">
                <persName full="yes" instant="false" type="nickname">[_FEMALE-PARTICIPANT-A39_]</persName>
                <note anchored="true">sex estimated on the basis of the nickname</note>
              </person>
              <person id="f1306037.A40" instant="false" role="participant" sex="male">
                <persName full="yes" instant="false" type="nickname">[_MALE-PARTICIPANT-A40_]</persName>
                <note anchored="true">sex estimated on the basis of the nickname</note>
              </person>
              <person id="f1306037.A41" instant="false" role="participant" sex="male">
                <persName full="yes" instant="false" type="nickname">[_MALE-PARTICIPANT-A41_]</persName>
                <note anchored="true">sex estimated on the basis of the nickname</note>
              </person>
              <person id="f1306037.A42" instant="false" role="participant" sex="male">
                <persName full="yes" instant="false" type="nickname">[_MALE-PARTICIPANT-A42_]</persName>
                <note anchored="true">sex estimated on the basis of the nickname</note>
              </person>
              <person id="f1306037.A43" instant="false" role="participant" sex="male">
                <persName full="yes" instant="false" type="nickname">[_MALE-PARTICIPANT-A43_]</persName>
                <note anchored="true">sex estimated on the basis of the nickname</note>
              </person>
              <person id="f1306037.A44" instant="false" role="participant" sex="male">
                <persName full="yes" instant="false" type="nickname">[_MALE-PARTICIPANT-A44_]</persName>
                <note anchored="true">sex estimated on the basis of the nickname</note>
              </person>
              <person id="f1306037.A45" instant="false" role="participant" sex="female">
                <persName full="yes" instant="false" type="nickname">[_FEMALE-PARTICIPANT-A45_]</persName>
                <note anchored="true">sex estimated on the basis of the nickname</note>
              </person>
              <person id="f1306037.A46" instant="false" role="participant" sex="unknown">
                <persName full="yes" instant="false" type="nickname">[_PARTICIPANT-A46_]</persName>
                <note anchored="true">sex estimated on the basis of the nickname</note>
              </person>
              <person id="f1306037.A47" instant="false" role="participant" sex="male">
                <persName full="yes" instant="false" type="nickname">[_MALE-PARTICIPANT-A47_]</persName>
                <note anchored="true">sex estimated on the basis of the nickname</note>
              </person>
              <person id="f1306037.A48" instant="false" role="participant" sex="female">
                <persName full="yes" instant="false" type="nickname">[_FEMALE-PARTICIPANT-A48_]</persName>
                <note anchored="true">sex estimated on the basis of the nickname</note>
              </person>
              <person id="f1306037.A49" instant="false" role="participant" sex="female">
                <persName full="yes" instant="false" type="nickname">[_FEMALE-PARTICIPANT-A49_]</persName>
                <note anchored="true">sex estimated on the basis of the nickname</note>
              </person>
              <person id="f1306037.A50" instant="false" role="participant" sex="unknown">
                <persName full="yes" instant="false" type="nickname">[_PARTICIPANT-A50_]</persName>
                <note anchored="true">sex estimated on the basis of the nickname</note>
              </person>
              <person id="f1306037.A51" instant="false" role="participant" sex="unknown">
                <persName full="yes" instant="false" type="nickname">[_PARTICIPANT-A51_]</persName>
                <note anchored="true">sex estimated on the basis of the nickname</note>
              </person>
              <person id="f1306037.A52" instant="false" role="participant" sex="male">
                <persName full="yes" instant="false" type="nickname">[_MALE-PARTICIPANT-A52_]</persName>
                <note anchored="true">sex estimated on the basis of the nickname</note>
              </person>
              <person id="f1306037.A53" instant="false" role="participant" sex="unknown">
                <persName full="yes" instant="false" type="nickname">[_PARTICIPANT-A53_]</persName>
                <note anchored="true">sex estimated on the basis of the nickname</note>
              </person>
              <person id="f1306037.A54" instant="false" role="participant" sex="male">
                <persName full="yes" instant="false" type="nickname">[_MALE-PARTICIPANT-A54_]</persName>
                <note anchored="true">sex estimated on the basis of the nickname</note>
              </person>
              <person id="f1306037.A55" instant="false" role="participant" sex="female">
                <persName full="yes" instant="false" type="nickname">[_FEMALE-PARTICIPANT-A55_]</persName>
                <note anchored="true">sex estimated on the basis of the nickname</note>
              </person>
              <person id="f1306037.A56" instant="false" role="participant" sex="male">
                <persName full="yes" instant="false" type="nickname">[_MALE-PARTICIPANT-A56_]</persName>
                <note anchored="true">sex estimated on the basis of the nickname</note>
              </person>
              <person id="f1306037.A57" instant="false" role="participant" sex="female">
                <persName full="yes" instant="false" type="nickname">[_FEMALE-PARTICIPANT-A57_]</persName>
                <note anchored="true">sex estimated on the basis of the nickname</note>
              </person>
              <person id="f1306037.A58" instant="false" role="participant" sex="female">
                <persName full="yes" instant="false" type="nickname">[_FEMALE-PARTICIPANT-A58_]</persName>
                <note anchored="true">sex estimated on the basis of the nickname</note>
              </person>
              <person id="f1306037.A59" instant="false" role="participant" sex="male">
                <persName full="yes" instant="false" type="nickname">[_MALE-PARTICIPANT-A59_]</persName>
                <note anchored="true">sex estimated on the basis of the nickname</note>
              </person>
              <person id="f1306037.A60" instant="false" role="participant" sex="male">
                <persName full="yes" instant="false" type="nickname">[_MALE-PARTICIPANT-A60_]</persName>
                <note anchored="true">sex estimated on the basis of the nickname</note>
              </person>
              <person id="f1306037.A61" instant="false" role="participant" sex="male">
                <persName full="yes" instant="false" type="nickname">[_MALE-PARTICIPANT-A61_]</persName>
                <note anchored="true">sex estimated on the basis of the nickname</note>
              </person>
              <person id="f1306037.A62" instant="false" role="participant" sex="female">
                <persName full="yes" instant="false" type="nickname">[_FEMALE-PARTICIPANT-A62_]</persName>
                <note anchored="true">sex estimated on the basis of the nickname</note>
              </person>
            </listPerson>
          </particDesc>
          <settingDesc Default="n">
            <setting>
              <activity/>
            </setting>
          </settingDesc>
          <textClass Default="n">
            <catRef scheme="handlungsbereiche" target="h1306000"/>
            <catRef n="1" scheme="topic" target="topic.staat-gesellschaft.biographien-interviews"/>
          </textClass>
          <textDesc Default="n">
            <textType>Chat</textType>
            <textTypeRef>Chat-Logfile</textTypeRef>
            <textTypeArt>Chat:Chat-Logfile</textTypeArt>
          </textDesc>
          <creation>
            <creatDate>2001.03.14</creatDate>
            <creatRef>(Posting: 14.3.2001)</creatRef>
            <creatRefShort>(Posting: 14.3.2001)</creatRefShort>
          </creation>
        </profileDesc>
        <revisionDesc id="f1306037.revisionDesc" status="draft">
          <change n="1" status="draft" who="#f1306037.e6">chatXML: Metadaten eingefügt</change>
          <change n="2" status="draft" who="#f1306037.e6">chatXML: Datei umbenannt, estimatedGender ergänzt</change>
          <change n="3" status="draft" who="#f1306037.e7">chatXML: tokenisiert,getaggt,lemmatisiert</change>
          <change n="4" status="draft" who="#f1306037.e5">conversion to TEI using dcc2clarin.xsl, 2016-05-20T18:34:19.731+02:00</change>
          <change n="5" status="draft" who="#f1306037.e5">basic anonymisation using anonymise.xsl, 2016-05-20T18:51:58.351+02:00</change>
          <change n="6" status="draft" who="#f1306037.e5">post-processing, using postprocess-phase-II.xsl, 2016-07-26T17:52:04.748+02:00</change>
          <change n="7" status="draft" who="#f1306037.e8">manual anonymisation, phase III, August-December 2016</change>
          <change n="8" status="draft" who="#f1306037.e5">post-processing, using postprocess-phase-III.xsl, 2017-03-24T17:45:42.441+01:00</change>
        </revisionDesc>
      </idsHeader>