<?xml version="1.0" encoding="UTF-8"?>
<?xml-model href="span.rng"
            type="application/xml"
            schematypens="http://relaxng.org/ns/structure/1.0"?>
<layer docid="DCK_CPR.00071"
       xmlns="http://ids-mannheim.de/ns/KorAP"
       version="KorAP-0.4">
  <spanList>
    <span id="s0" from="0" to="5106" l="1">
      <fs type="struct" xmlns="http://www.tei-c.org/ns/1.0">
        <f name="name">text</f>
      </fs>
    </span>
    <span id="s1" from="0" to="5106" l="2">
      <fs type="struct" xmlns="http://www.tei-c.org/ns/1.0">
        <f name="name">body</f>
      </fs>
    </span>
    <span id="s2" from="0" to="5106" l="3">
      <fs type="struct" xmlns="http://www.tei-c.org/ns/1.0">
        <f name="name">div</f>
        <f name="attr">
          <fs type="attr">
            <f name="complete">y</f>
            <f name="org">uniform</f>
            <f name="part">N</f>
            <f name="sample">complete</f>
            <f name="type">logfile</f>
          </fs>
        </f>
      </fs>
    </span>
    <span id="s3" from="0" to="37" l="4">
      <fs type="struct" xmlns="http://www.tei-c.org/ns/1.0">
        <f name="name">posting</f>
        <f name="attr">
          <fs type="attr">
            <f name="id">f1306014.m1</f>
            <f name="rend">color:#003366</f>
            <f name="type">standard</f>
            <f name="who">#f1306014.A01</f>
          </fs>
        </f>
      </fs>
    </span>
    <span id="s4" from="0" to="37" l="5">
      <fs type="struct" xmlns="http://www.tei-c.org/ns/1.0">
        <f name="name">p</f>
        <f name="attr">
          <fs type="attr">
            <f name="part">N</f>
          </fs>
        </f>
      </fs>
    </span>
    <span id="s5" from="1" to="37" l="6">
      <fs type="struct" xmlns="http://www.tei-c.org/ns/1.0">
        <f name="name">s</f>
        <f name="attr">
          <fs type="attr">
            <f name="part">N</f>
          </fs>
        </f>
      </fs>
    </span>
    <span id="s6" from="37" to="176" l="4">
      <fs type="struct" xmlns="http://www.tei-c.org/ns/1.0">
        <f name="name">posting</f>
        <f name="attr">
          <fs type="attr">
            <f name="id">f1306014.m2</f>
            <f name="rend">color:black</f>
            <f name="type">standard</f>
            <f name="who">#f1306014.A02</f>
          </fs>
        </f>
      </fs>
    </span>
    <span id="s7" from="38" to="176" l="5">
      <fs type="struct" xmlns="http://www.tei-c.org/ns/1.0">
        <f name="name">p</f>
        <f name="attr">
          <fs type="attr">
            <f name="part">N</f>
          </fs>
        </f>
      </fs>
    </span>
    <span id="s8" from="39" to="176" l="6">
      <fs type="struct" xmlns="http://www.tei-c.org/ns/1.0">
        <f name="name">s</f>
        <f name="attr">
          <fs type="attr">
            <f name="part">N</f>
          </fs>
        </f>
      </fs>
    </span>
    <span id="s9" from="67" to="126" l="7">
      <fs type="struct" xmlns="http://www.tei-c.org/ns/1.0">
        <f name="name">name</f>
        <f name="attr">
          <fs type="attr">
            <f name="full">yes</f>
            <f name="instant">false</f>
            <f name="type">GPE</f>
          </fs>
        </f>
      </fs>
    </span>
    <span id="s10" from="176" to="255" l="4">
      <fs type="struct" xmlns="http://www.tei-c.org/ns/1.0">
        <f name="name">posting</f>
        <f name="attr">
          <fs type="attr">
            <f name="id">f1306014.m3</f>
            <f name="rend">color:#003366</f>
            <f name="type">standard</f>
            <f name="who">#f1306014.A01</f>
          </fs>
        </f>
      </fs>
    </span>
    <span id="s11" from="177" to="255" l="5">
      <fs type="struct" xmlns="http://www.tei-c.org/ns/1.0">
        <f name="name">p</f>
        <f name="attr">
          <fs type="attr">
            <f name="part">N</f>
          </fs>
        </f>
      </fs>
    </span>
    <span id="s12" from="178" to="255" l="6">
      <fs type="struct" xmlns="http://www.tei-c.org/ns/1.0">
        <f name="name">s</f>
        <f name="attr">
          <fs type="attr">
            <f name="part">N</f>
          </fs>
        </f>
      </fs>
    </span>
    <span id="s13" from="255" to="284" l="4">
      <fs type="struct" xmlns="http://www.tei-c.org/ns/1.0">
        <f name="name">posting</f>
        <f name="attr">
          <fs type="attr">
            <f name="id">f1306014.m4</f>
            <f name="rend">color:black</f>
            <f name="type">standard</f>
            <f name="who">#f1306014.A03</f>
          </fs>
        </f>
      </fs>
    </span>
    <span id="s14" from="256" to="284" l="5">
      <fs type="struct" xmlns="http://www.tei-c.org/ns/1.0">
        <f name="name">p</f>
        <f name="attr">
          <fs type="attr">
            <f name="part">N</f>
          </fs>
        </f>
      </fs>
    </span>
    <span id="s15" from="257" to="284" l="6">
      <fs type="struct" xmlns="http://www.tei-c.org/ns/1.0">
        <f name="name">s</f>
        <f name="attr">
          <fs type="attr">
            <f name="part">N</f>
          </fs>
        </f>
      </fs>
    </span>
    <span id="s16" from="284" to="311" l="4">
      <fs type="struct" xmlns="http://www.tei-c.org/ns/1.0">
        <f name="name">posting</f>
        <f name="attr">
          <fs type="attr">
            <f name="id">f1306014.m5</f>
            <f name="rend">color:#003366</f>
            <f name="type">standard</f>
            <f name="who">#f1306014.A01</f>
          </fs>
        </f>
      </fs>
    </span>
    <span id="s17" from="285" to="311" l="5">
      <fs type="struct" xmlns="http://www.tei-c.org/ns/1.0">
        <f name="name">p</f>
        <f name="attr">
          <fs type="attr">
            <f name="part">N</f>
          </fs>
        </f>
      </fs>
    </span>
    <span id="s18" from="286" to="311" l="6">
      <fs type="struct" xmlns="http://www.tei-c.org/ns/1.0">
        <f name="name">s</f>
        <f name="attr">
          <fs type="attr">
            <f name="part">N</f>
          </fs>
        </f>
      </fs>
    </span>
    <span id="s19" from="311" to="352" l="4">
      <fs type="struct" xmlns="http://www.tei-c.org/ns/1.0">
        <f name="name">posting</f>
        <f name="attr">
          <fs type="attr">
            <f name="id">f1306014.m6</f>
            <f name="rend">color:black</f>
            <f name="type">standard</f>
            <f name="who">#f1306014.A04</f>
          </fs>
        </f>
      </fs>
    </span>
    <span id="s20" from="312" to="352" l="5">
      <fs type="struct" xmlns="http://www.tei-c.org/ns/1.0">
        <f name="name">p</f>
        <f name="attr">
          <fs type="attr">
            <f name="part">N</f>
          </fs>
        </f>
      </fs>
    </span>
    <span id="s21" from="313" to="352" l="6">
      <fs type="struct" xmlns="http://www.tei-c.org/ns/1.0">
        <f name="name">s</f>
        <f name="attr">
          <fs type="attr">
            <f name="part">N</f>
          </fs>
        </f>
      </fs>
    </span>
    <span id="s22" from="317" to="323" l="7">
      <fs type="struct" xmlns="http://www.tei-c.org/ns/1.0">
        <f name="name">ref</f>
        <f name="attr">
          <fs type="attr">
            <f name="corresp">#f1306014.A01</f>
            <f name="type">addressingTerm</f>
          </fs>
        </f>
      </fs>
    </span>
    <span id="s23" from="352" to="384" l="4">
      <fs type="struct" xmlns="http://www.tei-c.org/ns/1.0">
        <f name="name">posting</f>
        <f name="attr">
          <fs type="attr">
            <f name="id">f1306014.m7</f>
            <f name="rend">color:#003366</f>
            <f name="type">standard</f>
            <f name="who">#f1306014.A01</f>
          </fs>
        </f>
      </fs>
    </span>
    <span id="s24" from="353" to="384" l="5">
      <fs type="struct" xmlns="http://www.tei-c.org/ns/1.0">
        <f name="name">p</f>
        <f name="attr">
          <fs type="attr">
            <f name="part">N</f>
          </fs>
        </f>
      </fs>
    </span>
    <span id="s25" from="354" to="384" l="6">
      <fs type="struct" xmlns="http://www.tei-c.org/ns/1.0">
        <f name="name">s</f>
        <f name="attr">
          <fs type="attr">
            <f name="part">N</f>
          </fs>
        </f>
      </fs>
    </span>
    <span id="s26" from="355" to="364" l="7">
      <fs type="struct" xmlns="http://www.tei-c.org/ns/1.0">
        <f name="name">name</f>
        <f name="attr">
          <fs type="attr">
            <f name="corresp">#f1306014.A01</f>
            <f name="full">yes</f>
            <f name="instant">false</f>
            <f name="type">NICK</f>
          </fs>
        </f>
      </fs>
    </span>
    <span id="s27" from="384" to="415" l="4">
      <fs type="struct" xmlns="http://www.tei-c.org/ns/1.0">
        <f name="name">posting</f>
        <f name="attr">
          <fs type="attr">
            <f name="id">f1306014.m8</f>
            <f name="rend">color:black</f>
            <f name="type">standard</f>
            <f name="who">#f1306014.A05</f>
          </fs>
        </f>
      </fs>
    </span>
    <span id="s28" from="385" to="415" l="5">
      <fs type="struct" xmlns="http://www.tei-c.org/ns/1.0">
        <f name="name">p</f>
        <f name="attr">
          <fs type="attr">
            <f name="part">N</f>
          </fs>
        </f>
      </fs>
    </span>
    <span id="s29" from="386" to="415" l="6">
      <fs type="struct" xmlns="http://www.tei-c.org/ns/1.0">
        <f name="name">s</f>
        <f name="attr">
          <fs type="attr">
            <f name="part">N</f>
          </fs>
        </f>
      </fs>
    </span>
    <span id="s30" from="397" to="403" l="7">
      <fs type="struct" xmlns="http://www.tei-c.org/ns/1.0">
        <f name="name">name</f>
        <f name="attr">
          <fs type="attr">
            <f name="corresp">#f1306014.A01</f>
            <f name="full">yes</f>
            <f name="instant">false</f>
            <f name="type">NICK</f>
          </fs>
        </f>
      </fs>
    </span>
    <span id="s31" from="415" to="425" l="4">
      <fs type="struct" xmlns="http://www.tei-c.org/ns/1.0">
        <f name="name">posting</f>
        <f name="attr">
          <fs type="attr">
            <f name="id">f1306014.m9</f>
            <f name="rend">color:#003366</f>
            <f name="type">standard</f>
            <f name="who">#f1306014.A01</f>
          </fs>
        </f>
      </fs>
    </span>
    <span id="s32" from="416" to="425" l="5">
      <fs type="struct" xmlns="http://www.tei-c.org/ns/1.0">
        <f name="name">p</f>
        <f name="attr">
          <fs type="attr">
            <f name="part">N</f>
          </fs>
        </f>
      </fs>
    </span>
    <span id="s33" from="417" to="425" l="6">
      <fs type="struct" xmlns="http://www.tei-c.org/ns/1.0">
        <f name="name">s</f>
        <f name="attr">
          <fs type="attr">
            <f name="part">N</f>
          </fs>
        </f>
      </fs>
    </span>
    <span id="s34" from="425" to="463" l="4">
      <fs type="struct" xmlns="http://www.tei-c.org/ns/1.0">
        <f name="name">posting</f>
        <f name="attr">
          <fs type="attr">
            <f name="id">f1306014.m10</f>
            <f name="rend">color:black</f>
            <f name="type">standard</f>
            <f name="who">#f1306014.A02</f>
          </fs>
        </f>
      </fs>
    </span>
    <span id="s35" from="426" to="463" l="5">
      <fs type="struct" xmlns="http://www.tei-c.org/ns/1.0">
        <f name="name">p</f>
        <f name="attr">
          <fs type="attr">
            <f name="part">N</f>
          </fs>
        </f>
      </fs>
    </span>
    <span id="s36" from="427" to="463" l="6">
      <fs type="struct" xmlns="http://www.tei-c.org/ns/1.0">
        <f name="name">s</f>
        <f name="attr">
          <fs type="attr">
            <f name="part">N</f>
          </fs>
        </f>
      </fs>
    </span>
    <span id="s37" from="432" to="438" l="7">
      <fs type="struct" xmlns="http://www.tei-c.org/ns/1.0">
        <f name="name">ref</f>
        <f name="attr">
          <fs type="attr">
            <f name="corresp">#f1306014.A01</f>
            <f name="type">addressingTerm</f>
          </fs>
        </f>
      </fs>
    </span>
    <span id="s38" from="463" to="492" l="4">
      <fs type="struct" xmlns="http://www.tei-c.org/ns/1.0">
        <f name="name">posting</f>
        <f name="attr">
          <fs type="attr">
            <f name="id">f1306014.m11</f>
            <f name="rend">color:#003366</f>
            <f name="type">standard</f>
            <f name="who">#f1306014.A01</f>
          </fs>
        </f>
      </fs>
    </span>
    <span id="s39" from="464" to="492" l="5">
      <fs type="struct" xmlns="http://www.tei-c.org/ns/1.0">
        <f name="name">p</f>
        <f name="attr">
          <fs type="attr">
            <f name="part">N</f>
          </fs>
        </f>
      </fs>
    </span>
    <span id="s40" from="465" to="492" l="6">
      <fs type="struct" xmlns="http://www.tei-c.org/ns/1.0">
        <f name="name">s</f>
        <f name="attr">
          <fs type="attr">
            <f name="part">N</f>
          </fs>
        </f>
      </fs>
    </span>
    <span id="s41" from="492" to="561" l="4">
      <fs type="struct" xmlns="http://www.tei-c.org/ns/1.0">
        <f name="name">posting</f>
        <f name="attr">
          <fs type="attr">
            <f name="id">f1306014.m12</f>
            <f name="rend">color:black</f>
            <f name="type">standard</f>
            <f name="who">#f1306014.A02</f>
          </fs>
        </f>
      </fs>
    </span>
    <span id="s42" from="493" to="561" l="5">
      <fs type="struct" xmlns="http://www.tei-c.org/ns/1.0">
        <f name="name">p</f>
        <f name="attr">
          <fs type="attr">
            <f name="part">N</f>
          </fs>
        </f>
      </fs>
    </span>
    <span id="s43" from="494" to="561" l="6">
      <fs type="struct" xmlns="http://www.tei-c.org/ns/1.0">
        <f name="name">s</f>
        <f name="attr">
          <fs type="attr">
            <f name="part">N</f>
          </fs>
        </f>
      </fs>
    </span>
    <span id="s44" from="503" to="511" l="7">
      <fs type="struct" xmlns="http://www.tei-c.org/ns/1.0">
        <f name="name">ref</f>
        <f name="attr">
          <fs type="attr">
            <f name="corresp">#f1306014.A01</f>
            <f name="type">addressingTerm</f>
          </fs>
        </f>
      </fs>
    </span>
    <span id="s45" from="561" to="603" l="4">
      <fs type="struct" xmlns="http://www.tei-c.org/ns/1.0">
        <f name="name">posting</f>
        <f name="attr">
          <fs type="attr">
            <f name="id">f1306014.m13</f>
            <f name="rend">color:#003366</f>
            <f name="type">standard</f>
            <f name="who">#f1306014.A01</f>
          </fs>
        </f>
      </fs>
    </span>
    <span id="s46" from="562" to="603" l="5">
      <fs type="struct" xmlns="http://www.tei-c.org/ns/1.0">
        <f name="name">p</f>
        <f name="attr">
          <fs type="attr">
            <f name="part">N</f>
          </fs>
        </f>
      </fs>
    </span>
    <span id="s47" from="563" to="603" l="6">
      <fs type="struct" xmlns="http://www.tei-c.org/ns/1.0">
        <f name="name">s</f>
        <f name="attr">
          <fs type="attr">
            <f name="part">N</f>
          </fs>
        </f>
      </fs>
    </span>
    <span id="s48" from="603" to="674" l="4">
      <fs type="struct" xmlns="http://www.tei-c.org/ns/1.0">
        <f name="name">posting</f>
        <f name="attr">
          <fs type="attr">
            <f name="id">f1306014.m14</f>
            <f name="rend">color:black</f>
            <f name="type">standard</f>
            <f name="who">#f1306014.A06</f>
          </fs>
        </f>
      </fs>
    </span>
    <span id="s49" from="604" to="674" l="5">
      <fs type="struct" xmlns="http://www.tei-c.org/ns/1.0">
        <f name="name">p</f>
        <f name="attr">
          <fs type="attr">
            <f name="part">N</f>
          </fs>
        </f>
      </fs>
    </span>
    <span id="s50" from="605" to="674" l="6">
      <fs type="struct" xmlns="http://www.tei-c.org/ns/1.0">
        <f name="name">s</f>
        <f name="attr">
          <fs type="attr">
            <f name="part">N</f>
          </fs>
        </f>
      </fs>
    </span>
    <span id="s51" from="674" to="696" l="4">
      <fs type="struct" xmlns="http://www.tei-c.org/ns/1.0">
        <f name="name">posting</f>
        <f name="attr">
          <fs type="attr">
            <f name="id">f1306014.m15</f>
            <f name="rend">color:#003366</f>
            <f name="type">standard</f>
            <f name="who">#f1306014.A01</f>
          </fs>
        </f>
      </fs>
    </span>
    <span id="s52" from="675" to="696" l="5">
      <fs type="struct" xmlns="http://www.tei-c.org/ns/1.0">
        <f name="name">p</f>
        <f name="attr">
          <fs type="attr">
            <f name="part">N</f>
          </fs>
        </f>
      </fs>
    </span>
    <span id="s53" from="676" to="696" l="6">
      <fs type="struct" xmlns="http://www.tei-c.org/ns/1.0">
        <f name="name">s</f>
        <f name="attr">
          <fs type="attr">
            <f name="part">N</f>
          </fs>
        </f>
      </fs>
    </span>
    <span id="s54" from="696" to="739" l="4">
      <fs type="struct" xmlns="http://www.tei-c.org/ns/1.0">
        <f name="name">posting</f>
        <f name="attr">
          <fs type="attr">
            <f name="id">f1306014.m16</f>
            <f name="rend">color:black</f>
            <f name="type">standard</f>
            <f name="who">#f1306014.A07</f>
          </fs>
        </f>
      </fs>
    </span>
    <span id="s55" from="697" to="739" l="5">
      <fs type="struct" xmlns="http://www.tei-c.org/ns/1.0">
        <f name="name">p</f>
        <f name="attr">
          <fs type="attr">
            <f name="part">N</f>
          </fs>
        </f>
      </fs>
    </span>
    <span id="s56" from="698" to="739" l="6">
      <fs type="struct" xmlns="http://www.tei-c.org/ns/1.0">
        <f name="name">s</f>
        <f name="attr">
          <fs type="attr">
            <f name="part">N</f>
          </fs>
        </f>
      </fs>
    </span>
    <span id="s57" from="739" to="835" l="4">
      <fs type="struct" xmlns="http://www.tei-c.org/ns/1.0">
        <f name="name">posting</f>
        <f name="attr">
          <fs type="attr">
            <f name="id">f1306014.m17</f>
            <f name="rend">color:#003366</f>
            <f name="type">standard</f>
            <f name="who">#f1306014.A01</f>
          </fs>
        </f>
      </fs>
    </span>
    <span id="s58" from="740" to="835" l="5">
      <fs type="struct" xmlns="http://www.tei-c.org/ns/1.0">
        <f name="name">p</f>
        <f name="attr">
          <fs type="attr">
            <f name="part">N</f>
          </fs>
        </f>
      </fs>
    </span>
    <span id="s59" from="741" to="835" l="6">
      <fs type="struct" xmlns="http://www.tei-c.org/ns/1.0">
        <f name="name">s</f>
        <f name="attr">
          <fs type="attr">
            <f name="part">N</f>
          </fs>
        </f>
      </fs>
    </span>
    <span id="s60" from="779" to="785" l="7">
      <fs type="struct" xmlns="http://www.tei-c.org/ns/1.0">
        <f name="name">name</f>
        <f name="attr">
          <fs type="attr">
            <f name="corresp">#f1306014.A01</f>
            <f name="full">yes</f>
            <f name="instant">false</f>
            <f name="type">NICK</f>
          </fs>
        </f>
      </fs>
    </span>
    <span id="s61" from="810" to="816" l="7">
      <fs type="struct" xmlns="http://www.tei-c.org/ns/1.0">
        <f name="name">name</f>
        <f name="attr">
          <fs type="attr">
            <f name="corresp">#f1306014.A01</f>
            <f name="full">yes</f>
            <f name="instant">false</f>
            <f name="type">NICK</f>
          </fs>
        </f>
      </fs>
    </span>
    <span id="s62" from="835" to="863" l="4">
      <fs type="struct" xmlns="http://www.tei-c.org/ns/1.0">
        <f name="name">posting</f>
        <f name="attr">
          <fs type="attr">
            <f name="id">f1306014.m18</f>
            <f name="rend">color:black</f>
            <f name="type">standard</f>
            <f name="who">#f1306014.A03</f>
          </fs>
        </f>
      </fs>
    </span>
    <span id="s63" from="836" to="863" l="5">
      <fs type="struct" xmlns="http://www.tei-c.org/ns/1.0">
        <f name="name">p</f>
        <f name="attr">
          <fs type="attr">
            <f name="part">N</f>
          </fs>
        </f>
      </fs>
    </span>
    <span id="s64" from="837" to="863" l="6">
      <fs type="struct" xmlns="http://www.tei-c.org/ns/1.0">
        <f name="name">s</f>
        <f name="attr">
          <fs type="attr">
            <f name="part">N</f>
          </fs>
        </f>
      </fs>
    </span>
    <span id="s65" from="838" to="844" l="7">
      <fs type="struct" xmlns="http://www.tei-c.org/ns/1.0">
        <f name="name">ref</f>
        <f name="attr">
          <fs type="attr">
            <f name="corresp">#f1306014.A01</f>
            <f name="type">addressingTerm</f>
          </fs>
        </f>
      </fs>
    </span>
    <span id="s66" from="863" to="879" l="4">
      <fs type="struct" xmlns="http://www.tei-c.org/ns/1.0">
        <f name="name">posting</f>
        <f name="attr">
          <fs type="attr">
            <f name="id">f1306014.m19</f>
            <f name="rend">color:#003366</f>
            <f name="type">standard</f>
            <f name="who">#f1306014.A01</f>
          </fs>
        </f>
      </fs>
    </span>
    <span id="s67" from="864" to="879" l="5">
      <fs type="struct" xmlns="http://www.tei-c.org/ns/1.0">
        <f name="name">p</f>
        <f name="attr">
          <fs type="attr">
            <f name="part">N</f>
          </fs>
        </f>
      </fs>
    </span>
    <span id="s68" from="865" to="879" l="6">
      <fs type="struct" xmlns="http://www.tei-c.org/ns/1.0">
        <f name="name">s</f>
        <f name="attr">
          <fs type="attr">
            <f name="part">N</f>
          </fs>
        </f>
      </fs>
    </span>
    <span id="s69" from="879" to="970" l="4">
      <fs type="struct" xmlns="http://www.tei-c.org/ns/1.0">
        <f name="name">posting</f>
        <f name="attr">
          <fs type="attr">
            <f name="id">f1306014.m20</f>
            <f name="rend">color:black</f>
            <f name="type">standard</f>
            <f name="who">#f1306014.A08</f>
          </fs>
        </f>
      </fs>
    </span>
    <span id="s70" from="880" to="970" l="5">
      <fs type="struct" xmlns="http://www.tei-c.org/ns/1.0">
        <f name="name">p</f>
        <f name="attr">
          <fs type="attr">
            <f name="part">N</f>
          </fs>
        </f>
      </fs>
    </span>
    <span id="s71" from="881" to="970" l="6">
      <fs type="struct" xmlns="http://www.tei-c.org/ns/1.0">
        <f name="name">s</f>
        <f name="attr">
          <fs type="attr">
            <f name="part">N</f>
          </fs>
        </f>
      </fs>
    </span>
    <span id="s72" from="922" to="952" l="7">
      <fs type="struct" xmlns="http://www.tei-c.org/ns/1.0">
        <f name="name">name</f>
        <f name="attr">
          <fs type="attr">
            <f name="full">yes</f>
            <f name="instant">false</f>
            <f name="type">GPE</f>
          </fs>
        </f>
      </fs>
    </span>
    <span id="s73" from="970" to="1001" l="4">
      <fs type="struct" xmlns="http://www.tei-c.org/ns/1.0">
        <f name="name">posting</f>
        <f name="attr">
          <fs type="attr">
            <f name="id">f1306014.m21</f>
            <f name="rend">color:#003366</f>
            <f name="type">standard</f>
            <f name="who">#f1306014.A01</f>
          </fs>
        </f>
      </fs>
    </span>
    <span id="s74" from="971" to="1001" l="5">
      <fs type="struct" xmlns="http://www.tei-c.org/ns/1.0">
        <f name="name">p</f>
        <f name="attr">
          <fs type="attr">
            <f name="part">N</f>
          </fs>
        </f>
      </fs>
    </span>
    <span id="s75" from="972" to="1001" l="6">
      <fs type="struct" xmlns="http://www.tei-c.org/ns/1.0">
        <f name="name">s</f>
        <f name="attr">
          <fs type="attr">
            <f name="part">N</f>
          </fs>
        </f>
      </fs>
    </span>
    <span id="s76" from="1001" to="1060" l="4">
      <fs type="struct" xmlns="http://www.tei-c.org/ns/1.0">
        <f name="name">posting</f>
        <f name="attr">
          <fs type="attr">
            <f name="id">f1306014.m22</f>
            <f name="rend">color:black</f>
            <f name="type">standard</f>
            <f name="who">#f1306014.A09</f>
          </fs>
        </f>
      </fs>
    </span>
    <span id="s77" from="1002" to="1060" l="5">
      <fs type="struct" xmlns="http://www.tei-c.org/ns/1.0">
        <f name="name">p</f>
        <f name="attr">
          <fs type="attr">
            <f name="part">N</f>
          </fs>
        </f>
      </fs>
    </span>
    <span id="s78" from="1003" to="1060" l="6">
      <fs type="struct" xmlns="http://www.tei-c.org/ns/1.0">
        <f name="name">s</f>
        <f name="attr">
          <fs type="attr">
            <f name="part">N</f>
          </fs>
        </f>
      </fs>
    </span>
    <span id="s79" from="1060" to="1135" l="4">
      <fs type="struct" xmlns="http://www.tei-c.org/ns/1.0">
        <f name="name">posting</f>
        <f name="attr">
          <fs type="attr">
            <f name="id">f1306014.m23</f>
            <f name="rend">color:#003366</f>
            <f name="type">standard</f>
            <f name="who">#f1306014.A01</f>
          </fs>
        </f>
      </fs>
    </span>
    <span id="s80" from="1061" to="1135" l="5">
      <fs type="struct" xmlns="http://www.tei-c.org/ns/1.0">
        <f name="name">p</f>
        <f name="attr">
          <fs type="attr">
            <f name="part">N</f>
          </fs>
        </f>
      </fs>
    </span>
    <span id="s81" from="1062" to="1135" l="6">
      <fs type="struct" xmlns="http://www.tei-c.org/ns/1.0">
        <f name="name">s</f>
        <f name="attr">
          <fs type="attr">
            <f name="part">N</f>
          </fs>
        </f>
      </fs>
    </span>
    <span id="s82" from="1066" to="1072" l="7">
      <fs type="struct" xmlns="http://www.tei-c.org/ns/1.0">
        <f name="name">name</f>
        <f name="attr">
          <fs type="attr">
            <f name="corresp">#f1306014.A01</f>
            <f name="full">yes</f>
            <f name="instant">false</f>
            <f name="type">NICK</f>
          </fs>
        </f>
      </fs>
    </span>
    <span id="s83" from="1135" to="1174" l="4">
      <fs type="struct" xmlns="http://www.tei-c.org/ns/1.0">
        <f name="name">posting</f>
        <f name="attr">
          <fs type="attr">
            <f name="id">f1306014.m24</f>
            <f name="rend">color:black</f>
            <f name="type">standard</f>
            <f name="who">#f1306014.A10</f>
          </fs>
        </f>
      </fs>
    </span>
    <span id="s84" from="1136" to="1174" l="5">
      <fs type="struct" xmlns="http://www.tei-c.org/ns/1.0">
        <f name="name">p</f>
        <f name="attr">
          <fs type="attr">
            <f name="part">N</f>
          </fs>
        </f>
      </fs>
    </span>
    <span id="s85" from="1137" to="1174" l="6">
      <fs type="struct" xmlns="http://www.tei-c.org/ns/1.0">
        <f name="name">s</f>
        <f name="attr">
          <fs type="attr">
            <f name="part">N</f>
          </fs>
        </f>
      </fs>
    </span>
    <span id="s86" from="1174" to="1228" l="4">
      <fs type="struct" xmlns="http://www.tei-c.org/ns/1.0">
        <f name="name">posting</f>
        <f name="attr">
          <fs type="attr">
            <f name="id">f1306014.m25</f>
            <f name="rend">color:#003366</f>
            <f name="type">standard</f>
            <f name="who">#f1306014.A01</f>
          </fs>
        </f>
      </fs>
    </span>
    <span id="s87" from="1175" to="1228" l="5">
      <fs type="struct" xmlns="http://www.tei-c.org/ns/1.0">
        <f name="name">p</f>
        <f name="attr">
          <fs type="attr">
            <f name="part">N</f>
          </fs>
        </f>
      </fs>
    </span>
    <span id="s88" from="1176" to="1228" l="6">
      <fs type="struct" xmlns="http://www.tei-c.org/ns/1.0">
        <f name="name">s</f>
        <f name="attr">
          <fs type="attr">
            <f name="part">N</f>
          </fs>
        </f>
      </fs>
    </span>
    <span id="s89" from="1228" to="1296" l="4">
      <fs type="struct" xmlns="http://www.tei-c.org/ns/1.0">
        <f name="name">posting</f>
        <f name="attr">
          <fs type="attr">
            <f name="id">f1306014.m26</f>
            <f name="rend">color:black</f>
            <f name="type">standard</f>
            <f name="who">#f1306014.A02</f>
          </fs>
        </f>
      </fs>
    </span>
    <span id="s90" from="1229" to="1296" l="5">
      <fs type="struct" xmlns="http://www.tei-c.org/ns/1.0">
        <f name="name">p</f>
        <f name="attr">
          <fs type="attr">
            <f name="part">N</f>
          </fs>
        </f>
      </fs>
    </span>
    <span id="s91" from="1230" to="1296" l="6">
      <fs type="struct" xmlns="http://www.tei-c.org/ns/1.0">
        <f name="name">s</f>
        <f name="attr">
          <fs type="attr">
            <f name="part">N</f>
          </fs>
        </f>
      </fs>
    </span>
    <span id="s92" from="1296" to="1337" l="4">
      <fs type="struct" xmlns="http://www.tei-c.org/ns/1.0">
        <f name="name">posting</f>
        <f name="attr">
          <fs type="attr">
            <f name="id">f1306014.m27</f>
            <f name="rend">color:#003366</f>
            <f name="type">standard</f>
            <f name="who">#f1306014.A01</f>
          </fs>
        </f>
      </fs>
    </span>
    <span id="s93" from="1297" to="1337" l="5">
      <fs type="struct" xmlns="http://www.tei-c.org/ns/1.0">
        <f name="name">p</f>
        <f name="attr">
          <fs type="attr">
            <f name="part">N</f>
          </fs>
        </f>
      </fs>
    </span>
    <span id="s94" from="1298" to="1337" l="6">
      <fs type="struct" xmlns="http://www.tei-c.org/ns/1.0">
        <f name="name">s</f>
        <f name="attr">
          <fs type="attr">
            <f name="part">N</f>
          </fs>
        </f>
      </fs>
    </span>
    <span id="s95" from="1337" to="1407" l="4">
      <fs type="struct" xmlns="http://www.tei-c.org/ns/1.0">
        <f name="name">posting</f>
        <f name="attr">
          <fs type="attr">
            <f name="id">f1306014.m28</f>
            <f name="rend">color:black</f>
            <f name="type">standard</f>
            <f name="who">#f1306014.A02</f>
          </fs>
        </f>
      </fs>
    </span>
    <span id="s96" from="1338" to="1407" l="5">
      <fs type="struct" xmlns="http://www.tei-c.org/ns/1.0">
        <f name="name">p</f>
        <f name="attr">
          <fs type="attr">
            <f name="part">N</f>
          </fs>
        </f>
      </fs>
    </span>
    <span id="s97" from="1339" to="1407" l="6">
      <fs type="struct" xmlns="http://www.tei-c.org/ns/1.0">
        <f name="name">s</f>
        <f name="attr">
          <fs type="attr">
            <f name="part">N</f>
          </fs>
        </f>
      </fs>
    </span>
    <span id="s98" from="1407" to="1437" l="4">
      <fs type="struct" xmlns="http://www.tei-c.org/ns/1.0">
        <f name="name">posting</f>
        <f name="attr">
          <fs type="attr">
            <f name="id">f1306014.m29</f>
            <f name="rend">color:#003366</f>
            <f name="type">standard</f>
            <f name="who">#f1306014.A01</f>
          </fs>
        </f>
      </fs>
    </span>
    <span id="s99" from="1408" to="1437" l="5">
      <fs type="struct" xmlns="http://www.tei-c.org/ns/1.0">
        <f name="name">p</f>
        <f name="attr">
          <fs type="attr">
            <f name="part">N</f>
          </fs>
        </f>
      </fs>
    </span>
    <span id="s100" from="1409" to="1437" l="6">
      <fs type="struct" xmlns="http://www.tei-c.org/ns/1.0">
        <f name="name">s</f>
        <f name="attr">
          <fs type="attr">
            <f name="part">N</f>
          </fs>
        </f>
      </fs>
    </span>
    <span id="s101" from="1416" to="1430" l="7">
      <fs type="struct" xmlns="http://www.tei-c.org/ns/1.0">
        <f name="name">ref</f>
        <f name="attr">
          <fs type="attr">
            <f name="type">addressingTerm</f>
          </fs>
        </f>
      </fs>
    </span>
    <span id="s102" from="1437" to="1487" l="4">
      <fs type="struct" xmlns="http://www.tei-c.org/ns/1.0">
        <f name="name">posting</f>
        <f name="attr">
          <fs type="attr">
            <f name="id">f1306014.m30</f>
            <f name="rend">color:black</f>
            <f name="type">standard</f>
            <f name="who">#f1306014.A11</f>
          </fs>
        </f>
      </fs>
    </span>
    <span id="s103" from="1438" to="1487" l="5">
      <fs type="struct" xmlns="http://www.tei-c.org/ns/1.0">
        <f name="name">p</f>
        <f name="attr">
          <fs type="attr">
            <f name="part">N</f>
          </fs>
        </f>
      </fs>
    </span>
    <span id="s104" from="1439" to="1487" l="6">
      <fs type="struct" xmlns="http://www.tei-c.org/ns/1.0">
        <f name="name">s</f>
        <f name="attr">
          <fs type="attr">
            <f name="part">N</f>
          </fs>
        </f>
      </fs>
    </span>
    <span id="s105" from="1487" to="1519" l="4">
      <fs type="struct" xmlns="http://www.tei-c.org/ns/1.0">
        <f name="name">posting</f>
        <f name="attr">
          <fs type="attr">
            <f name="id">f1306014.m31</f>
            <f name="rend">color:#003366</f>
            <f name="type">standard</f>
            <f name="who">#f1306014.A01</f>
          </fs>
        </f>
      </fs>
    </span>
    <span id="s106" from="1488" to="1519" l="5">
      <fs type="struct" xmlns="http://www.tei-c.org/ns/1.0">
        <f name="name">p</f>
        <f name="attr">
          <fs type="attr">
            <f name="part">N</f>
          </fs>
        </f>
      </fs>
    </span>
    <span id="s107" from="1489" to="1519" l="6">
      <fs type="struct" xmlns="http://www.tei-c.org/ns/1.0">
        <f name="name">s</f>
        <f name="attr">
          <fs type="attr">
            <f name="part">N</f>
          </fs>
        </f>
      </fs>
    </span>
    <span id="s108" from="1519" to="1566" l="4">
      <fs type="struct" xmlns="http://www.tei-c.org/ns/1.0">
        <f name="name">posting</f>
        <f name="attr">
          <fs type="attr">
            <f name="id">f1306014.m32</f>
            <f name="rend">color:black</f>
            <f name="type">standard</f>
            <f name="who">#f1306014.A12</f>
          </fs>
        </f>
      </fs>
    </span>
    <span id="s109" from="1520" to="1566" l="5">
      <fs type="struct" xmlns="http://www.tei-c.org/ns/1.0">
        <f name="name">p</f>
        <f name="attr">
          <fs type="attr">
            <f name="part">N</f>
          </fs>
        </f>
      </fs>
    </span>
    <span id="s110" from="1521" to="1566" l="6">
      <fs type="struct" xmlns="http://www.tei-c.org/ns/1.0">
        <f name="name">s</f>
        <f name="attr">
          <fs type="attr">
            <f name="part">N</f>
          </fs>
        </f>
      </fs>
    </span>
    <span id="s111" from="1566" to="1614" l="4">
      <fs type="struct" xmlns="http://www.tei-c.org/ns/1.0">
        <f name="name">posting</f>
        <f name="attr">
          <fs type="attr">
            <f name="id">f1306014.m33</f>
            <f name="rend">color:#003366</f>
            <f name="type">standard</f>
            <f name="who">#f1306014.A01</f>
          </fs>
        </f>
      </fs>
    </span>
    <span id="s112" from="1567" to="1614" l="5">
      <fs type="struct" xmlns="http://www.tei-c.org/ns/1.0">
        <f name="name">p</f>
        <f name="attr">
          <fs type="attr">
            <f name="part">N</f>
          </fs>
        </f>
      </fs>
    </span>
    <span id="s113" from="1568" to="1614" l="6">
      <fs type="struct" xmlns="http://www.tei-c.org/ns/1.0">
        <f name="name">s</f>
        <f name="attr">
          <fs type="attr">
            <f name="part">N</f>
          </fs>
        </f>
      </fs>
    </span>
    <span id="s114" from="1614" to="1696" l="4">
      <fs type="struct" xmlns="http://www.tei-c.org/ns/1.0">
        <f name="name">posting</f>
        <f name="attr">
          <fs type="attr">
            <f name="id">f1306014.m34</f>
            <f name="rend">color:black</f>
            <f name="type">standard</f>
            <f name="who">#f1306014.A04</f>
          </fs>
        </f>
      </fs>
    </span>
    <span id="s115" from="1615" to="1696" l="5">
      <fs type="struct" xmlns="http://www.tei-c.org/ns/1.0">
        <f name="name">p</f>
        <f name="attr">
          <fs type="attr">
            <f name="part">N</f>
          </fs>
        </f>
      </fs>
    </span>
    <span id="s116" from="1616" to="1696" l="6">
      <fs type="struct" xmlns="http://www.tei-c.org/ns/1.0">
        <f name="name">s</f>
        <f name="attr">
          <fs type="attr">
            <f name="part">N</f>
          </fs>
        </f>
      </fs>
    </span>
    <span id="s117" from="1696" to="1737" l="4">
      <fs type="struct" xmlns="http://www.tei-c.org/ns/1.0">
        <f name="name">posting</f>
        <f name="attr">
          <fs type="attr">
            <f name="id">f1306014.m35</f>
            <f name="rend">color:#003366</f>
            <f name="type">standard</f>
            <f name="who">#f1306014.A01</f>
          </fs>
        </f>
      </fs>
    </span>
    <span id="s118" from="1697" to="1737" l="5">
      <fs type="struct" xmlns="http://www.tei-c.org/ns/1.0">
        <f name="name">p</f>
        <f name="attr">
          <fs type="attr">
            <f name="part">N</f>
          </fs>
        </f>
      </fs>
    </span>
    <span id="s119" from="1698" to="1737" l="6">
      <fs type="struct" xmlns="http://www.tei-c.org/ns/1.0">
        <f name="name">s</f>
        <f name="attr">
          <fs type="attr">
            <f name="part">N</f>
          </fs>
        </f>
      </fs>
    </span>
    <span id="s120" from="1737" to="1849" l="4">
      <fs type="struct" xmlns="http://www.tei-c.org/ns/1.0">
        <f name="name">posting</f>
        <f name="attr">
          <fs type="attr">
            <f name="id">f1306014.m36</f>
            <f name="rend">color:black</f>
            <f name="type">standard</f>
            <f name="who">#f1306014.A07</f>
          </fs>
        </f>
      </fs>
    </span>
    <span id="s121" from="1738" to="1849" l="5">
      <fs type="struct" xmlns="http://www.tei-c.org/ns/1.0">
        <f name="name">p</f>
        <f name="attr">
          <fs type="attr">
            <f name="part">N</f>
          </fs>
        </f>
      </fs>
    </span>
    <span id="s122" from="1739" to="1849" l="6">
      <fs type="struct" xmlns="http://www.tei-c.org/ns/1.0">
        <f name="name">s</f>
        <f name="attr">
          <fs type="attr">
            <f name="part">N</f>
          </fs>
        </f>
      </fs>
    </span>
    <span id="s123" from="1755" to="1775" l="7">
      <fs type="struct" xmlns="http://www.tei-c.org/ns/1.0">
        <f name="name">name</f>
        <f name="attr">
          <fs type="attr">
            <f name="full">yes</f>
            <f name="instant">false</f>
            <f name="type">LOC</f>
          </fs>
        </f>
      </fs>
    </span>
    <span id="s124" from="1778" to="1808" l="7">
      <fs type="struct" xmlns="http://www.tei-c.org/ns/1.0">
        <f name="name">name</f>
        <f name="attr">
          <fs type="attr">
            <f name="full">yes</f>
            <f name="instant">false</f>
            <f name="type">GPE</f>
          </fs>
        </f>
      </fs>
    </span>
    <span id="s125" from="1814" to="1844" l="7">
      <fs type="struct" xmlns="http://www.tei-c.org/ns/1.0">
        <f name="name">name</f>
        <f name="attr">
          <fs type="attr">
            <f name="full">yes</f>
            <f name="instant">false</f>
            <f name="type">GPE</f>
          </fs>
        </f>
      </fs>
    </span>
    <span id="s126" from="1849" to="1934" l="4">
      <fs type="struct" xmlns="http://www.tei-c.org/ns/1.0">
        <f name="name">posting</f>
        <f name="attr">
          <fs type="attr">
            <f name="id">f1306014.m37</f>
            <f name="rend">color:#003366</f>
            <f name="type">standard</f>
            <f name="who">#f1306014.A01</f>
          </fs>
        </f>
      </fs>
    </span>
    <span id="s127" from="1850" to="1934" l="5">
      <fs type="struct" xmlns="http://www.tei-c.org/ns/1.0">
        <f name="name">p</f>
        <f name="attr">
          <fs type="attr">
            <f name="part">N</f>
          </fs>
        </f>
      </fs>
    </span>
    <span id="s128" from="1851" to="1934" l="6">
      <fs type="struct" xmlns="http://www.tei-c.org/ns/1.0">
        <f name="name">s</f>
        <f name="attr">
          <fs type="attr">
            <f name="part">N</f>
          </fs>
        </f>
      </fs>
    </span>
    <span id="s129" from="1934" to="1995" l="4">
      <fs type="struct" xmlns="http://www.tei-c.org/ns/1.0">
        <f name="name">posting</f>
        <f name="attr">
          <fs type="attr">
            <f name="id">f1306014.m38</f>
            <f name="rend">color:black</f>
            <f name="type">standard</f>
            <f name="who">#f1306014.A13</f>
          </fs>
        </f>
      </fs>
    </span>
    <span id="s130" from="1935" to="1995" l="5">
      <fs type="struct" xmlns="http://www.tei-c.org/ns/1.0">
        <f name="name">p</f>
        <f name="attr">
          <fs type="attr">
            <f name="part">N</f>
          </fs>
        </f>
      </fs>
    </span>
    <span id="s131" from="1936" to="1995" l="6">
      <fs type="struct" xmlns="http://www.tei-c.org/ns/1.0">
        <f name="name">s</f>
        <f name="attr">
          <fs type="attr">
            <f name="part">N</f>
          </fs>
        </f>
      </fs>
    </span>
    <span id="s132" from="1995" to="2006" l="4">
      <fs type="struct" xmlns="http://www.tei-c.org/ns/1.0">
        <f name="name">posting</f>
        <f name="attr">
          <fs type="attr">
            <f name="id">f1306014.m39</f>
            <f name="rend">color:#003366</f>
            <f name="type">standard</f>
            <f name="who">#f1306014.A01</f>
          </fs>
        </f>
      </fs>
    </span>
    <span id="s133" from="1996" to="2006" l="5">
      <fs type="struct" xmlns="http://www.tei-c.org/ns/1.0">
        <f name="name">p</f>
        <f name="attr">
          <fs type="attr">
            <f name="part">N</f>
          </fs>
        </f>
      </fs>
    </span>
    <span id="s134" from="1997" to="2006" l="6">
      <fs type="struct" xmlns="http://www.tei-c.org/ns/1.0">
        <f name="name">s</f>
        <f name="attr">
          <fs type="attr">
            <f name="part">N</f>
          </fs>
        </f>
      </fs>
    </span>
    <span id="s135" from="2006" to="2129" l="4">
      <fs type="struct" xmlns="http://www.tei-c.org/ns/1.0">
        <f name="name">posting</f>
        <f name="attr">
          <fs type="attr">
            <f name="id">f1306014.m40</f>
            <f name="rend">color:black</f>
            <f name="type">standard</f>
            <f name="who">#f1306014.A08</f>
          </fs>
        </f>
      </fs>
    </span>
    <span id="s136" from="2007" to="2129" l="5">
      <fs type="struct" xmlns="http://www.tei-c.org/ns/1.0">
        <f name="name">p</f>
        <f name="attr">
          <fs type="attr">
            <f name="part">N</f>
          </fs>
        </f>
      </fs>
    </span>
    <span id="s137" from="2008" to="2129" l="6">
      <fs type="struct" xmlns="http://www.tei-c.org/ns/1.0">
        <f name="name">s</f>
        <f name="attr">
          <fs type="attr">
            <f name="part">N</f>
          </fs>
        </f>
      </fs>
    </span>
    <span id="s138" from="2015" to="2021" l="7">
      <fs type="struct" xmlns="http://www.tei-c.org/ns/1.0">
        <f name="name">ref</f>
        <f name="attr">
          <fs type="attr">
            <f name="corresp">#f1306014.A01</f>
            <f name="type">addressingTerm</f>
          </fs>
        </f>
      </fs>
    </span>
    <span id="s139" from="2129" to="2146" l="4">
      <fs type="struct" xmlns="http://www.tei-c.org/ns/1.0">
        <f name="name">posting</f>
        <f name="attr">
          <fs type="attr">
            <f name="id">f1306014.m41</f>
            <f name="rend">color:#003366</f>
            <f name="type">standard</f>
            <f name="who">#f1306014.A01</f>
          </fs>
        </f>
      </fs>
    </span>
    <span id="s140" from="2130" to="2146" l="5">
      <fs type="struct" xmlns="http://www.tei-c.org/ns/1.0">
        <f name="name">p</f>
        <f name="attr">
          <fs type="attr">
            <f name="part">N</f>
          </fs>
        </f>
      </fs>
    </span>
    <span id="s141" from="2131" to="2146" l="6">
      <fs type="struct" xmlns="http://www.tei-c.org/ns/1.0">
        <f name="name">s</f>
        <f name="attr">
          <fs type="attr">
            <f name="part">N</f>
          </fs>
        </f>
      </fs>
    </span>
    <span id="s142" from="2132" to="2145" l="7">
      <fs type="struct" xmlns="http://www.tei-c.org/ns/1.0">
        <f name="name">name</f>
        <f name="attr">
          <fs type="attr">
            <f name="corresp">#f1306014.A01</f>
            <f name="full">yes</f>
            <f name="instant">false</f>
            <f name="type">NICK</f>
          </fs>
        </f>
      </fs>
    </span>
    <span id="s143" from="2146" to="2184" l="4">
      <fs type="struct" xmlns="http://www.tei-c.org/ns/1.0">
        <f name="name">posting</f>
        <f name="attr">
          <fs type="attr">
            <f name="id">f1306014.m42</f>
            <f name="rend">color:#003366</f>
            <f name="type">standard</f>
            <f name="who">#f1306014.A01</f>
          </fs>
        </f>
      </fs>
    </span>
    <span id="s144" from="2147" to="2184" l="5">
      <fs type="struct" xmlns="http://www.tei-c.org/ns/1.0">
        <f name="name">p</f>
        <f name="attr">
          <fs type="attr">
            <f name="part">N</f>
          </fs>
        </f>
      </fs>
    </span>
    <span id="s145" from="2148" to="2184" l="6">
      <fs type="struct" xmlns="http://www.tei-c.org/ns/1.0">
        <f name="name">s</f>
        <f name="attr">
          <fs type="attr">
            <f name="part">N</f>
          </fs>
        </f>
      </fs>
    </span>
    <span id="s146" from="2184" to="2235" l="4">
      <fs type="struct" xmlns="http://www.tei-c.org/ns/1.0">
        <f name="name">posting</f>
        <f name="attr">
          <fs type="attr">
            <f name="id">f1306014.m43</f>
            <f name="rend">color:black</f>
            <f name="type">standard</f>
            <f name="who">#f1306014.A06</f>
          </fs>
        </f>
      </fs>
    </span>
    <span id="s147" from="2185" to="2235" l="5">
      <fs type="struct" xmlns="http://www.tei-c.org/ns/1.0">
        <f name="name">p</f>
        <f name="attr">
          <fs type="attr">
            <f name="part">N</f>
          </fs>
        </f>
      </fs>
    </span>
    <span id="s148" from="2186" to="2235" l="6">
      <fs type="struct" xmlns="http://www.tei-c.org/ns/1.0">
        <f name="name">s</f>
        <f name="attr">
          <fs type="attr">
            <f name="part">N</f>
          </fs>
        </f>
      </fs>
    </span>
    <span id="s149" from="2196" to="2202" l="7">
      <fs type="struct" xmlns="http://www.tei-c.org/ns/1.0">
        <f name="name">ref</f>
        <f name="attr">
          <fs type="attr">
            <f name="corresp">#f1306014.A01</f>
            <f name="type">addressingTerm</f>
          </fs>
        </f>
      </fs>
    </span>
    <span id="s150" from="2235" to="2245" l="4">
      <fs type="struct" xmlns="http://www.tei-c.org/ns/1.0">
        <f name="name">posting</f>
        <f name="attr">
          <fs type="attr">
            <f name="id">f1306014.m44</f>
            <f name="rend">color:#003366</f>
            <f name="type">standard</f>
            <f name="who">#f1306014.A01</f>
          </fs>
        </f>
      </fs>
    </span>
    <span id="s151" from="2236" to="2245" l="5">
      <fs type="struct" xmlns="http://www.tei-c.org/ns/1.0">
        <f name="name">p</f>
        <f name="attr">
          <fs type="attr">
            <f name="part">N</f>
          </fs>
        </f>
      </fs>
    </span>
    <span id="s152" from="2237" to="2245" l="6">
      <fs type="struct" xmlns="http://www.tei-c.org/ns/1.0">
        <f name="name">s</f>
        <f name="attr">
          <fs type="attr">
            <f name="part">N</f>
          </fs>
        </f>
      </fs>
    </span>
    <span id="s153" from="2245" to="2364" l="4">
      <fs type="struct" xmlns="http://www.tei-c.org/ns/1.0">
        <f name="name">posting</f>
        <f name="attr">
          <fs type="attr">
            <f name="id">f1306014.m45</f>
            <f name="rend">color:black</f>
            <f name="type">standard</f>
            <f name="who">#f1306014.A12</f>
          </fs>
        </f>
      </fs>
    </span>
    <span id="s154" from="2246" to="2364" l="5">
      <fs type="struct" xmlns="http://www.tei-c.org/ns/1.0">
        <f name="name">p</f>
        <f name="attr">
          <fs type="attr">
            <f name="part">N</f>
          </fs>
        </f>
      </fs>
    </span>
    <span id="s155" from="2247" to="2364" l="6">
      <fs type="struct" xmlns="http://www.tei-c.org/ns/1.0">
        <f name="name">s</f>
        <f name="attr">
          <fs type="attr">
            <f name="part">N</f>
          </fs>
        </f>
      </fs>
    </span>
    <span id="s156" from="2364" to="2435" l="4">
      <fs type="struct" xmlns="http://www.tei-c.org/ns/1.0">
        <f name="name">posting</f>
        <f name="attr">
          <fs type="attr">
            <f name="id">f1306014.m46</f>
            <f name="rend">color:#003366</f>
            <f name="type">standard</f>
            <f name="who">#f1306014.A01</f>
          </fs>
        </f>
      </fs>
    </span>
    <span id="s157" from="2365" to="2435" l="5">
      <fs type="struct" xmlns="http://www.tei-c.org/ns/1.0">
        <f name="name">p</f>
        <f name="attr">
          <fs type="attr">
            <f name="part">N</f>
          </fs>
        </f>
      </fs>
    </span>
    <span id="s158" from="2366" to="2435" l="6">
      <fs type="struct" xmlns="http://www.tei-c.org/ns/1.0">
        <f name="name">s</f>
        <f name="attr">
          <fs type="attr">
            <f name="part">N</f>
          </fs>
        </f>
      </fs>
    </span>
    <span id="s159" from="2435" to="2483" l="4">
      <fs type="struct" xmlns="http://www.tei-c.org/ns/1.0">
        <f name="name">posting</f>
        <f name="attr">
          <fs type="attr">
            <f name="id">f1306014.m47</f>
            <f name="rend">color:black</f>
            <f name="type">standard</f>
            <f name="who">#f1306014.A08</f>
          </fs>
        </f>
      </fs>
    </span>
    <span id="s160" from="2436" to="2483" l="5">
      <fs type="struct" xmlns="http://www.tei-c.org/ns/1.0">
        <f name="name">p</f>
        <f name="attr">
          <fs type="attr">
            <f name="part">N</f>
          </fs>
        </f>
      </fs>
    </span>
    <span id="s161" from="2437" to="2483" l="6">
      <fs type="struct" xmlns="http://www.tei-c.org/ns/1.0">
        <f name="name">s</f>
        <f name="attr">
          <fs type="attr">
            <f name="part">N</f>
          </fs>
        </f>
      </fs>
    </span>
    <span id="s162" from="2483" to="2564" l="4">
      <fs type="struct" xmlns="http://www.tei-c.org/ns/1.0">
        <f name="name">posting</f>
        <f name="attr">
          <fs type="attr">
            <f name="id">f1306014.m48</f>
            <f name="rend">color:#003366</f>
            <f name="type">standard</f>
            <f name="who">#f1306014.A01</f>
          </fs>
        </f>
      </fs>
    </span>
    <span id="s163" from="2484" to="2564" l="5">
      <fs type="struct" xmlns="http://www.tei-c.org/ns/1.0">
        <f name="name">p</f>
        <f name="attr">
          <fs type="attr">
            <f name="part">N</f>
          </fs>
        </f>
      </fs>
    </span>
    <span id="s164" from="2485" to="2564" l="6">
      <fs type="struct" xmlns="http://www.tei-c.org/ns/1.0">
        <f name="name">s</f>
        <f name="attr">
          <fs type="attr">
            <f name="part">N</f>
          </fs>
        </f>
      </fs>
    </span>
    <span id="s165" from="2564" to="2595" l="4">
      <fs type="struct" xmlns="http://www.tei-c.org/ns/1.0">
        <f name="name">posting</f>
        <f name="attr">
          <fs type="attr">
            <f name="id">f1306014.m49</f>
            <f name="rend">color:black</f>
            <f name="type">standard</f>
            <f name="who">#f1306014.A10</f>
          </fs>
        </f>
      </fs>
    </span>
    <span id="s166" from="2565" to="2595" l="5">
      <fs type="struct" xmlns="http://www.tei-c.org/ns/1.0">
        <f name="name">p</f>
        <f name="attr">
          <fs type="attr">
            <f name="part">N</f>
          </fs>
        </f>
      </fs>
    </span>
    <span id="s167" from="2566" to="2595" l="6">
      <fs type="struct" xmlns="http://www.tei-c.org/ns/1.0">
        <f name="name">s</f>
        <f name="attr">
          <fs type="attr">
            <f name="part">N</f>
          </fs>
        </f>
      </fs>
    </span>
    <span id="s168" from="2595" to="2601" l="4">
      <fs type="struct" xmlns="http://www.tei-c.org/ns/1.0">
        <f name="name">posting</f>
        <f name="attr">
          <fs type="attr">
            <f name="id">f1306014.m50</f>
            <f name="rend">color:#003366</f>
            <f name="type">standard</f>
            <f name="who">#f1306014.A01</f>
          </fs>
        </f>
      </fs>
    </span>
    <span id="s169" from="2596" to="2601" l="5">
      <fs type="struct" xmlns="http://www.tei-c.org/ns/1.0">
        <f name="name">p</f>
        <f name="attr">
          <fs type="attr">
            <f name="part">N</f>
          </fs>
        </f>
      </fs>
    </span>
    <span id="s170" from="2597" to="2601" l="6">
      <fs type="struct" xmlns="http://www.tei-c.org/ns/1.0">
        <f name="name">s</f>
        <f name="attr">
          <fs type="attr">
            <f name="part">N</f>
          </fs>
        </f>
      </fs>
    </span>
    <span id="s171" from="2601" to="2754" l="4">
      <fs type="struct" xmlns="http://www.tei-c.org/ns/1.0">
        <f name="name">posting</f>
        <f name="attr">
          <fs type="attr">
            <f name="id">f1306014.m51</f>
            <f name="rend">color:black</f>
            <f name="type">standard</f>
            <f name="who">#f1306014.A13</f>
          </fs>
        </f>
      </fs>
    </span>
    <span id="s172" from="2602" to="2754" l="5">
      <fs type="struct" xmlns="http://www.tei-c.org/ns/1.0">
        <f name="name">p</f>
        <f name="attr">
          <fs type="attr">
            <f name="part">N</f>
          </fs>
        </f>
      </fs>
    </span>
    <span id="s173" from="2603" to="2754" l="6">
      <fs type="struct" xmlns="http://www.tei-c.org/ns/1.0">
        <f name="name">s</f>
        <f name="attr">
          <fs type="attr">
            <f name="part">N</f>
          </fs>
        </f>
      </fs>
    </span>
    <span id="s174" from="2687" to="2717" l="7">
      <fs type="struct" xmlns="http://www.tei-c.org/ns/1.0">
        <f name="name">name</f>
        <f name="attr">
          <fs type="attr">
            <f name="full">yes</f>
            <f name="instant">false</f>
            <f name="type">GPE</f>
          </fs>
        </f>
      </fs>
    </span>
    <span id="s175" from="2721" to="2751" l="7">
      <fs type="struct" xmlns="http://www.tei-c.org/ns/1.0">
        <f name="name">name</f>
        <f name="attr">
          <fs type="attr">
            <f name="full">yes</f>
            <f name="instant">false</f>
            <f name="type">GPE</f>
          </fs>
        </f>
      </fs>
    </span>
    <span id="s176" from="2754" to="2813" l="4">
      <fs type="struct" xmlns="http://www.tei-c.org/ns/1.0">
        <f name="name">posting</f>
        <f name="attr">
          <fs type="attr">
            <f name="id">f1306014.m52</f>
            <f name="rend">color:#003366</f>
            <f name="type">standard</f>
            <f name="who">#f1306014.A01</f>
          </fs>
        </f>
      </fs>
    </span>
    <span id="s177" from="2755" to="2813" l="5">
      <fs type="struct" xmlns="http://www.tei-c.org/ns/1.0">
        <f name="name">p</f>
        <f name="attr">
          <fs type="attr">
            <f name="part">N</f>
          </fs>
        </f>
      </fs>
    </span>
    <span id="s178" from="2756" to="2813" l="6">
      <fs type="struct" xmlns="http://www.tei-c.org/ns/1.0">
        <f name="name">s</f>
        <f name="attr">
          <fs type="attr">
            <f name="part">N</f>
          </fs>
        </f>
      </fs>
    </span>
    <span id="s179" from="2760" to="2766" l="7">
      <fs type="struct" xmlns="http://www.tei-c.org/ns/1.0">
        <f name="name">name</f>
        <f name="attr">
          <fs type="attr">
            <f name="corresp">#f1306014.A01</f>
            <f name="full">yes</f>
            <f name="instant">false</f>
            <f name="type">NICK</f>
          </fs>
        </f>
      </fs>
    </span>
    <span id="s180" from="2813" to="2862" l="4">
      <fs type="struct" xmlns="http://www.tei-c.org/ns/1.0">
        <f name="name">posting</f>
        <f name="attr">
          <fs type="attr">
            <f name="id">f1306014.m53</f>
            <f name="rend">color:black</f>
            <f name="type">standard</f>
            <f name="who">#f1306014.A04</f>
          </fs>
        </f>
      </fs>
    </span>
    <span id="s181" from="2814" to="2862" l="5">
      <fs type="struct" xmlns="http://www.tei-c.org/ns/1.0">
        <f name="name">p</f>
        <f name="attr">
          <fs type="attr">
            <f name="part">N</f>
          </fs>
        </f>
      </fs>
    </span>
    <span id="s182" from="2815" to="2862" l="6">
      <fs type="struct" xmlns="http://www.tei-c.org/ns/1.0">
        <f name="name">s</f>
        <f name="attr">
          <fs type="attr">
            <f name="part">N</f>
          </fs>
        </f>
      </fs>
    </span>
    <span id="s183" from="2862" to="2905" l="4">
      <fs type="struct" xmlns="http://www.tei-c.org/ns/1.0">
        <f name="name">posting</f>
        <f name="attr">
          <fs type="attr">
            <f name="id">f1306014.m54</f>
            <f name="rend">color:#003366</f>
            <f name="type">standard</f>
            <f name="who">#f1306014.A01</f>
          </fs>
        </f>
      </fs>
    </span>
    <span id="s184" from="2863" to="2905" l="5">
      <fs type="struct" xmlns="http://www.tei-c.org/ns/1.0">
        <f name="name">p</f>
        <f name="attr">
          <fs type="attr">
            <f name="part">N</f>
          </fs>
        </f>
      </fs>
    </span>
    <span id="s185" from="2864" to="2905" l="6">
      <fs type="struct" xmlns="http://www.tei-c.org/ns/1.0">
        <f name="name">s</f>
        <f name="attr">
          <fs type="attr">
            <f name="part">N</f>
          </fs>
        </f>
      </fs>
    </span>
    <span id="s186" from="2905" to="2962" l="4">
      <fs type="struct" xmlns="http://www.tei-c.org/ns/1.0">
        <f name="name">posting</f>
        <f name="attr">
          <fs type="attr">
            <f name="id">f1306014.m55</f>
            <f name="rend">color:black</f>
            <f name="type">standard</f>
            <f name="who">#f1306014.A14</f>
          </fs>
        </f>
      </fs>
    </span>
    <span id="s187" from="2906" to="2962" l="5">
      <fs type="struct" xmlns="http://www.tei-c.org/ns/1.0">
        <f name="name">p</f>
        <f name="attr">
          <fs type="attr">
            <f name="part">N</f>
          </fs>
        </f>
      </fs>
    </span>
    <span id="s188" from="2907" to="2962" l="6">
      <fs type="struct" xmlns="http://www.tei-c.org/ns/1.0">
        <f name="name">s</f>
        <f name="attr">
          <fs type="attr">
            <f name="part">N</f>
          </fs>
        </f>
      </fs>
    </span>
    <span id="s189" from="2917" to="2924" l="7">
      <fs type="struct" xmlns="http://www.tei-c.org/ns/1.0">
        <f name="name">ref</f>
        <f name="attr">
          <fs type="attr">
            <f name="corresp">#f1306014.A01</f>
            <f name="type">addressingTerm</f>
          </fs>
        </f>
      </fs>
    </span>
    <span id="s190" from="2962" to="3007" l="4">
      <fs type="struct" xmlns="http://www.tei-c.org/ns/1.0">
        <f name="name">posting</f>
        <f name="attr">
          <fs type="attr">
            <f name="id">f1306014.m56</f>
            <f name="rend">color:#003366</f>
            <f name="type">standard</f>
            <f name="who">#f1306014.A01</f>
          </fs>
        </f>
      </fs>
    </span>
    <span id="s191" from="2963" to="3007" l="5">
      <fs type="struct" xmlns="http://www.tei-c.org/ns/1.0">
        <f name="name">p</f>
        <f name="attr">
          <fs type="attr">
            <f name="part">N</f>
          </fs>
        </f>
      </fs>
    </span>
    <span id="s192" from="2964" to="3007" l="6">
      <fs type="struct" xmlns="http://www.tei-c.org/ns/1.0">
        <f name="name">s</f>
        <f name="attr">
          <fs type="attr">
            <f name="part">N</f>
          </fs>
        </f>
      </fs>
    </span>
    <span id="s193" from="2965" to="2971" l="7">
      <fs type="struct" xmlns="http://www.tei-c.org/ns/1.0">
        <f name="name">name</f>
        <f name="attr">
          <fs type="attr">
            <f name="corresp">#f1306014.A01</f>
            <f name="full">yes</f>
            <f name="instant">false</f>
            <f name="type">NICK</f>
          </fs>
        </f>
      </fs>
    </span>
    <span id="s194" from="2980" to="2986" l="7">
      <fs type="struct" xmlns="http://www.tei-c.org/ns/1.0">
        <f name="name">name</f>
        <f name="attr">
          <fs type="attr">
            <f name="corresp">#f1306014.A01</f>
            <f name="full">yes</f>
            <f name="instant">false</f>
            <f name="type">NICK</f>
          </fs>
        </f>
      </fs>
    </span>
    <span id="s195" from="3007" to="3084" l="4">
      <fs type="struct" xmlns="http://www.tei-c.org/ns/1.0">
        <f name="name">posting</f>
        <f name="attr">
          <fs type="attr">
            <f name="id">f1306014.m57</f>
            <f name="rend">color:black</f>
            <f name="type">standard</f>
            <f name="who">#f1306014.A13</f>
          </fs>
        </f>
      </fs>
    </span>
    <span id="s196" from="3008" to="3084" l="5">
      <fs type="struct" xmlns="http://www.tei-c.org/ns/1.0">
        <f name="name">p</f>
        <f name="attr">
          <fs type="attr">
            <f name="part">N</f>
          </fs>
        </f>
      </fs>
    </span>
    <span id="s197" from="3009" to="3071" l="6">
      <fs type="struct" xmlns="http://www.tei-c.org/ns/1.0">
        <f name="name">s</f>
        <f name="attr">
          <fs type="attr">
            <f name="part">N</f>
          </fs>
        </f>
      </fs>
    </span>
    <span id="s198" from="3071" to="3084" l="6">
      <fs type="struct" xmlns="http://www.tei-c.org/ns/1.0">
        <f name="name">s</f>
        <f name="attr">
          <fs type="attr">
            <f name="part">N</f>
          </fs>
        </f>
      </fs>
    </span>
    <span id="s199" from="3084" to="3145" l="4">
      <fs type="struct" xmlns="http://www.tei-c.org/ns/1.0">
        <f name="name">posting</f>
        <f name="attr">
          <fs type="attr">
            <f name="id">f1306014.m58</f>
            <f name="rend">color:#003366</f>
            <f name="type">standard</f>
            <f name="who">#f1306014.A01</f>
          </fs>
        </f>
      </fs>
    </span>
    <span id="s200" from="3085" to="3145" l="5">
      <fs type="struct" xmlns="http://www.tei-c.org/ns/1.0">
        <f name="name">p</f>
        <f name="attr">
          <fs type="attr">
            <f name="part">N</f>
          </fs>
        </f>
      </fs>
    </span>
    <span id="s201" from="3086" to="3145" l="6">
      <fs type="struct" xmlns="http://www.tei-c.org/ns/1.0">
        <f name="name">s</f>
        <f name="attr">
          <fs type="attr">
            <f name="part">N</f>
          </fs>
        </f>
      </fs>
    </span>
    <span id="s202" from="3087" to="3093" l="7">
      <fs type="struct" xmlns="http://www.tei-c.org/ns/1.0">
        <f name="name">name</f>
        <f name="attr">
          <fs type="attr">
            <f name="corresp">#f1306014.A01</f>
            <f name="full">yes</f>
            <f name="instant">false</f>
            <f name="type">NICK</f>
          </fs>
        </f>
      </fs>
    </span>
    <span id="s203" from="3115" to="3121" l="7">
      <fs type="struct" xmlns="http://www.tei-c.org/ns/1.0">
        <f name="name">name</f>
        <f name="attr">
          <fs type="attr">
            <f name="corresp">#f1306014.A01</f>
            <f name="full">yes</f>
            <f name="instant">false</f>
            <f name="type">NICK</f>
          </fs>
        </f>
      </fs>
    </span>
    <span id="s204" from="3145" to="3187" l="4">
      <fs type="struct" xmlns="http://www.tei-c.org/ns/1.0">
        <f name="name">posting</f>
        <f name="attr">
          <fs type="attr">
            <f name="id">f1306014.m59</f>
            <f name="rend">color:black</f>
            <f name="type">standard</f>
            <f name="who">#f1306014.A15</f>
          </fs>
        </f>
      </fs>
    </span>
    <span id="s205" from="3146" to="3187" l="5">
      <fs type="struct" xmlns="http://www.tei-c.org/ns/1.0">
        <f name="name">p</f>
        <f name="attr">
          <fs type="attr">
            <f name="part">N</f>
          </fs>
        </f>
      </fs>
    </span>
    <span id="s206" from="3147" to="3187" l="6">
      <fs type="struct" xmlns="http://www.tei-c.org/ns/1.0">
        <f name="name">s</f>
        <f name="attr">
          <fs type="attr">
            <f name="part">N</f>
          </fs>
        </f>
      </fs>
    </span>
    <span id="s207" from="3187" to="3264" l="4">
      <fs type="struct" xmlns="http://www.tei-c.org/ns/1.0">
        <f name="name">posting</f>
        <f name="attr">
          <fs type="attr">
            <f name="id">f1306014.m60</f>
            <f name="rend">color:#003366</f>
            <f name="type">standard</f>
            <f name="who">#f1306014.A01</f>
          </fs>
        </f>
      </fs>
    </span>
    <span id="s208" from="3188" to="3264" l="5">
      <fs type="struct" xmlns="http://www.tei-c.org/ns/1.0">
        <f name="name">p</f>
        <f name="attr">
          <fs type="attr">
            <f name="part">N</f>
          </fs>
        </f>
      </fs>
    </span>
    <span id="s209" from="3189" to="3264" l="6">
      <fs type="struct" xmlns="http://www.tei-c.org/ns/1.0">
        <f name="name">s</f>
        <f name="attr">
          <fs type="attr">
            <f name="part">N</f>
          </fs>
        </f>
      </fs>
    </span>
    <span id="s210" from="3264" to="3341" l="4">
      <fs type="struct" xmlns="http://www.tei-c.org/ns/1.0">
        <f name="name">posting</f>
        <f name="attr">
          <fs type="attr">
            <f name="id">f1306014.m61</f>
            <f name="rend">color:black</f>
            <f name="type">standard</f>
            <f name="who">#f1306014.A16</f>
          </fs>
        </f>
      </fs>
    </span>
    <span id="s211" from="3265" to="3341" l="5">
      <fs type="struct" xmlns="http://www.tei-c.org/ns/1.0">
        <f name="name">p</f>
        <f name="attr">
          <fs type="attr">
            <f name="part">N</f>
          </fs>
        </f>
      </fs>
    </span>
    <span id="s212" from="3266" to="3341" l="6">
      <fs type="struct" xmlns="http://www.tei-c.org/ns/1.0">
        <f name="name">s</f>
        <f name="attr">
          <fs type="attr">
            <f name="part">N</f>
          </fs>
        </f>
      </fs>
    </span>
    <span id="s213" from="3341" to="3420" l="4">
      <fs type="struct" xmlns="http://www.tei-c.org/ns/1.0">
        <f name="name">posting</f>
        <f name="attr">
          <fs type="attr">
            <f name="id">f1306014.m62</f>
            <f name="rend">color:#003366</f>
            <f name="type">standard</f>
            <f name="who">#f1306014.A01</f>
          </fs>
        </f>
      </fs>
    </span>
    <span id="s214" from="3342" to="3420" l="5">
      <fs type="struct" xmlns="http://www.tei-c.org/ns/1.0">
        <f name="name">p</f>
        <f name="attr">
          <fs type="attr">
            <f name="part">N</f>
          </fs>
        </f>
      </fs>
    </span>
    <span id="s215" from="3343" to="3420" l="6">
      <fs type="struct" xmlns="http://www.tei-c.org/ns/1.0">
        <f name="name">s</f>
        <f name="attr">
          <fs type="attr">
            <f name="part">N</f>
          </fs>
        </f>
      </fs>
    </span>
    <span id="s216" from="3420" to="3511" l="4">
      <fs type="struct" xmlns="http://www.tei-c.org/ns/1.0">
        <f name="name">posting</f>
        <f name="attr">
          <fs type="attr">
            <f name="id">f1306014.m63</f>
            <f name="rend">color:black</f>
            <f name="type">standard</f>
            <f name="who">#f1306014.A09</f>
          </fs>
        </f>
      </fs>
    </span>
    <span id="s217" from="3421" to="3511" l="5">
      <fs type="struct" xmlns="http://www.tei-c.org/ns/1.0">
        <f name="name">p</f>
        <f name="attr">
          <fs type="attr">
            <f name="part">N</f>
          </fs>
        </f>
      </fs>
    </span>
    <span id="s218" from="3422" to="3511" l="6">
      <fs type="struct" xmlns="http://www.tei-c.org/ns/1.0">
        <f name="name">s</f>
        <f name="attr">
          <fs type="attr">
            <f name="part">N</f>
          </fs>
        </f>
      </fs>
    </span>
    <span id="s219" from="3511" to="3622" l="4">
      <fs type="struct" xmlns="http://www.tei-c.org/ns/1.0">
        <f name="name">posting</f>
        <f name="attr">
          <fs type="attr">
            <f name="id">f1306014.m64</f>
            <f name="rend">color:#003366</f>
            <f name="type">standard</f>
            <f name="who">#f1306014.A01</f>
          </fs>
        </f>
      </fs>
    </span>
    <span id="s220" from="3512" to="3622" l="5">
      <fs type="struct" xmlns="http://www.tei-c.org/ns/1.0">
        <f name="name">p</f>
        <f name="attr">
          <fs type="attr">
            <f name="part">N</f>
          </fs>
        </f>
      </fs>
    </span>
    <span id="s221" from="3513" to="3622" l="6">
      <fs type="struct" xmlns="http://www.tei-c.org/ns/1.0">
        <f name="name">s</f>
        <f name="attr">
          <fs type="attr">
            <f name="part">N</f>
          </fs>
        </f>
      </fs>
    </span>
    <span id="s222" from="3622" to="3731" l="4">
      <fs type="struct" xmlns="http://www.tei-c.org/ns/1.0">
        <f name="name">posting</f>
        <f name="attr">
          <fs type="attr">
            <f name="id">f1306014.m65</f>
            <f name="rend">color:black</f>
            <f name="type">standard</f>
            <f name="who">#f1306014.A12</f>
          </fs>
        </f>
      </fs>
    </span>
    <span id="s223" from="3623" to="3731" l="5">
      <fs type="struct" xmlns="http://www.tei-c.org/ns/1.0">
        <f name="name">p</f>
        <f name="attr">
          <fs type="attr">
            <f name="part">N</f>
          </fs>
        </f>
      </fs>
    </span>
    <span id="s224" from="3624" to="3731" l="6">
      <fs type="struct" xmlns="http://www.tei-c.org/ns/1.0">
        <f name="name">s</f>
        <f name="attr">
          <fs type="attr">
            <f name="part">N</f>
          </fs>
        </f>
      </fs>
    </span>
    <span id="s225" from="3731" to="3791" l="4">
      <fs type="struct" xmlns="http://www.tei-c.org/ns/1.0">
        <f name="name">posting</f>
        <f name="attr">
          <fs type="attr">
            <f name="id">f1306014.m66</f>
            <f name="rend">color:#003366</f>
            <f name="type">standard</f>
            <f name="who">#f1306014.A01</f>
          </fs>
        </f>
      </fs>
    </span>
    <span id="s226" from="3732" to="3791" l="5">
      <fs type="struct" xmlns="http://www.tei-c.org/ns/1.0">
        <f name="name">p</f>
        <f name="attr">
          <fs type="attr">
            <f name="part">N</f>
          </fs>
        </f>
      </fs>
    </span>
    <span id="s227" from="3733" to="3791" l="6">
      <fs type="struct" xmlns="http://www.tei-c.org/ns/1.0">
        <f name="name">s</f>
        <f name="attr">
          <fs type="attr">
            <f name="part">N</f>
          </fs>
        </f>
      </fs>
    </span>
    <span id="s228" from="3734" to="3740" l="7">
      <fs type="struct" xmlns="http://www.tei-c.org/ns/1.0">
        <f name="name">name</f>
        <f name="attr">
          <fs type="attr">
            <f name="corresp">#f1306014.A01</f>
            <f name="full">yes</f>
            <f name="instant">false</f>
            <f name="type">NICK</f>
          </fs>
        </f>
      </fs>
    </span>
    <span id="s229" from="3750" to="3756" l="7">
      <fs type="struct" xmlns="http://www.tei-c.org/ns/1.0">
        <f name="name">name</f>
        <f name="attr">
          <fs type="attr">
            <f name="corresp">#f1306014.A01</f>
            <f name="full">yes</f>
            <f name="instant">false</f>
            <f name="type">NICK</f>
          </fs>
        </f>
      </fs>
    </span>
    <span id="s230" from="3763" to="3769" l="7">
      <fs type="struct" xmlns="http://www.tei-c.org/ns/1.0">
        <f name="name">name</f>
        <f name="attr">
          <fs type="attr">
            <f name="corresp">#f1306014.A01</f>
            <f name="full">yes</f>
            <f name="instant">false</f>
            <f name="type">NICK</f>
          </fs>
        </f>
      </fs>
    </span>
    <span id="s231" from="3779" to="3785" l="7">
      <fs type="struct" xmlns="http://www.tei-c.org/ns/1.0">
        <f name="name">name</f>
        <f name="attr">
          <fs type="attr">
            <f name="corresp">#f1306014.A01</f>
            <f name="full">yes</f>
            <f name="instant">false</f>
            <f name="type">NICK</f>
          </fs>
        </f>
      </fs>
    </span>
    <span id="s232" from="3791" to="3993" l="4">
      <fs type="struct" xmlns="http://www.tei-c.org/ns/1.0">
        <f name="name">posting</f>
        <f name="attr">
          <fs type="attr">
            <f name="id">f1306014.m67</f>
            <f name="rend">color:black</f>
            <f name="type">standard</f>
            <f name="who">#f1306014.A13</f>
          </fs>
        </f>
      </fs>
    </span>
    <span id="s233" from="3792" to="3993" l="5">
      <fs type="struct" xmlns="http://www.tei-c.org/ns/1.0">
        <f name="name">p</f>
        <f name="attr">
          <fs type="attr">
            <f name="part">N</f>
          </fs>
        </f>
      </fs>
    </span>
    <span id="s234" from="3793" to="3993" l="6">
      <fs type="struct" xmlns="http://www.tei-c.org/ns/1.0">
        <f name="name">s</f>
        <f name="attr">
          <fs type="attr">
            <f name="part">N</f>
          </fs>
        </f>
      </fs>
    </span>
    <span id="s235" from="3797" to="3827" l="7">
      <fs type="struct" xmlns="http://www.tei-c.org/ns/1.0">
        <f name="name">name</f>
        <f name="attr">
          <fs type="attr">
            <f name="full">yes</f>
            <f name="instant">false</f>
            <f name="type">GPE</f>
          </fs>
        </f>
      </fs>
    </span>
    <span id="s236" from="3993" to="4123" l="4">
      <fs type="struct" xmlns="http://www.tei-c.org/ns/1.0">
        <f name="name">posting</f>
        <f name="attr">
          <fs type="attr">
            <f name="id">f1306014.m68</f>
            <f name="rend">color:#003366</f>
            <f name="type">standard</f>
            <f name="who">#f1306014.A01</f>
          </fs>
        </f>
      </fs>
    </span>
    <span id="s237" from="3994" to="4123" l="5">
      <fs type="struct" xmlns="http://www.tei-c.org/ns/1.0">
        <f name="name">p</f>
        <f name="attr">
          <fs type="attr">
            <f name="part">N</f>
          </fs>
        </f>
      </fs>
    </span>
    <span id="s238" from="3995" to="4123" l="6">
      <fs type="struct" xmlns="http://www.tei-c.org/ns/1.0">
        <f name="name">s</f>
        <f name="attr">
          <fs type="attr">
            <f name="part">N</f>
          </fs>
        </f>
      </fs>
    </span>
    <span id="s239" from="4123" to="4258" l="4">
      <fs type="struct" xmlns="http://www.tei-c.org/ns/1.0">
        <f name="name">posting</f>
        <f name="attr">
          <fs type="attr">
            <f name="id">f1306014.m69</f>
            <f name="rend">color:black</f>
            <f name="type">standard</f>
            <f name="who">#f1306014.A10</f>
          </fs>
        </f>
      </fs>
    </span>
    <span id="s240" from="4124" to="4258" l="5">
      <fs type="struct" xmlns="http://www.tei-c.org/ns/1.0">
        <f name="name">p</f>
        <f name="attr">
          <fs type="attr">
            <f name="part">N</f>
          </fs>
        </f>
      </fs>
    </span>
    <span id="s241" from="4125" to="4258" l="6">
      <fs type="struct" xmlns="http://www.tei-c.org/ns/1.0">
        <f name="name">s</f>
        <f name="attr">
          <fs type="attr">
            <f name="part">N</f>
          </fs>
        </f>
      </fs>
    </span>
    <span id="s242" from="4173" to="4190" l="7">
      <fs type="struct" xmlns="http://www.tei-c.org/ns/1.0">
        <f name="name">name</f>
        <f name="attr">
          <fs type="attr">
            <f name="full">yes</f>
            <f name="instant">false</f>
            <f name="type">OTH</f>
          </fs>
        </f>
      </fs>
    </span>
    <span id="s243" from="4258" to="4274" l="4">
      <fs type="struct" xmlns="http://www.tei-c.org/ns/1.0">
        <f name="name">posting</f>
        <f name="attr">
          <fs type="attr">
            <f name="id">f1306014.m70</f>
            <f name="rend">color:#003366</f>
            <f name="type">standard</f>
            <f name="who">#f1306014.A01</f>
          </fs>
        </f>
      </fs>
    </span>
    <span id="s244" from="4259" to="4274" l="5">
      <fs type="struct" xmlns="http://www.tei-c.org/ns/1.0">
        <f name="name">p</f>
        <f name="attr">
          <fs type="attr">
            <f name="part">N</f>
          </fs>
        </f>
      </fs>
    </span>
    <span id="s245" from="4260" to="4274" l="6">
      <fs type="struct" xmlns="http://www.tei-c.org/ns/1.0">
        <f name="name">s</f>
        <f name="attr">
          <fs type="attr">
            <f name="part">N</f>
          </fs>
        </f>
      </fs>
    </span>
    <span id="s246" from="4274" to="4387" l="4">
      <fs type="struct" xmlns="http://www.tei-c.org/ns/1.0">
        <f name="name">posting</f>
        <f name="attr">
          <fs type="attr">
            <f name="id">f1306014.m71</f>
            <f name="rend">color:black</f>
            <f name="type">standard</f>
            <f name="who">#f1306014.A17</f>
          </fs>
        </f>
      </fs>
    </span>
    <span id="s247" from="4275" to="4387" l="5">
      <fs type="struct" xmlns="http://www.tei-c.org/ns/1.0">
        <f name="name">p</f>
        <f name="attr">
          <fs type="attr">
            <f name="part">N</f>
          </fs>
        </f>
      </fs>
    </span>
    <span id="s248" from="4276" to="4387" l="6">
      <fs type="struct" xmlns="http://www.tei-c.org/ns/1.0">
        <f name="name">s</f>
        <f name="attr">
          <fs type="attr">
            <f name="part">N</f>
          </fs>
        </f>
      </fs>
    </span>
    <span id="s249" from="4361" to="4369" l="7">
      <fs type="struct" xmlns="http://www.tei-c.org/ns/1.0">
        <f name="name">ref</f>
        <f name="attr">
          <fs type="attr">
            <f name="corresp">#f1306014.A01</f>
            <f name="type">addressingTerm</f>
          </fs>
        </f>
      </fs>
    </span>
    <span id="s250" from="4387" to="4410" l="4">
      <fs type="struct" xmlns="http://www.tei-c.org/ns/1.0">
        <f name="name">posting</f>
        <f name="attr">
          <fs type="attr">
            <f name="id">f1306014.m72</f>
            <f name="rend">color:#003366</f>
            <f name="type">standard</f>
            <f name="who">#f1306014.A01</f>
          </fs>
        </f>
      </fs>
    </span>
    <span id="s251" from="4388" to="4410" l="5">
      <fs type="struct" xmlns="http://www.tei-c.org/ns/1.0">
        <f name="name">p</f>
        <f name="attr">
          <fs type="attr">
            <f name="part">N</f>
          </fs>
        </f>
      </fs>
    </span>
    <span id="s252" from="4389" to="4410" l="6">
      <fs type="struct" xmlns="http://www.tei-c.org/ns/1.0">
        <f name="name">s</f>
        <f name="attr">
          <fs type="attr">
            <f name="part">N</f>
          </fs>
        </f>
      </fs>
    </span>
    <span id="s253" from="4410" to="4539" l="4">
      <fs type="struct" xmlns="http://www.tei-c.org/ns/1.0">
        <f name="name">posting</f>
        <f name="attr">
          <fs type="attr">
            <f name="id">f1306014.m73</f>
            <f name="rend">color:black</f>
            <f name="type">standard</f>
            <f name="who">#f1306014.A13</f>
          </fs>
        </f>
      </fs>
    </span>
    <span id="s254" from="4411" to="4539" l="5">
      <fs type="struct" xmlns="http://www.tei-c.org/ns/1.0">
        <f name="name">p</f>
        <f name="attr">
          <fs type="attr">
            <f name="part">N</f>
          </fs>
        </f>
      </fs>
    </span>
    <span id="s255" from="4412" to="4539" l="6">
      <fs type="struct" xmlns="http://www.tei-c.org/ns/1.0">
        <f name="name">s</f>
        <f name="attr">
          <fs type="attr">
            <f name="part">N</f>
          </fs>
        </f>
      </fs>
    </span>
    <span id="s256" from="4416" to="4427" l="7">
      <fs type="struct" xmlns="http://www.tei-c.org/ns/1.0">
        <f name="name">ref</f>
        <f name="attr">
          <fs type="attr">
            <f name="corresp">#f1306014.A01</f>
            <f name="type">addressingTerm</f>
          </fs>
        </f>
      </fs>
    </span>
    <span id="s257" from="4539" to="4591" l="4">
      <fs type="struct" xmlns="http://www.tei-c.org/ns/1.0">
        <f name="name">posting</f>
        <f name="attr">
          <fs type="attr">
            <f name="id">f1306014.m74</f>
            <f name="rend">color:#003366</f>
            <f name="type">standard</f>
            <f name="who">#f1306014.A01</f>
          </fs>
        </f>
      </fs>
    </span>
    <span id="s258" from="4540" to="4591" l="5">
      <fs type="struct" xmlns="http://www.tei-c.org/ns/1.0">
        <f name="name">p</f>
        <f name="attr">
          <fs type="attr">
            <f name="part">N</f>
          </fs>
        </f>
      </fs>
    </span>
    <span id="s259" from="4541" to="4591" l="6">
      <fs type="struct" xmlns="http://www.tei-c.org/ns/1.0">
        <f name="name">s</f>
        <f name="attr">
          <fs type="attr">
            <f name="part">N</f>
          </fs>
        </f>
      </fs>
    </span>
    <span id="s260" from="4591" to="4688" l="4">
      <fs type="struct" xmlns="http://www.tei-c.org/ns/1.0">
        <f name="name">posting</f>
        <f name="attr">
          <fs type="attr">
            <f name="id">f1306014.m75</f>
            <f name="rend">color:black</f>
            <f name="type">standard</f>
            <f name="who">#f1306014.A04</f>
          </fs>
        </f>
      </fs>
    </span>
    <span id="s261" from="4592" to="4688" l="5">
      <fs type="struct" xmlns="http://www.tei-c.org/ns/1.0">
        <f name="name">p</f>
        <f name="attr">
          <fs type="attr">
            <f name="part">N</f>
          </fs>
        </f>
      </fs>
    </span>
    <span id="s262" from="4593" to="4626" l="6">
      <fs type="struct" xmlns="http://www.tei-c.org/ns/1.0">
        <f name="name">s</f>
        <f name="attr">
          <fs type="attr">
            <f name="part">N</f>
          </fs>
        </f>
      </fs>
    </span>
    <span id="s263" from="4594" to="4602" l="7">
      <fs type="struct" xmlns="http://www.tei-c.org/ns/1.0">
        <f name="name">ref</f>
        <f name="attr">
          <fs type="attr">
            <f name="corresp">#f1306014.A01</f>
            <f name="type">addressingTerm</f>
          </fs>
        </f>
      </fs>
    </span>
    <span id="s264" from="4626" to="4688" l="6">
      <fs type="struct" xmlns="http://www.tei-c.org/ns/1.0">
        <f name="name">s</f>
        <f name="attr">
          <fs type="attr">
            <f name="part">N</f>
          </fs>
        </f>
      </fs>
    </span>
    <span id="s265" from="4654" to="4684" l="7">
      <fs type="struct" xmlns="http://www.tei-c.org/ns/1.0">
        <f name="name">name</f>
        <f name="attr">
          <fs type="attr">
            <f name="full">yes</f>
            <f name="instant">false</f>
            <f name="type">GPE</f>
          </fs>
        </f>
      </fs>
    </span>
    <span id="s266" from="4688" to="4778" l="4">
      <fs type="struct" xmlns="http://www.tei-c.org/ns/1.0">
        <f name="name">posting</f>
        <f name="attr">
          <fs type="attr">
            <f name="id">f1306014.m76</f>
            <f name="rend">color:#003366</f>
            <f name="type">standard</f>
            <f name="who">#f1306014.A01</f>
          </fs>
        </f>
      </fs>
    </span>
    <span id="s267" from="4689" to="4778" l="5">
      <fs type="struct" xmlns="http://www.tei-c.org/ns/1.0">
        <f name="name">p</f>
        <f name="attr">
          <fs type="attr">
            <f name="part">N</f>
          </fs>
        </f>
      </fs>
    </span>
    <span id="s268" from="4690" to="4778" l="6">
      <fs type="struct" xmlns="http://www.tei-c.org/ns/1.0">
        <f name="name">s</f>
        <f name="attr">
          <fs type="attr">
            <f name="part">N</f>
          </fs>
        </f>
      </fs>
    </span>
    <span id="s269" from="4694" to="4700" l="7">
      <fs type="struct" xmlns="http://www.tei-c.org/ns/1.0">
        <f name="name">name</f>
        <f name="attr">
          <fs type="attr">
            <f name="corresp">#f1306014.A01</f>
            <f name="full">yes</f>
            <f name="instant">false</f>
            <f name="type">NICK</f>
          </fs>
        </f>
      </fs>
    </span>
    <span id="s270" from="4747" to="4777" l="7">
      <fs type="struct" xmlns="http://www.tei-c.org/ns/1.0">
        <f name="name">name</f>
        <f name="attr">
          <fs type="attr">
            <f name="full">yes</f>
            <f name="instant">false</f>
            <f name="type">GPE</f>
          </fs>
        </f>
      </fs>
    </span>
    <span id="s271" from="4778" to="4860" l="4">
      <fs type="struct" xmlns="http://www.tei-c.org/ns/1.0">
        <f name="name">posting</f>
        <f name="attr">
          <fs type="attr">
            <f name="id">f1306014.m77</f>
            <f name="rend">color:black</f>
            <f name="type">standard</f>
            <f name="who">#f1306014.A13</f>
          </fs>
        </f>
      </fs>
    </span>
    <span id="s272" from="4779" to="4860" l="5">
      <fs type="struct" xmlns="http://www.tei-c.org/ns/1.0">
        <f name="name">p</f>
        <f name="attr">
          <fs type="attr">
            <f name="part">N</f>
          </fs>
        </f>
      </fs>
    </span>
    <span id="s273" from="4780" to="4860" l="6">
      <fs type="struct" xmlns="http://www.tei-c.org/ns/1.0">
        <f name="name">s</f>
        <f name="attr">
          <fs type="attr">
            <f name="part">N</f>
          </fs>
        </f>
      </fs>
    </span>
    <span id="s274" from="4781" to="4789" l="7">
      <fs type="struct" xmlns="http://www.tei-c.org/ns/1.0">
        <f name="name">ref</f>
        <f name="attr">
          <fs type="attr">
            <f name="corresp">#f1306014.A01</f>
            <f name="type">addressingTerm</f>
          </fs>
        </f>
      </fs>
    </span>
    <span id="s275" from="4860" to="4925" l="4">
      <fs type="struct" xmlns="http://www.tei-c.org/ns/1.0">
        <f name="name">posting</f>
        <f name="attr">
          <fs type="attr">
            <f name="id">f1306014.m78</f>
            <f name="rend">color:#003366</f>
            <f name="type">standard</f>
            <f name="who">#f1306014.A01</f>
          </fs>
        </f>
      </fs>
    </span>
    <span id="s276" from="4861" to="4925" l="5">
      <fs type="struct" xmlns="http://www.tei-c.org/ns/1.0">
        <f name="name">p</f>
        <f name="attr">
          <fs type="attr">
            <f name="part">N</f>
          </fs>
        </f>
      </fs>
    </span>
    <span id="s277" from="4862" to="4925" l="6">
      <fs type="struct" xmlns="http://www.tei-c.org/ns/1.0">
        <f name="name">s</f>
        <f name="attr">
          <fs type="attr">
            <f name="part">N</f>
          </fs>
        </f>
      </fs>
    </span>
    <span id="s278" from="4925" to="4986" l="4">
      <fs type="struct" xmlns="http://www.tei-c.org/ns/1.0">
        <f name="name">posting</f>
        <f name="attr">
          <fs type="attr">
            <f name="id">f1306014.m79</f>
            <f name="rend">color:black</f>
            <f name="type">standard</f>
            <f name="who">#f1306014.A13</f>
          </fs>
        </f>
      </fs>
    </span>
    <span id="s279" from="4926" to="4986" l="5">
      <fs type="struct" xmlns="http://www.tei-c.org/ns/1.0">
        <f name="name">p</f>
        <f name="attr">
          <fs type="attr">
            <f name="part">N</f>
          </fs>
        </f>
      </fs>
    </span>
    <span id="s280" from="4927" to="4986" l="6">
      <fs type="struct" xmlns="http://www.tei-c.org/ns/1.0">
        <f name="name">s</f>
        <f name="attr">
          <fs type="attr">
            <f name="part">N</f>
          </fs>
        </f>
      </fs>
    </span>
    <span id="s281" from="4986" to="4996" l="4">
      <fs type="struct" xmlns="http://www.tei-c.org/ns/1.0">
        <f name="name">posting</f>
        <f name="attr">
          <fs type="attr">
            <f name="id">f1306014.m80</f>
            <f name="rend">color:#003366</f>
            <f name="type">standard</f>
            <f name="who">#f1306014.A01</f>
          </fs>
        </f>
      </fs>
    </span>
    <span id="s282" from="4987" to="4996" l="5">
      <fs type="struct" xmlns="http://www.tei-c.org/ns/1.0">
        <f name="name">p</f>
        <f name="attr">
          <fs type="attr">
            <f name="part">N</f>
          </fs>
        </f>
      </fs>
    </span>
    <span id="s283" from="4988" to="4996" l="6">
      <fs type="struct" xmlns="http://www.tei-c.org/ns/1.0">
        <f name="name">s</f>
        <f name="attr">
          <fs type="attr">
            <f name="part">N</f>
          </fs>
        </f>
      </fs>
    </span>
    <span id="s284" from="4996" to="5069" l="4">
      <fs type="struct" xmlns="http://www.tei-c.org/ns/1.0">
        <f name="name">posting</f>
        <f name="attr">
          <fs type="attr">
            <f name="id">f1306014.m81</f>
            <f name="rend">color:#003366</f>
            <f name="type">standard</f>
            <f name="who">#f1306014.A01</f>
          </fs>
        </f>
      </fs>
    </span>
    <span id="s285" from="4997" to="5069" l="5">
      <fs type="struct" xmlns="http://www.tei-c.org/ns/1.0">
        <f name="name">p</f>
        <f name="attr">
          <fs type="attr">
            <f name="part">N</f>
          </fs>
        </f>
      </fs>
    </span>
    <span id="s286" from="4998" to="5069" l="6">
      <fs type="struct" xmlns="http://www.tei-c.org/ns/1.0">
        <f name="name">s</f>
        <f name="attr">
          <fs type="attr">
            <f name="part">N</f>
          </fs>
        </f>
      </fs>
    </span>
    <span id="s287" from="5069" to="5095" l="4">
      <fs type="struct" xmlns="http://www.tei-c.org/ns/1.0">
        <f name="name">posting</f>
        <f name="attr">
          <fs type="attr">
            <f name="id">f1306014.m82</f>
            <f name="rend">color:#003366</f>
            <f name="type">standard</f>
            <f name="who">#f1306014.A01</f>
          </fs>
        </f>
      </fs>
    </span>
    <span id="s288" from="5070" to="5095" l="5">
      <fs type="struct" xmlns="http://www.tei-c.org/ns/1.0">
        <f name="name">p</f>
        <f name="attr">
          <fs type="attr">
            <f name="part">N</f>
          </fs>
        </f>
      </fs>
    </span>
    <span id="s289" from="5071" to="5095" l="6">
      <fs type="struct" xmlns="http://www.tei-c.org/ns/1.0">
        <f name="name">s</f>
        <f name="attr">
          <fs type="attr">
            <f name="part">N</f>
          </fs>
        </f>
      </fs>
    </span>
    <span id="s290" from="5095" to="5106" l="4">
      <fs type="struct" xmlns="http://www.tei-c.org/ns/1.0">
        <f name="name">posting</f>
        <f name="attr">
          <fs type="attr">
            <f name="id">f1306014.m83</f>
            <f name="rend">color:#003366</f>
            <f name="type">standard</f>
            <f name="who">#f1306014.A01</f>
          </fs>
        </f>
      </fs>
    </span>
    <span id="s291" from="5096" to="5106" l="5">
      <fs type="struct" xmlns="http://www.tei-c.org/ns/1.0">
        <f name="name">p</f>
        <f name="attr">
          <fs type="attr">
            <f name="part">N</f>
          </fs>
        </f>
      </fs>
    </span>
    <span id="s292" from="5097" to="5106" l="6">
      <fs type="struct" xmlns="http://www.tei-c.org/ns/1.0">
        <f name="name">s</f>
        <f name="attr">
          <fs type="attr">
            <f name="part">N</f>
          </fs>
        </f>
      </fs>
    </span>
  </spanList>
</layer>