<?xml version="1.0" encoding="UTF-8"?>
<idsHeader TEIform="teiHeader" pattern="text" status="new" type="text" version="1.0">
        <fileDesc>
          <titleStmt>
            <textSigle>DCK/CPR.00017</textSigle>
            <t.title>DCK/CPR.00017 1305001_Expertenchat_Bernd_Brinkmann_15-12-2002, [Chat-Logfile], In: Dortmunder Chatkorpus, Professionelle Chats</t.title>
            <editor>
              <orgName full="yes" instant="false">CLARIN-D curation project ChatCorpus2CLARIN, 2015-2016</orgName>
            </editor>
            <respStmt>
              <persName full="yes" id="f1305001.e1" instant="false">Michael Beißwenger</persName>
              <persName full="yes" id="f1305001.e2" instant="false">Angelika Storrer</persName>
              <persName full="yes" id="f1305001.e3" instant="false">Eric Ehrhardt</persName>
              <persName full="yes" id="f1305001.e4" instant="false">Axel Herold</persName>
              <persName full="yes" id="f1305001.e5" instant="false">Harald Lüngen</persName>
            
            <!--Members of the project ChatCorpus2CLARIN 2015-2016--></respStmt>
            <respStmt>
              <persName full="yes" id="f1305001.e6" instant="false">Claudia Beißwanger</persName>
              <persName full="yes" id="f1305001.e7" instant="false">Bianca Selzam</persName>
              <orgName full="yes" id="f1305001.e8" instant="false">Universität des Saarlandes</orgName>
              <persName full="yes" id="f1305001.e9" instant="false">Laura Herzberg</persName>
            
            <!--Support, see revisionDesc--></respStmt>
          </titleStmt>
          <publicationStmt>
            <distributor>CLARIN centre Institut für Deutsche Sprache, Mannheim and CLARIN
                        centre Berlin-Brandenburgische Akademie der Wissenschaften</distributor>
            <pubAddress/>
            <idno>1305001</idno>
            <availability Default="n" region="world" status="unknown">CC-BY 4.0</availability>
            <pubDate type="year">2016</pubDate>
          </publicationStmt>
          <sourceDesc Default="n">
            <p part="N">
              <list type="Recording Statement">
                <item>plattformName=<name full="yes" instant="false" type="OTH">[_CHATPLATFORMNAME_]</name></item>
                <item>plattformURL=<ref type="URL">[_WWWURL_]</ref></item>
                <item>recording responsibility=<persName full="yes" id="f1305001.p1" instant="false">Michael Beißwenger</persName></item>
                <item>
                  <date instant="false">2002-12-15</date>
                </item>
                <item>
                  <time instant="false">unknown</time>
                </item>
              </list>
            </p>
            <biblStruct Default="n" status="draft">
              <analytic>
                <h.title type="main">Chat: 1305001_Expertenchat_Bernd_Brinkmann_15-12-2002</h.title>
                <h.author/>
                <imprint>
                  <pubDate>2009</pubDate>
                </imprint>
              </analytic>
              <monogr>
                <h.title type="main">Dortmunder Chatkorpus</h.title>
                <editor corresp="#f1305001.e2">Angelika Storrer</editor>
                <editor corresp="#f1305001.e1">Michael Beißwenger</editor>
                <imprint>
                  <publisher>Institut für deutsche Sprache und Literatur der
                                    Technischen Universität Dortmund</publisher>
                  <pubPlace> Dortmund</pubPlace>
                  <pubDate>2009</pubDate>
                </imprint>
                <biblNote>http://www.chatkorpus.tu-dortmund.de/</biblNote>
              </monogr>
            </biblStruct>
            <reference type="complete">DCK/CPR.00017 Chat: 1305001_Expertenchat_Bernd_Brinkmann_15-12-2002, In: Dortmunder Chatkorpus, Professionelle Chats, 15.12.2002</reference>
            <reference type="short">DCK/CPR.00017 Expertenchat (15.12.2002)</reference>
          </sourceDesc>
        </fileDesc>
        <encodingDesc>
          <editorialDecl Default="n">
            <pagination type="no"/>
            <transduction Default="n">POS-annotations according to STTS 2.0 by Universität des Saarlandes, see
                            Beißwenger, Michael; Ehrhardt, Eric; Horbach, Andrea; Lüngen,
                            Harald; Steffen, Diana; Storrer, Angelika (2015): Adding Value to CMC
                            Corpora: CLARINification and Part-of-Speech Annotation of the Dortmund
                            Chat Corpus. In: Proceedings of the 2nd Workshop on Natural Language
                            Processing for Computer-Mediated Communication / Social Media
                            (NLP4CMC2015). Essen, 12-16. https://sites.google.com/site/nlp4cmc2015/program</transduction>
          </editorialDecl>
          <tagsDecl>
            <tagUsage gi="sex">estimated on the basis of the nick name</tagUsage>
            <tagUsage gi="w" occurs="1782">used to mark a single token</tagUsage>
            <tagUsage gi="post" occurs="108">used to mark a single posting</tagUsage>
          </tagsDecl>
        </encodingDesc>
        <profileDesc>
          <particDesc Default="n">
            <listPerson Default="n">
              <person id="f1305001.A01" instant="false" role="celebrity" sex="male">
                <persName full="yes" instant="false" type="nickname">Bernd Brinkmann</persName>
                <note anchored="true">sex estimated on the basis of the nickname</note>
              </person>
              <person id="f1305001.A02" instant="false" role="moderator" sex="male">
                <persName full="yes" instant="false" type="nickname">[_MALE-MODERATOR-A02_]</persName>
                <note anchored="true">sex estimated on the basis of the nickname</note>
              </person>
              <person id="f1305001.A03" instant="false" role="participant" sex="unknown">
                <persName full="yes" instant="false" type="nickname">[_PARTICIPANT-A03_]</persName>
                <note anchored="true">sex estimated on the basis of the nickname</note>
              </person>
              <person id="f1305001.A04" instant="false" role="participant" sex="unknown">
                <persName full="yes" instant="false" type="nickname">[_PARTICIPANT-A04_]</persName>
                <note anchored="true">sex estimated on the basis of the nickname</note>
              </person>
              <person id="f1305001.A05" instant="false" role="participant" sex="male">
                <persName full="yes" instant="false" type="nickname">[_MALE-PARTICIPANT-A05_]</persName>
                <note anchored="true">sex estimated on the basis of the nickname</note>
              </person>
              <person id="f1305001.A06" instant="false" role="participant" sex="unknown">
                <persName full="yes" instant="false" type="nickname">[_PARTICIPANT-A06_]</persName>
                <note anchored="true">sex estimated on the basis of the nickname</note>
              </person>
              <person id="f1305001.A07" instant="false" role="participant" sex="unknown">
                <persName full="yes" instant="false" type="nickname">[_PARTICIPANT-A07_]</persName>
                <note anchored="true">sex estimated on the basis of the nickname</note>
              </person>
              <person id="f1305001.A08_System" instant="false" role="system" sex="system">
                <persName full="yes" instant="false" type="nickname">system</persName>
                <note anchored="true">sex estimated on the basis of the nickname</note>
              </person>
              <person id="f1305001.A09" instant="false" role="participant" sex="male">
                <persName full="yes" instant="false" type="nickname">[_MALE-PARTICIPANT-A09_]</persName>
                <note anchored="true">sex estimated on the basis of the nickname</note>
              </person>
              <person id="f1305001.A10" instant="false" role="participant" sex="unknown">
                <persName full="yes" instant="false" type="nickname">[_PARTICIPANT-A10_]</persName>
                <note anchored="true">sex estimated on the basis of the nickname</note>
              </person>
              <person id="f1305001.A11" instant="false" role="participant" sex="female">
                <persName full="yes" instant="false" type="nickname">[_FEMALE-PARTICIPANT-A11_]</persName>
                <note anchored="true">sex estimated on the basis of the nickname</note>
              </person>
              <person id="f1305001.A12" instant="false" role="participant" sex="male">
                <persName full="yes" instant="false" type="nickname">[_MALE-PARTICIPANT-A12_]</persName>
                <note anchored="true">sex estimated on the basis of the nickname</note>
              </person>
              <person id="f1305001.A13" instant="false" role="participant" sex="unknown">
                <persName full="yes" instant="false" type="nickname">[_PARTICIPANT-A13_]</persName>
                <note anchored="true">sex estimated on the basis of the nickname</note>
              </person>
              <person id="f1305001.A14" instant="false" role="participant" sex="male">
                <persName full="yes" instant="false" type="nickname">[_MALE-PARTICIPANT-A14_]</persName>
                <note anchored="true">sex estimated on the basis of the nickname</note>
              </person>
              <person id="f1305001.A15" instant="false" role="participant" sex="unknown">
                <persName full="yes" instant="false" type="nickname">[_PARTICIPANT-A15_]</persName>
                <note anchored="true">sex estimated on the basis of the nickname</note>
              </person>
              <person id="f1305001.A16" instant="false" role="participant" sex="female">
                <persName full="yes" instant="false" type="nickname">[_FEMALE-PARTICIPANT-A16_]</persName>
                <note anchored="true">sex estimated on the basis of the nickname</note>
              </person>
              <person id="f1305001.A17" instant="false" role="participant" sex="male">
                <persName full="yes" instant="false" type="nickname">[_MALE-PARTICIPANT-A17_]</persName>
                <note anchored="true">sex estimated on the basis of the nickname</note>
              </person>
              <person id="f1305001.A18" instant="false" role="participant" sex="male">
                <persName full="yes" instant="false" type="nickname">[_MALE-PARTICIPANT-A18_]</persName>
                <note anchored="true">sex estimated on the basis of the nickname</note>
              </person>
              <person id="f1305001.A19" instant="false" role="participant" sex="male">
                <persName full="yes" instant="false" type="nickname">[_MALE-PARTICIPANT-A19_]</persName>
                <note anchored="true">sex estimated on the basis of the nickname</note>
              </person>
              <person id="f1305001.A20" instant="false" role="participant" sex="female">
                <persName full="yes" instant="false" type="nickname">[_FEMALE-PARTICIPANT-A20_]</persName>
                <note anchored="true">sex estimated on the basis of the nickname</note>
              </person>
              <person id="f1305001.A21" instant="false" role="participant" sex="male">
                <persName full="yes" instant="false" type="nickname">[_MALE-PARTICIPANT-A21_]</persName>
                <note anchored="true">sex estimated on the basis of the nickname</note>
              </person>
              <person id="f1305001.A22" instant="false" role="participant" sex="unknown">
                <persName full="yes" instant="false" type="nickname">[_PARTICIPANT-A22_]</persName>
                <note anchored="true">sex estimated on the basis of the nickname</note>
              </person>
              <person id="f1305001.A23" instant="false" role="participant" sex="male">
                <persName full="yes" instant="false" type="nickname">[_MALE-PARTICIPANT-A23_]</persName>
                <note anchored="true">sex estimated on the basis of the nickname</note>
              </person>
              <person id="f1305001.A24" instant="false" role="participant" sex="female">
                <persName full="yes" instant="false" type="nickname">[_FEMALE-PARTICIPANT-A24_]</persName>
                <note anchored="true">sex estimated on the basis of the nickname</note>
              </person>
              <person id="f1305001.A25" instant="false" role="participant" sex="female">
                <persName full="yes" instant="false" type="nickname">[_FEMALE-PARTICIPANT-A25_]</persName>
                <note anchored="true">sex estimated on the basis of the nickname</note>
              </person>
              <person id="f1305001.A26" instant="false" role="participant" sex="unknown">
                <persName full="yes" instant="false" type="nickname">[_PARTICIPANT-A26_]</persName>
                <note anchored="true">sex estimated on the basis of the nickname</note>
              </person>
              <person id="f1305001.A27" instant="false" role="participant" sex="female">
                <persName full="yes" instant="false" type="nickname">[_FEMALE-PARTICIPANT-A27_]</persName>
                <note anchored="true">sex estimated on the basis of the nickname</note>
              </person>
              <person id="f1305001.A28" instant="false" role="participant" sex="male">
                <persName full="yes" instant="false" type="nickname">[_MALE-PARTICIPANT-A28_]</persName>
                <note anchored="true">sex estimated on the basis of the nickname</note>
              </person>
              <person id="f1305001.A29" instant="false" role="participant" sex="female">
                <persName full="yes" instant="false" type="nickname">[_FEMALE-PARTICIPANT-A29_]</persName>
                <note anchored="true">sex estimated on the basis of the nickname</note>
              </person>
              <person id="f1305001.A30" instant="false" role="participant" sex="female">
                <persName full="yes" instant="false" type="nickname">[_FEMALE-PARTICIPANT-A30_]</persName>
                <note anchored="true">sex estimated on the basis of the nickname</note>
              </person>
              <person id="f1305001.A31" instant="false" role="participant" sex="male">
                <persName full="yes" instant="false" type="nickname">[_MALE-PARTICIPANT-A31_]</persName>
                <note anchored="true">sex estimated on the basis of the nickname</note>
              </person>
              <person id="f1305001.A32" instant="false" role="participant" sex="male">
                <persName full="yes" instant="false" type="nickname">[_MALE-PARTICIPANT-A32_]</persName>
                <note anchored="true">sex estimated on the basis of the nickname</note>
              </person>
              <person id="f1305001.A33" instant="false" role="participant" sex="male">
                <persName full="yes" instant="false" type="nickname">[_MALE-PARTICIPANT-A33_]</persName>
                <note anchored="true">sex estimated on the basis of the nickname</note>
              </person>
              <person id="f1305001.A34" instant="false" role="participant" sex="male">
                <persName full="yes" instant="false" type="nickname">[_MALE-PARTICIPANT-A34_]</persName>
                <note anchored="true">sex estimated on the basis of the nickname</note>
              </person>
              <person id="f1305001.A35" instant="false" role="participant" sex="male">
                <persName full="yes" instant="false" type="nickname">[_MALE-PARTICIPANT-A35_]</persName>
                <note anchored="true">sex estimated on the basis of the nickname</note>
              </person>
              <person id="f1305001.A36" instant="false" role="participant" sex="unknown">
                <persName full="yes" instant="false" type="nickname">[_PARTICIPANT-A36_]</persName>
                <note anchored="true">sex estimated on the basis of the nickname</note>
              </person>
              <person id="f1305001.A37" instant="false" role="participant" sex="male">
                <persName full="yes" instant="false" type="nickname">[_MALE-PARTICIPANT-A37_]</persName>
                <note anchored="true">sex estimated on the basis of the nickname</note>
              </person>
              <person id="f1305001.A38" instant="false" role="participant" sex="female">
                <persName full="yes" instant="false" type="nickname">[_FEMALE-PARTICIPANT-A38_]</persName>
                <note anchored="true">sex estimated on the basis of the nickname</note>
              </person>
              <person id="f1305001.A39" instant="false" role="participant" sex="male">
                <persName full="yes" instant="false" type="nickname">[_MALE-PARTICIPANT-A39_]</persName>
                <note anchored="true">sex estimated on the basis of the nickname</note>
              </person>
              <person id="f1305001.A40" instant="false" role="participant" sex="male">
                <persName full="yes" instant="false" type="nickname">[_MALE-PARTICIPANT-A40_]</persName>
                <note anchored="true">sex estimated on the basis of the nickname</note>
              </person>
              <person id="f1305001.A41" instant="false" role="participant" sex="female">
                <persName full="yes" instant="false" type="nickname">[_FEMALE-PARTICIPANT-A41_]</persName>
                <note anchored="true">sex estimated on the basis of the nickname</note>
              </person>
              <person id="f1305001.A42" instant="false" role="participant" sex="male">
                <persName full="yes" instant="false" type="nickname">[_MALE-PARTICIPANT-A42_]</persName>
                <note anchored="true">sex estimated on the basis of the nickname</note>
              </person>
              <person id="f1305001.A43" instant="false" role="participant" sex="unknown">
                <persName full="yes" instant="false" type="nickname">[_PARTICIPANT-A43_]</persName>
                <note anchored="true">sex estimated on the basis of the nickname</note>
              </person>
              <person id="f1305001.A44" instant="false" role="participant" sex="unknown">
                <persName full="yes" instant="false" type="nickname">[_PARTICIPANT-A44_]</persName>
                <note anchored="true">sex estimated on the basis of the nickname</note>
              </person>
              <person id="f1305001.A45" instant="false" role="participant" sex="unknown">
                <persName full="yes" instant="false" type="nickname">[_PARTICIPANT-A45_]</persName>
                <note anchored="true">sex estimated on the basis of the nickname</note>
              </person>
              <person id="f1305001.A46" instant="false" role="participant" sex="unknown">
                <persName full="yes" instant="false" type="nickname">[_PARTICIPANT-A46_]</persName>
                <note anchored="true">sex estimated on the basis of the nickname</note>
              </person>
              <person id="f1305001.A47" instant="false" role="participant" sex="female">
                <persName full="yes" instant="false" type="nickname">[_FEMALE-PARTICIPANT-A47_]</persName>
                <note anchored="true">sex estimated on the basis of the nickname</note>
              </person>
              <person id="f1305001.A48" instant="false" role="participant" sex="female">
                <persName full="yes" instant="false" type="nickname">[_FEMALE-PARTICIPANT-A48_]</persName>
                <note anchored="true">sex estimated on the basis of the nickname</note>
              </person>
            </listPerson>
          </particDesc>
          <settingDesc Default="n">
            <setting>
              <activity/>
            </setting>
          </settingDesc>
          <textClass Default="n">
            <catRef scheme="handlungsbereiche" target="h1305000"/>
            <catRef n="1" scheme="topic" target="topic.wissenschaft.populaerwissenschaft"/>
          </textClass>
          <textDesc Default="n">
            <textType>Chat</textType>
            <textTypeRef>Chat-Logfile</textTypeRef>
            <textTypeArt>Chat:Chat-Logfile</textTypeArt>
          </textDesc>
          <creation>
            <creatDate>2002.12.15</creatDate>
            <creatRef>(Posting: 15.12.2002)</creatRef>
            <creatRefShort>(Posting: 15.12.2002)</creatRefShort>
          </creation>
        </profileDesc>
        <revisionDesc id="f1305001.revisionDesc" status="draft">
          <change n="1" status="draft" who="#f1305001.e6">chatXML: recDate, recBy, view, estimatedGender eingetragen</change>
          <change n="2" status="draft" who="#f1305001.e7">chatXML: NOM und NOT für jeden Creator eingefügt</change>
          <change n="3" status="draft" who="#f1305001.e7">chatXML: Datei umbenannt, estimatedGender ergänzt</change>
          <change n="4" status="draft" who="#f1305001.e8">chatXML: tokenisiert,getaggt,lemmatisiert</change>
          <change n="5" status="draft" who="#f1305001.e5">conversion to TEI using dcc2clarin.xsl, 2016-05-20T18:35:41.538+02:00</change>
          <change n="6" status="draft" who="#f1305001.e5">basic anonymisation using anonymise.xsl, 2016-05-20T18:50:35.939+02:00</change>
          <change n="7" status="draft" who="#f1305001.e5">post-processing, using postprocess-phase-II.xsl, 2016-07-26T17:50:57.722+02:00</change>
          <change n="8" status="draft" who="#f1305001.e9">manual anonymisation, phase III, August-December 2016</change>
          <change n="9" status="draft" who="#f1305001.e5">post-processing, using postprocess-phase-III.xsl, 2017-03-24T17:44:02.244+01:00</change>
        </revisionDesc>
      </idsHeader>