<?xml version="1.0" encoding="UTF-8"?>
<idsHeader TEIform="teiHeader" pattern="text" status="new" type="text" version="1.0">
        <fileDesc>
          <titleStmt>
            <textSigle>DCK/CPR.00187</textSigle>
            <t.title>DCK/CPR.00187 1202013_Studienberatung_Einschreibung-Zulassung_17-06-2004, [Chat-Logfile], In: Dortmunder Chatkorpus, Professionelle Chats</t.title>
            <editor>
              <orgName full="yes" instant="false">CLARIN-D curation project ChatCorpus2CLARIN, 2015-2016</orgName>
            </editor>
            <respStmt>
              <persName full="yes" id="f1202013.e1" instant="false">Michael Beißwenger</persName>
              <persName full="yes" id="f1202013.e2" instant="false">Angelika Storrer</persName>
              <persName full="yes" id="f1202013.e3" instant="false">Eric Ehrhardt</persName>
              <persName full="yes" id="f1202013.e4" instant="false">Axel Herold</persName>
              <persName full="yes" id="f1202013.e5" instant="false">Harald Lüngen</persName>
            
            <!--Members of the project ChatCorpus2CLARIN 2015-2016--></respStmt>
            <respStmt>
              <persName full="yes" id="f1202013.e6" instant="false">Bianca Selzam</persName>
              <orgName full="yes" id="f1202013.e7" instant="false">Universität des Saarlandes</orgName>
              <persName full="yes" id="f1202013.e8" instant="false">Susanne Feix</persName>
            
            <!--Support, see revisionDesc--></respStmt>
          </titleStmt>
          <publicationStmt>
            <distributor>CLARIN centre Institut für Deutsche Sprache, Mannheim and CLARIN
                        centre Berlin-Brandenburgische Akademie der Wissenschaften</distributor>
            <pubAddress/>
            <idno>1202013</idno>
            <availability Default="n" region="world" status="unknown">CC-BY 4.0</availability>
            <pubDate type="year">2016</pubDate>
          </publicationStmt>
          <sourceDesc Default="n">
            <p part="N">
              <list type="Recording Statement">
                <item>plattformURL=<ref type="URL">[_WWWURL_]</ref></item>
                <item>recording responsibility=<persName full="yes" id="f1202013.p1" instant="false">unknown</persName></item>
                <item>
                  <date instant="false">2004-06-17</date>
                </item>
                <item>
                  <time from="08:29:00" instant="false" to="10:34:00"/>
                </item>
              </list>
            </p>
            <biblStruct Default="n" status="draft">
              <analytic>
                <h.title type="main">Chat: 1202013_Studienberatung_Einschreibung-Zulassung_17-06-2004</h.title>
                <h.author/>
                <imprint>
                  <pubDate>2009</pubDate>
                </imprint>
              </analytic>
              <monogr>
                <h.title type="main">Dortmunder Chatkorpus</h.title>
                <editor corresp="#f1202013.e2">Angelika Storrer</editor>
                <editor corresp="#f1202013.e1">Michael Beißwenger</editor>
                <imprint>
                  <publisher>Institut für deutsche Sprache und Literatur der
                                    Technischen Universität Dortmund</publisher>
                  <pubPlace> Dortmund</pubPlace>
                  <pubDate>2009</pubDate>
                </imprint>
                <biblNote>http://www.chatkorpus.tu-dortmund.de/</biblNote>
              </monogr>
            </biblStruct>
            <reference type="complete">DCK/CPR.00187 Chat: 1202013_Studienberatung_Einschreibung-Zulassung_17-06-2004, In: Dortmunder Chatkorpus, Professionelle Chats, 17.6.2004</reference>
            <reference type="short">DCK/CPR.00187 Studienberatung (17.6.2004)</reference>
          </sourceDesc>
        </fileDesc>
        <encodingDesc>
          <editorialDecl Default="n">
            <pagination type="no"/>
            <transduction Default="n">POS-annotations according to STTS 2.0 by Universität des Saarlandes, see
                            Beißwenger, Michael; Ehrhardt, Eric; Horbach, Andrea; Lüngen,
                            Harald; Steffen, Diana; Storrer, Angelika (2015): Adding Value to CMC
                            Corpora: CLARINification and Part-of-Speech Annotation of the Dortmund
                            Chat Corpus. In: Proceedings of the 2nd Workshop on Natural Language
                            Processing for Computer-Mediated Communication / Social Media
                            (NLP4CMC2015). Essen, 12-16. https://sites.google.com/site/nlp4cmc2015/program</transduction>
          </editorialDecl>
          <tagsDecl>
            <tagUsage gi="sex">estimated on the basis of the nick name</tagUsage>
            <tagUsage gi="w" occurs="3592">used to mark a single token</tagUsage>
            <tagUsage gi="post" occurs="296">used to mark a single posting</tagUsage>
          </tagsDecl>
        </encodingDesc>
        <profileDesc>
          <particDesc Default="n">
            <listPerson Default="n">
              <person id="f1202013.A01" instant="false" role="client" sex="female">
                <persName full="yes" instant="false" type="nickname">[_FEMALE-CLIENT-A01_]</persName>
                <note anchored="true">sex estimated on the basis of the nickname</note>
              </person>
              <person id="f1202013.A02" instant="false" role="advisor" sex="male">
                <persName full="yes" instant="false" type="nickname">[_MALE-ADVISOR-A02_]</persName>
                <note anchored="true">sex estimated on the basis of the nickname</note>
              </person>
              <person id="f1202013.A03" instant="false" role="advisor" sex="male">
                <persName full="yes" instant="false" type="nickname">[_MALE-ADVISOR-A03_]</persName>
                <note anchored="true">sex estimated on the basis of the nickname</note>
              </person>
              <person id="f1202013.A04" instant="false" role="client" sex="female">
                <persName full="yes" instant="false" type="nickname">[_FEMALE-CLIENT-A04_]</persName>
                <note anchored="true">sex estimated on the basis of the nickname</note>
              </person>
              <person id="f1202013.A05" instant="false" role="advisor" sex="female">
                <persName full="yes" instant="false" type="nickname">[_FEMALE-ADVISOR-A05_]</persName>
                <note anchored="true">sex estimated on the basis of the nickname</note>
              </person>
              <person id="f1202013.A06" instant="false" role="client" sex="male">
                <persName full="yes" instant="false" type="nickname">[_MALE-CLIENT-A06_]</persName>
                <note anchored="true">sex estimated on the basis of the nickname</note>
              </person>
              <person id="f1202013.A07" instant="false" role="client" sex="male">
                <persName full="yes" instant="false" type="nickname">[_MALE-CLIENT-A07_]</persName>
                <note anchored="true">sex estimated on the basis of the nickname</note>
              </person>
              <person id="f1202013.A08" instant="false" role="client" sex="male">
                <persName full="yes" instant="false" type="nickname">[_MALE-CLIENT-A08_]</persName>
                <note anchored="true">sex estimated on the basis of the nickname</note>
              </person>
              <person id="f1202013.A09" instant="false" role="client" sex="unknown">
                <persName full="yes" instant="false" type="nickname">[_CLIENT-A09_]</persName>
                <note anchored="true">sex estimated on the basis of the nickname</note>
              </person>
              <person id="f1202013.A10" instant="false" role="client" sex="unknown">
                <persName full="yes" instant="false" type="nickname">[_CLIENT-A10_]</persName>
                <note anchored="true">sex estimated on the basis of the nickname</note>
              </person>
              <person id="f1202013.A11" instant="false" role="client" sex="unknown">
                <persName full="yes" instant="false" type="nickname">[_CLIENT-A11_]</persName>
                <note anchored="true">sex estimated on the basis of the nickname</note>
              </person>
              <person id="f1202013.A12" instant="false" role="client" sex="female">
                <persName full="yes" instant="false" type="nickname">[_FEMALE-CLIENT-A12_]</persName>
                <note anchored="true">sex estimated on the basis of the nickname</note>
              </person>
              <person id="f1202013.A13" instant="false" role="client" sex="male">
                <persName full="yes" instant="false" type="nickname">[_MALE-CLIENT-A13_]</persName>
                <note anchored="true">sex estimated on the basis of the nickname</note>
              </person>
              <person id="f1202013.A14" instant="false" role="client" sex="unknown">
                <persName full="yes" instant="false" type="nickname">[_CLIENT-A14_]</persName>
                <note anchored="true">sex estimated on the basis of the nickname</note>
              </person>
              <person id="f1202013.A15" instant="false" role="client" sex="female">
                <persName full="yes" instant="false" type="nickname">[_FEMALE-CLIENT-A15_]</persName>
                <note anchored="true">sex estimated on the basis of the nickname</note>
              </person>
              <person id="f1202013.A16" instant="false" role="client" sex="unknown">
                <persName full="yes" instant="false" type="nickname">[_CLIENT-A16_]</persName>
                <note anchored="true">sex estimated on the basis of the nickname</note>
              </person>
              <person id="f1202013.A17" instant="false" role="client" sex="female">
                <persName full="yes" instant="false" type="nickname">[_FEMALE-CLIENT-A17_]</persName>
                <note anchored="true">sex estimated on the basis of the nickname</note>
              </person>
              <person id="f1202013.A18" instant="false" role="client" sex="unknown">
                <persName full="yes" instant="false" type="nickname">[_CLIENT-A18_]</persName>
                <note anchored="true">sex estimated on the basis of the nickname</note>
              </person>
              <person id="f1202013.A19" instant="false" role="client" sex="female">
                <persName full="yes" instant="false" type="nickname">[_FEMALE-CLIENT-A19_]</persName>
                <note anchored="true">sex estimated on the basis of the nickname</note>
              </person>
              <person id="f1202013.A20" instant="false" role="client" sex="female">
                <persName full="yes" instant="false" type="nickname">[_FEMALE-CLIENT-A20_]</persName>
                <note anchored="true">sex estimated on the basis of the nickname</note>
              </person>
              <person id="f1202013.A21" instant="false" role="client" sex="female">
                <persName full="yes" instant="false" type="nickname">[_FEMALE-CLIENT-A21_]</persName>
                <note anchored="true">sex estimated on the basis of the nickname</note>
              </person>
              <person id="f1202013.A22" instant="false" role="client" sex="female">
                <persName full="yes" instant="false" type="nickname">[_FEMALE-CLIENT-A22_]</persName>
                <note anchored="true">sex estimated on the basis of the nickname</note>
              </person>
              <person id="f1202013.A23" instant="false" role="client" sex="female">
                <persName full="yes" instant="false" type="nickname">[_FEMALE-CLIENT-A23_]</persName>
                <note anchored="true">sex estimated on the basis of the nickname</note>
              </person>
              <person id="f1202013.A24" instant="false" role="client" sex="male">
                <persName full="yes" instant="false" type="nickname">[_MALE-CLIENT-A24_]</persName>
                <note anchored="true">sex estimated on the basis of the nickname</note>
              </person>
              <person id="f1202013.A25" instant="false" role="client" sex="unknown">
                <persName full="yes" instant="false" type="nickname">[_CLIENT-A25_]</persName>
                <note anchored="true">sex estimated on the basis of the nickname</note>
              </person>
              <person id="f1202013.A26" instant="false" role="client" sex="unknown">
                <persName full="yes" instant="false" type="nickname">[_CLIENT-A26_]</persName>
                <note anchored="true">sex estimated on the basis of the nickname</note>
              </person>
              <person id="f1202013.A27" instant="false" role="client" sex="female">
                <persName full="yes" instant="false" type="nickname">[_FEMALE-CLIENT-A27_]</persName>
                <note anchored="true">sex estimated on the basis of the nickname</note>
              </person>
              <person id="f1202013.A28" instant="false" role="client" sex="unknown">
                <persName full="yes" instant="false" type="nickname">[_CLIENT-A28_]</persName>
                <note anchored="true">sex estimated on the basis of the nickname</note>
              </person>
            </listPerson>
          </particDesc>
          <settingDesc Default="n">
            <setting>
              <activity>
                <timeline>
                  <when absolute="08:29:21" id="f1202013.t001"/>
                  <when absolute="08:29:44" id="f1202013.t002"/>
                  <when absolute="08:35:49" id="f1202013.t003"/>
                  <when absolute="08:36:08" id="f1202013.t004"/>
                  <when absolute="08:39:05" id="f1202013.t005"/>
                  <when absolute="08:41:00" id="f1202013.t006"/>
                  <when absolute="08:42:51" id="f1202013.t007"/>
                  <when absolute="08:43:05" id="f1202013.t008"/>
                  <when absolute="08:43:26" id="f1202013.t009"/>
                  <when absolute="08:44:58" id="f1202013.t010"/>
                  <when absolute="08:46:11" id="f1202013.t011"/>
                  <when absolute="08:47:24" id="f1202013.t012"/>
                  <when absolute="08:48:14" id="f1202013.t013"/>
                  <when absolute="08:48:48" id="f1202013.t014"/>
                  <when absolute="08:49:30" id="f1202013.t015"/>
                  <when absolute="08:51:25" id="f1202013.t016"/>
                  <when absolute="08:53:38" id="f1202013.t017"/>
                  <when absolute="08:53:40" id="f1202013.t018"/>
                  <when absolute="08:54:42" id="f1202013.t019"/>
                  <when absolute="08:56:05" id="f1202013.t020"/>
                  <when absolute="08:57:15" id="f1202013.t021"/>
                  <when absolute="08:57:21" id="f1202013.t022"/>
                  <when absolute="08:57:43" id="f1202013.t023"/>
                  <when absolute="08:58:23" id="f1202013.t024"/>
                  <when absolute="08:58:42" id="f1202013.t025"/>
                  <when absolute="08:59:31" id="f1202013.t026"/>
                  <when absolute="08:59:44" id="f1202013.t027"/>
                  <when absolute="09:00:20" id="f1202013.t028"/>
                  <when absolute="09:01:41" id="f1202013.t029"/>
                  <when absolute="09:01:54" id="f1202013.t030"/>
                  <when absolute="09:02:02" id="f1202013.t031"/>
                  <when absolute="09:02:03" id="f1202013.t032"/>
                  <when absolute="09:02:15" id="f1202013.t033"/>
                  <when absolute="09:02:23" id="f1202013.t034"/>
                  <when absolute="09:02:27" id="f1202013.t035"/>
                  <when absolute="09:02:35" id="f1202013.t036"/>
                  <when absolute="09:02:55" id="f1202013.t037"/>
                  <when absolute="09:02:59" id="f1202013.t038"/>
                  <when absolute="09:03:07" id="f1202013.t039"/>
                  <when absolute="09:04:00" id="f1202013.t040"/>
                  <when absolute="09:04:53" id="f1202013.t041"/>
                  <when absolute="09:05:47" id="f1202013.t042"/>
                  <when absolute="09:05:58" id="f1202013.t043"/>
                  <when absolute="09:06:19" id="f1202013.t044"/>
                  <when absolute="09:06:26" id="f1202013.t045"/>
                  <when absolute="09:06:48" id="f1202013.t046"/>
                  <when absolute="09:06:58" id="f1202013.t047"/>
                  <when absolute="09:07:02" id="f1202013.t048"/>
                  <when absolute="09:07:45" id="f1202013.t049"/>
                  <when absolute="09:08:14" id="f1202013.t050"/>
                  <when absolute="09:08:25" id="f1202013.t051"/>
                  <when absolute="09:08:27" id="f1202013.t052"/>
                  <when absolute="09:09:30" id="f1202013.t053"/>
                  <when absolute="09:09:40" id="f1202013.t054"/>
                  <when absolute="09:09:42" id="f1202013.t055"/>
                  <when absolute="09:10:19" id="f1202013.t056"/>
                  <when absolute="09:10:26" id="f1202013.t057"/>
                  <when absolute="09:10:37" id="f1202013.t058"/>
                  <when absolute="09:11:10" id="f1202013.t059"/>
                  <when absolute="09:11:12" id="f1202013.t060"/>
                  <when absolute="09:11:42" id="f1202013.t061"/>
                  <when absolute="09:12:00" id="f1202013.t062"/>
                  <when absolute="09:12:09" id="f1202013.t063"/>
                  <when absolute="09:12:24" id="f1202013.t064"/>
                  <when absolute="09:12:38" id="f1202013.t065"/>
                  <when absolute="09:12:59" id="f1202013.t066"/>
                  <when absolute="09:13:05" id="f1202013.t067"/>
                  <when absolute="09:13:27" id="f1202013.t068"/>
                  <when absolute="09:13:55" id="f1202013.t069"/>
                  <when absolute="09:14:06" id="f1202013.t070"/>
                  <when absolute="09:14:25" id="f1202013.t071"/>
                  <when absolute="09:14:28" id="f1202013.t072"/>
                  <when absolute="09:14:44" id="f1202013.t073"/>
                  <when absolute="09:15:36" id="f1202013.t074"/>
                  <when absolute="09:15:48" id="f1202013.t075"/>
                  <when absolute="09:16:11" id="f1202013.t076"/>
                  <when absolute="09:16:13" id="f1202013.t077"/>
                  <when absolute="09:16:14" id="f1202013.t078"/>
                  <when absolute="09:16:21" id="f1202013.t079"/>
                  <when absolute="09:16:29" id="f1202013.t080"/>
                  <when absolute="09:16:58" id="f1202013.t081"/>
                  <when absolute="09:16:59" id="f1202013.t082"/>
                  <when absolute="09:17:38" id="f1202013.t083"/>
                  <when absolute="09:18:34" id="f1202013.t084"/>
                  <when absolute="09:18:44" id="f1202013.t085"/>
                  <when absolute="09:19:04" id="f1202013.t086"/>
                  <when absolute="09:19:38" id="f1202013.t087"/>
                  <when absolute="09:19:49" id="f1202013.t088"/>
                  <when absolute="09:19:52" id="f1202013.t089"/>
                  <when absolute="09:20:15" id="f1202013.t090"/>
                  <when absolute="09:20:27" id="f1202013.t091"/>
                  <when absolute="09:21:10" id="f1202013.t092"/>
                  <when absolute="09:21:41" id="f1202013.t093"/>
                  <when absolute="09:22:29" id="f1202013.t094"/>
                  <when absolute="09:22:49" id="f1202013.t095"/>
                  <when absolute="09:23:09" id="f1202013.t096"/>
                  <when absolute="09:23:32" id="f1202013.t097"/>
                  <when absolute="09:23:51" id="f1202013.t098"/>
                  <when absolute="09:24:00" id="f1202013.t099"/>
                  <when absolute="09:24:03" id="f1202013.t100"/>
                  <when absolute="09:24:15" id="f1202013.t101"/>
                  <when absolute="09:24:27" id="f1202013.t102"/>
                  <when absolute="09:24:29" id="f1202013.t103"/>
                  <when absolute="09:24:41" id="f1202013.t104"/>
                  <when absolute="09:25:00" id="f1202013.t105"/>
                  <when absolute="09:25:06" id="f1202013.t106"/>
                  <when absolute="09:25:28" id="f1202013.t107"/>
                  <when absolute="09:25:34" id="f1202013.t108"/>
                  <when absolute="09:26:27" id="f1202013.t109"/>
                  <when absolute="09:26:37" id="f1202013.t110"/>
                  <when absolute="09:26:47" id="f1202013.t111"/>
                  <when absolute="09:26:54" id="f1202013.t112"/>
                  <when absolute="09:27:14" id="f1202013.t113"/>
                  <when absolute="09:27:18" id="f1202013.t114"/>
                  <when absolute="09:27:24" id="f1202013.t115"/>
                  <when absolute="09:27:35" id="f1202013.t116"/>
                  <when absolute="09:27:46" id="f1202013.t117"/>
                  <when absolute="09:27:48" id="f1202013.t118"/>
                  <when absolute="09:28:45" id="f1202013.t119"/>
                  <when absolute="09:28:47" id="f1202013.t120"/>
                  <when absolute="09:28:53" id="f1202013.t121"/>
                  <when absolute="09:28:58" id="f1202013.t122"/>
                  <when absolute="09:29:13" id="f1202013.t123"/>
                  <when absolute="09:29:20" id="f1202013.t124"/>
                  <when absolute="09:29:24" id="f1202013.t125"/>
                  <when absolute="09:29:31" id="f1202013.t126"/>
                  <when absolute="09:29:51" id="f1202013.t127"/>
                  <when absolute="09:29:52" id="f1202013.t128"/>
                  <when absolute="09:30:06" id="f1202013.t129"/>
                  <when absolute="09:30:29" id="f1202013.t130"/>
                  <when absolute="09:30:36" id="f1202013.t131"/>
                  <when absolute="09:33:17" id="f1202013.t132"/>
                  <when absolute="09:33:26" id="f1202013.t133"/>
                  <when absolute="09:33:37" id="f1202013.t134"/>
                  <when absolute="09:34:02" id="f1202013.t135"/>
                  <when absolute="09:34:24" id="f1202013.t136"/>
                  <when absolute="09:34:34" id="f1202013.t137"/>
                  <when absolute="09:35:03" id="f1202013.t138"/>
                  <when absolute="09:35:12" id="f1202013.t139"/>
                  <when absolute="09:35:15" id="f1202013.t140"/>
                  <when absolute="09:35:25" id="f1202013.t141"/>
                  <when absolute="09:35:32" id="f1202013.t142"/>
                  <when absolute="09:35:41" id="f1202013.t143"/>
                  <when absolute="09:35:49" id="f1202013.t144"/>
                  <when absolute="09:36:01" id="f1202013.t145"/>
                  <when absolute="09:36:33" id="f1202013.t146"/>
                  <when absolute="09:36:37" id="f1202013.t147"/>
                  <when absolute="09:36:48" id="f1202013.t148"/>
                  <when absolute="09:37:09" id="f1202013.t149"/>
                  <when absolute="09:37:52" id="f1202013.t150"/>
                  <when absolute="09:38:26" id="f1202013.t151"/>
                  <when absolute="09:38:31" id="f1202013.t152"/>
                  <when absolute="09:38:46" id="f1202013.t153"/>
                  <when absolute="09:39:09" id="f1202013.t154"/>
                  <when absolute="09:39:20" id="f1202013.t155"/>
                  <when absolute="09:39:33" id="f1202013.t156"/>
                  <when absolute="09:39:34" id="f1202013.t157"/>
                  <when absolute="09:39:36" id="f1202013.t158"/>
                  <when absolute="09:39:51" id="f1202013.t159"/>
                  <when absolute="09:39:54" id="f1202013.t160"/>
                  <when absolute="09:40:13" id="f1202013.t161"/>
                  <when absolute="09:40:27" id="f1202013.t162"/>
                  <when absolute="09:40:33" id="f1202013.t163"/>
                  <when absolute="09:40:46" id="f1202013.t164"/>
                  <when absolute="09:40:49" id="f1202013.t165"/>
                  <when absolute="09:41:09" id="f1202013.t166"/>
                  <when absolute="09:41:23" id="f1202013.t167"/>
                  <when absolute="09:41:25" id="f1202013.t168"/>
                  <when absolute="09:41:34" id="f1202013.t169"/>
                  <when absolute="09:41:46" id="f1202013.t170"/>
                  <when absolute="09:41:57" id="f1202013.t171"/>
                  <when absolute="09:42:08" id="f1202013.t172"/>
                  <when absolute="09:42:52" id="f1202013.t173"/>
                  <when absolute="09:43:00" id="f1202013.t174"/>
                  <when absolute="09:43:23" id="f1202013.t175"/>
                  <when absolute="09:43:33" id="f1202013.t176"/>
                  <when absolute="09:43:37" id="f1202013.t177"/>
                  <when absolute="09:43:50" id="f1202013.t178"/>
                  <when absolute="09:44:03" id="f1202013.t179"/>
                  <when absolute="09:44:48" id="f1202013.t180"/>
                  <when absolute="09:45:16" id="f1202013.t181"/>
                  <when absolute="09:45:37" id="f1202013.t182"/>
                  <when absolute="09:45:38" id="f1202013.t183"/>
                  <when absolute="09:46:06" id="f1202013.t184"/>
                  <when absolute="09:46:09" id="f1202013.t185"/>
                  <when absolute="09:46:45" id="f1202013.t186"/>
                  <when absolute="09:46:54" id="f1202013.t187"/>
                  <when absolute="09:46:57" id="f1202013.t188"/>
                  <when absolute="09:47:14" id="f1202013.t189"/>
                  <when absolute="09:47:35" id="f1202013.t190"/>
                  <when absolute="09:47:43" id="f1202013.t191"/>
                  <when absolute="09:48:08" id="f1202013.t192"/>
                  <when absolute="09:48:09" id="f1202013.t193"/>
                  <when absolute="09:48:25" id="f1202013.t194"/>
                  <when absolute="09:48:40" id="f1202013.t195"/>
                  <when absolute="09:48:52" id="f1202013.t196"/>
                  <when absolute="09:48:58" id="f1202013.t197"/>
                  <when absolute="09:49:00" id="f1202013.t198"/>
                  <when absolute="09:49:13" id="f1202013.t199"/>
                  <when absolute="09:49:18" id="f1202013.t200"/>
                  <when absolute="09:49:33" id="f1202013.t201"/>
                  <when absolute="09:50:05" id="f1202013.t202"/>
                  <when absolute="09:50:46" id="f1202013.t203"/>
                  <when absolute="09:51:00" id="f1202013.t204"/>
                  <when absolute="09:51:18" id="f1202013.t205"/>
                  <when absolute="09:51:50" id="f1202013.t206"/>
                  <when absolute="09:52:23" id="f1202013.t207"/>
                  <when absolute="09:52:35" id="f1202013.t208"/>
                  <when absolute="09:52:48" id="f1202013.t209"/>
                  <when absolute="09:53:03" id="f1202013.t210"/>
                  <when absolute="09:53:29" id="f1202013.t211"/>
                  <when absolute="09:53:30" id="f1202013.t212"/>
                  <when absolute="09:53:37" id="f1202013.t213"/>
                  <when absolute="09:53:59" id="f1202013.t214"/>
                  <when absolute="09:54:02" id="f1202013.t215"/>
                  <when absolute="09:54:05" id="f1202013.t216"/>
                  <when absolute="09:54:24" id="f1202013.t217"/>
                  <when absolute="09:54:37" id="f1202013.t218"/>
                  <when absolute="09:54:54" id="f1202013.t219"/>
                  <when absolute="09:55:40" id="f1202013.t220"/>
                  <when absolute="09:56:27" id="f1202013.t221"/>
                  <when absolute="09:57:05" id="f1202013.t222"/>
                  <when absolute="09:57:26" id="f1202013.t223"/>
                  <when absolute="09:57:42" id="f1202013.t224"/>
                  <when absolute="09:58:28" id="f1202013.t225"/>
                  <when absolute="09:59:30" id="f1202013.t226"/>
                  <when absolute="10:00:03" id="f1202013.t227"/>
                  <when absolute="10:00:16" id="f1202013.t228"/>
                  <when absolute="10:00:23" id="f1202013.t229"/>
                  <when absolute="10:01:03" id="f1202013.t230"/>
                  <when absolute="10:01:35" id="f1202013.t231"/>
                  <when absolute="10:01:53" id="f1202013.t232"/>
                  <when absolute="10:01:59" id="f1202013.t233"/>
                  <when absolute="10:02:13" id="f1202013.t234"/>
                  <when absolute="10:02:50" id="f1202013.t235"/>
                  <when absolute="10:03:08" id="f1202013.t236"/>
                  <when absolute="10:03:54" id="f1202013.t237"/>
                  <when absolute="10:05:05" id="f1202013.t238"/>
                  <when absolute="10:05:28" id="f1202013.t239"/>
                  <when absolute="10:05:50" id="f1202013.t240"/>
                  <when absolute="10:06:11" id="f1202013.t241"/>
                  <when absolute="10:06:47" id="f1202013.t242"/>
                  <when absolute="10:07:15" id="f1202013.t243"/>
                  <when absolute="10:07:45" id="f1202013.t244"/>
                  <when absolute="10:07:57" id="f1202013.t245"/>
                  <when absolute="10:08:02" id="f1202013.t246"/>
                  <when absolute="10:09:20" id="f1202013.t247"/>
                  <when absolute="10:11:17" id="f1202013.t248"/>
                  <when absolute="10:11:34" id="f1202013.t249"/>
                  <when absolute="10:12:41" id="f1202013.t250"/>
                  <when absolute="10:15:23" id="f1202013.t251"/>
                  <when absolute="10:15:50" id="f1202013.t252"/>
                  <when absolute="10:16:54" id="f1202013.t253"/>
                  <when absolute="10:17:11" id="f1202013.t254"/>
                  <when absolute="10:18:05" id="f1202013.t255"/>
                  <when absolute="10:20:40" id="f1202013.t256"/>
                  <when absolute="10:20:46" id="f1202013.t257"/>
                  <when absolute="10:20:57" id="f1202013.t258"/>
                  <when absolute="10:21:58" id="f1202013.t259"/>
                  <when absolute="10:22:46" id="f1202013.t260"/>
                  <when absolute="10:23:16" id="f1202013.t261"/>
                  <when absolute="10:23:23" id="f1202013.t262"/>
                  <when absolute="10:23:47" id="f1202013.t263"/>
                  <when absolute="10:23:59" id="f1202013.t264"/>
                  <when absolute="10:24:39" id="f1202013.t265"/>
                  <when absolute="10:25:19" id="f1202013.t266"/>
                  <when absolute="10:26:06" id="f1202013.t267"/>
                  <when absolute="10:26:39" id="f1202013.t268"/>
                  <when absolute="10:26:40" id="f1202013.t269"/>
                  <when absolute="10:27:20" id="f1202013.t270"/>
                  <when absolute="10:27:28" id="f1202013.t271"/>
                  <when absolute="10:27:30" id="f1202013.t272"/>
                  <when absolute="10:27:50" id="f1202013.t273"/>
                  <when absolute="10:28:22" id="f1202013.t274"/>
                  <when absolute="10:28:31" id="f1202013.t275"/>
                  <when absolute="10:28:43" id="f1202013.t276"/>
                  <when absolute="10:29:02" id="f1202013.t277"/>
                  <when absolute="10:29:07" id="f1202013.t278"/>
                  <when absolute="10:29:18" id="f1202013.t279"/>
                  <when absolute="10:29:21" id="f1202013.t280"/>
                  <when absolute="10:29:30" id="f1202013.t281"/>
                  <when absolute="10:29:43" id="f1202013.t282"/>
                  <when absolute="10:29:48" id="f1202013.t283"/>
                  <when absolute="10:30:04" id="f1202013.t284"/>
                  <when absolute="10:30:06" id="f1202013.t285"/>
                  <when absolute="10:30:36" id="f1202013.t286"/>
                  <when absolute="10:30:38" id="f1202013.t287"/>
                  <when absolute="10:31:25" id="f1202013.t288"/>
                  <when absolute="10:33:58" id="f1202013.t289"/>
                  <when absolute="10:34:06" id="f1202013.t290"/>
                </timeline>
              </activity>
            </setting>
          </settingDesc>
          <textClass Default="n">
            <catRef scheme="handlungsbereiche" target="h1202000"/>
            <catRef n="1" scheme="topic" target="topic.staat-gesellschaft.bildung"/>
          </textClass>
          <textDesc Default="n">
            <textType>Chat</textType>
            <textTypeRef>Chat-Logfile</textTypeRef>
            <textTypeArt>Chat:Chat-Logfile</textTypeArt>
          </textDesc>
          <creation>
            <creatDate>2004.06.17</creatDate>
            <creatRef>(Posting: 17.6.2004)</creatRef>
            <creatRefShort>(Posting: 17.6.2004)</creatRefShort>
          </creation>
        </profileDesc>
        <revisionDesc id="f1202013.revisionDesc" status="draft">
          <change n="1" status="draft" who="#f1202013.e6">chatXML: Metadaten eingefügt</change>
          <change n="2" status="draft" who="#f1202013.e6">chatXML: Datei umbenannt, estimatedGender ergänzt</change>
          <change n="3" status="draft" who="#f1202013.e7">chatXML: tokenisiert,getaggt,lemmatisiert</change>
          <change n="4" status="draft" who="#f1202013.e5">conversion to TEI using dcc2clarin.xsl, 2016-05-20T18:30:43.094+02:00</change>
          <change n="5" status="draft" who="#f1202013.e5">basic anonymisation using anonymise.xsl, 2016-05-20T18:43:00.318+02:00</change>
          <change n="6" status="draft" who="#f1202013.e5">post-processing, using postprocess-phase-II.xsl, 2016-07-26T17:45:33.201+02:00</change>
          <change n="7" status="draft" who="#f1202013.e8">manual anonymisation, phase III, August-December 2016</change>
          <change n="8" status="draft" who="#f1202013.e5">post-processing, using postprocess-phase-III.xsl, 2017-03-24T17:35:50.18+01:00</change>
        </revisionDesc>
      </idsHeader>