<?xml version="1.0" encoding="UTF-8"?>
<idsHeader TEIform="teiHeader" pattern="text" status="new" type="text" version="1.0">
        <fileDesc>
          <titleStmt>
            <textSigle>DCK/CPR.00117</textSigle>
            <t.title>DCK/CPR.00117 1202006_Studienberatung_Studienkonten_27-01-2004, [Chat-Logfile], In: Dortmunder Chatkorpus, Professionelle Chats</t.title>
            <editor>
              <orgName full="yes" instant="false">CLARIN-D curation project ChatCorpus2CLARIN, 2015-2016</orgName>
            </editor>
            <respStmt>
              <persName full="yes" id="f1202006.e1" instant="false">Michael Beißwenger</persName>
              <persName full="yes" id="f1202006.e2" instant="false">Angelika Storrer</persName>
              <persName full="yes" id="f1202006.e3" instant="false">Eric Ehrhardt</persName>
              <persName full="yes" id="f1202006.e4" instant="false">Axel Herold</persName>
              <persName full="yes" id="f1202006.e5" instant="false">Harald Lüngen</persName>
            
            <!--Members of the project ChatCorpus2CLARIN 2015-2016--></respStmt>
            <respStmt>
              <persName full="yes" id="f1202006.e6" instant="false">Bianca Selzam</persName>
              <orgName full="yes" id="f1202006.e7" instant="false">Universität des Saarlandes</orgName>
              <persName full="yes" id="f1202006.e8" instant="false">Susanne Feix</persName>
            
            <!--Support, see revisionDesc--></respStmt>
          </titleStmt>
          <publicationStmt>
            <distributor>CLARIN centre Institut für Deutsche Sprache, Mannheim and CLARIN
                        centre Berlin-Brandenburgische Akademie der Wissenschaften</distributor>
            <pubAddress/>
            <idno>1202006</idno>
            <availability Default="n" region="world" status="unknown">CC-BY 4.0</availability>
            <pubDate type="year">2016</pubDate>
          </publicationStmt>
          <sourceDesc Default="n">
            <p part="N">
              <list type="Recording Statement">
                <item>plattformURL=<ref type="URL">[_WWWURL_]</ref></item>
                <item>recording responsibility=<persName full="yes" id="f1202006.p1" instant="false">unknown</persName></item>
                <item>
                  <date instant="false">2004-01-27</date>
                </item>
                <item>
                  <time from="11:48:00" instant="false" to="13:59:00"/>
                </item>
              </list>
            </p>
            <biblStruct Default="n" status="draft">
              <analytic>
                <h.title type="main">Chat: 1202006_Studienberatung_Studienkonten_27-01-2004</h.title>
                <h.author/>
                <imprint>
                  <pubDate>2009</pubDate>
                </imprint>
              </analytic>
              <monogr>
                <h.title type="main">Dortmunder Chatkorpus</h.title>
                <editor corresp="#f1202006.e2">Angelika Storrer</editor>
                <editor corresp="#f1202006.e1">Michael Beißwenger</editor>
                <imprint>
                  <publisher>Institut für deutsche Sprache und Literatur der
                                    Technischen Universität Dortmund</publisher>
                  <pubPlace> Dortmund</pubPlace>
                  <pubDate>2009</pubDate>
                </imprint>
                <biblNote>http://www.chatkorpus.tu-dortmund.de/</biblNote>
              </monogr>
            </biblStruct>
            <reference type="complete">DCK/CPR.00117 Chat: 1202006_Studienberatung_Studienkonten_27-01-2004, In: Dortmunder Chatkorpus, Professionelle Chats, 27.1.2004</reference>
            <reference type="short">DCK/CPR.00117 Studienberatung (27.1.2004)</reference>
          </sourceDesc>
        </fileDesc>
        <encodingDesc>
          <editorialDecl Default="n">
            <pagination type="no"/>
            <transduction Default="n">POS-annotations according to STTS 2.0 by Universität des Saarlandes, see
                            Beißwenger, Michael; Ehrhardt, Eric; Horbach, Andrea; Lüngen,
                            Harald; Steffen, Diana; Storrer, Angelika (2015): Adding Value to CMC
                            Corpora: CLARINification and Part-of-Speech Annotation of the Dortmund
                            Chat Corpus. In: Proceedings of the 2nd Workshop on Natural Language
                            Processing for Computer-Mediated Communication / Social Media
                            (NLP4CMC2015). Essen, 12-16. https://sites.google.com/site/nlp4cmc2015/program</transduction>
          </editorialDecl>
          <tagsDecl>
            <tagUsage gi="sex">estimated on the basis of the nick name</tagUsage>
            <tagUsage gi="w" occurs="6400">used to mark a single token</tagUsage>
            <tagUsage gi="post" occurs="418">used to mark a single posting</tagUsage>
          </tagsDecl>
        </encodingDesc>
        <profileDesc>
          <particDesc Default="n">
            <listPerson Default="n">
              <person id="f1202006.A01" instant="false" role="client" sex="male">
                <persName full="yes" instant="false" type="nickname">[_MALE-CLIENT-A01_]</persName>
                <note anchored="true">sex estimated on the basis of the nickname</note>
              </person>
              <person id="f1202006.A02_System" instant="false" role="system" sex="system">
                <persName full="yes" instant="false" type="nickname">system</persName>
                <note anchored="true">sex estimated on the basis of the nickname</note>
              </person>
              <person id="f1202006.A03" instant="false" role="advisor" sex="female">
                <persName full="yes" instant="false" type="nickname">[_FEMALE-ADVISOR-A03_]</persName>
                <note anchored="true">sex estimated on the basis of the nickname</note>
              </person>
              <person id="f1202006.A04" instant="false" role="advisor" sex="male">
                <persName full="yes" instant="false" type="nickname">[_MALE-ADVISOR-A04_]</persName>
                <note anchored="true">sex estimated on the basis of the nickname</note>
              </person>
              <person id="f1202006.A05" instant="false" role="client" sex="male">
                <persName full="yes" instant="false" type="nickname">[_MALE-CLIENT-A05_]</persName>
                <note anchored="true">sex estimated on the basis of the nickname</note>
              </person>
              <person id="f1202006.A06" instant="false" role="advisor" sex="male">
                <persName full="yes" instant="false" type="nickname">[_MALE-ADVISOR-A06_]</persName>
                <note anchored="true">sex estimated on the basis of the nickname</note>
              </person>
              <person id="f1202006.A07" instant="false" role="client" sex="female">
                <persName full="yes" instant="false" type="nickname">[_FEMALE-CLIENT-A07_]</persName>
                <note anchored="true">sex estimated on the basis of the nickname</note>
              </person>
              <person id="f1202006.A08" instant="false" role="advisor" sex="female">
                <persName full="yes" instant="false" type="nickname">[_FEMALE-ADVISOR-A08_]</persName>
                <note anchored="true">sex estimated on the basis of the nickname</note>
              </person>
              <person id="f1202006.A09" instant="false" role="client" sex="female">
                <persName full="yes" instant="false" type="nickname">[_FEMALE-CLIENT-A09_]</persName>
                <note anchored="true">sex estimated on the basis of the nickname</note>
              </person>
              <person id="f1202006.A10" instant="false" role="client" sex="female">
                <persName full="yes" instant="false" type="nickname">[_FEMALE-CLIENT-A10_]</persName>
                <note anchored="true">sex estimated on the basis of the nickname</note>
              </person>
              <person id="f1202006.A11" instant="false" role="client" sex="male">
                <persName full="yes" instant="false" type="nickname">[_MALE-CLIENT-A11_]</persName>
                <note anchored="true">sex estimated on the basis of the nickname</note>
              </person>
              <person id="f1202006.A12" instant="false" role="client" sex="female">
                <persName full="yes" instant="false" type="nickname">[_FEMALE-CLIENT-A12_]</persName>
                <note anchored="true">sex estimated on the basis of the nickname</note>
              </person>
              <person id="f1202006.A13" instant="false" role="client" sex="unknown">
                <persName full="yes" instant="false" type="nickname">[_CLIENT-A13_]</persName>
                <note anchored="true">sex estimated on the basis of the nickname</note>
              </person>
              <person id="f1202006.A14" instant="false" role="advisor" sex="male">
                <persName full="yes" instant="false" type="nickname">[_MALE-ADVISOR-A14_]</persName>
                <note anchored="true">sex estimated on the basis of the nickname</note>
              </person>
              <person id="f1202006.A15" instant="false" role="client" sex="unknown">
                <persName full="yes" instant="false" type="nickname">[_CLIENT-A15_]</persName>
                <note anchored="true">sex estimated on the basis of the nickname</note>
              </person>
              <person id="f1202006.A16" instant="false" role="client" sex="unknown">
                <persName full="yes" instant="false" type="nickname">[_CLIENT-A16_]</persName>
                <note anchored="true">sex estimated on the basis of the nickname</note>
              </person>
              <person id="f1202006.A17" instant="false" role="client" sex="female">
                <persName full="yes" instant="false" type="nickname">[_FEMALE-CLIENT-A17_]</persName>
                <note anchored="true">sex estimated on the basis of the nickname</note>
              </person>
              <person id="f1202006.A18" instant="false" role="client" sex="male">
                <persName full="yes" instant="false" type="nickname">[_MALE-CLIENT-A18_]</persName>
                <note anchored="true">sex estimated on the basis of the nickname</note>
              </person>
              <person id="f1202006.A19" instant="false" role="client" sex="female">
                <persName full="yes" instant="false" type="nickname">[_FEMALE-CLIENT-A19_]</persName>
                <note anchored="true">sex estimated on the basis of the nickname</note>
              </person>
              <person id="f1202006.A20" instant="false" role="client" sex="unknown">
                <persName full="yes" instant="false" type="nickname">[_CLIENT-A20_]</persName>
                <note anchored="true">sex estimated on the basis of the nickname</note>
              </person>
              <person id="f1202006.A21" instant="false" role="client" sex="male">
                <persName full="yes" instant="false" type="nickname">[_MALE-CLIENT-A21_]</persName>
                <note anchored="true">sex estimated on the basis of the nickname</note>
              </person>
              <person id="f1202006.A22" instant="false" role="client" sex="male">
                <persName full="yes" instant="false" type="nickname">[_MALE-CLIENT-A22_]</persName>
                <note anchored="true">sex estimated on the basis of the nickname</note>
              </person>
              <person id="f1202006.A23" instant="false" role="client" sex="male">
                <persName full="yes" instant="false" type="nickname">[_MALE-CLIENT-A23_]</persName>
                <note anchored="true">sex estimated on the basis of the nickname</note>
              </person>
              <person id="f1202006.A24" instant="false" role="client" sex="male">
                <persName full="yes" instant="false" type="nickname">[_MALE-CLIENT-A24_]</persName>
                <note anchored="true">sex estimated on the basis of the nickname</note>
              </person>
              <person id="f1202006.A25" instant="false" role="client" sex="male">
                <persName full="yes" instant="false" type="nickname">[_MALE-CLIENT-A25_]</persName>
                <note anchored="true">sex estimated on the basis of the nickname</note>
              </person>
              <person id="f1202006.A26" instant="false" role="client" sex="unknown">
                <persName full="yes" instant="false" type="nickname">[_CLIENT-A26_]</persName>
                <note anchored="true">sex estimated on the basis of the nickname</note>
              </person>
              <person id="f1202006.A27" instant="false" role="client" sex="unknown">
                <persName full="yes" instant="false" type="nickname">[_CLIENT-A27_]</persName>
                <note anchored="true">sex estimated on the basis of the nickname</note>
              </person>
              <person id="f1202006.A28" instant="false" role="client" sex="female">
                <persName full="yes" instant="false" type="nickname">[_FEMALE-CLIENT-A28_]</persName>
                <note anchored="true">sex estimated on the basis of the nickname</note>
              </person>
              <person id="f1202006.A29" instant="false" role="client" sex="unknown">
                <persName full="yes" instant="false" type="nickname">[_CLIENT-A29_]</persName>
                <note anchored="true">sex estimated on the basis of the nickname</note>
              </person>
              <person id="f1202006.A30" instant="false" role="client" sex="unknown">
                <persName full="yes" instant="false" type="nickname">[_CLIENT-A30_]</persName>
                <note anchored="true">sex estimated on the basis of the nickname</note>
              </person>
            </listPerson>
          </particDesc>
          <settingDesc Default="n">
            <setting>
              <activity>
                <timeline>
                  <when absolute="11:48:00" id="f1202006.t001"/>
                  <when absolute="11:49:00" id="f1202006.t002"/>
                  <when absolute="11:50:00" id="f1202006.t003"/>
                  <when absolute="11:51:00" id="f1202006.t004"/>
                  <when absolute="11:52:00" id="f1202006.t005"/>
                  <when absolute="11:53:00" id="f1202006.t006"/>
                  <when absolute="11:54:00" id="f1202006.t007"/>
                  <when absolute="11:55:00" id="f1202006.t008"/>
                  <when absolute="11:56:00" id="f1202006.t009"/>
                  <when absolute="11:57:00" id="f1202006.t010"/>
                  <when absolute="11:58:00" id="f1202006.t011"/>
                  <when absolute="11:59:00" id="f1202006.t012"/>
                  <when absolute="12:00:00" id="f1202006.t013"/>
                  <when absolute="12:01:00" id="f1202006.t014"/>
                  <when absolute="12:02:00" id="f1202006.t015"/>
                  <when absolute="12:03:00" id="f1202006.t016"/>
                  <when absolute="12:04:00" id="f1202006.t017"/>
                  <when absolute="12:05:00" id="f1202006.t018"/>
                  <when absolute="12:06:00" id="f1202006.t019"/>
                  <when absolute="12:07:00" id="f1202006.t020"/>
                  <when absolute="12:08:00" id="f1202006.t021"/>
                  <when absolute="12:09:00" id="f1202006.t022"/>
                  <when absolute="12:10:00" id="f1202006.t023"/>
                  <when absolute="12:11:00" id="f1202006.t024"/>
                  <when absolute="12:12:00" id="f1202006.t025"/>
                  <when absolute="12:13:00" id="f1202006.t026"/>
                  <when absolute="12:14:00" id="f1202006.t027"/>
                  <when absolute="12:15:00" id="f1202006.t028"/>
                  <when absolute="12:16:00" id="f1202006.t029"/>
                  <when absolute="12:17:00" id="f1202006.t030"/>
                  <when absolute="12:18:00" id="f1202006.t031"/>
                  <when absolute="12:19:00" id="f1202006.t032"/>
                  <when absolute="12:20:00" id="f1202006.t033"/>
                  <when absolute="12:21:00" id="f1202006.t034"/>
                  <when absolute="12:22:00" id="f1202006.t035"/>
                  <when absolute="12:23:00" id="f1202006.t036"/>
                  <when absolute="12:24:00" id="f1202006.t037"/>
                  <when absolute="12:25:00" id="f1202006.t038"/>
                  <when absolute="12:26:00" id="f1202006.t039"/>
                  <when absolute="12:27:00" id="f1202006.t040"/>
                  <when absolute="12:28:00" id="f1202006.t041"/>
                  <when absolute="12:29:00" id="f1202006.t042"/>
                  <when absolute="12:30:00" id="f1202006.t043"/>
                  <when absolute="12:31:00" id="f1202006.t044"/>
                  <when absolute="12:32:00" id="f1202006.t045"/>
                  <when absolute="12:33:00" id="f1202006.t046"/>
                  <when absolute="12:35:00" id="f1202006.t047"/>
                  <when absolute="12:36:00" id="f1202006.t048"/>
                  <when absolute="12:37:00" id="f1202006.t049"/>
                  <when absolute="12:38:00" id="f1202006.t050"/>
                  <when absolute="12:39:00" id="f1202006.t051"/>
                  <when absolute="12:40:00" id="f1202006.t052"/>
                  <when absolute="12:41:00" id="f1202006.t053"/>
                  <when absolute="12:42:00" id="f1202006.t054"/>
                  <when absolute="12:43:00" id="f1202006.t055"/>
                  <when absolute="12:44:00" id="f1202006.t056"/>
                  <when absolute="12:45:00" id="f1202006.t057"/>
                  <when absolute="12:46:00" id="f1202006.t058"/>
                  <when absolute="12:47:00" id="f1202006.t059"/>
                  <when absolute="12:48:00" id="f1202006.t060"/>
                  <when absolute="12:49:00" id="f1202006.t061"/>
                  <when absolute="12:50:00" id="f1202006.t062"/>
                  <when absolute="12:51:00" id="f1202006.t063"/>
                  <when absolute="12:52:00" id="f1202006.t064"/>
                  <when absolute="12:53:00" id="f1202006.t065"/>
                  <when absolute="12:54:00" id="f1202006.t066"/>
                  <when absolute="12:55:00" id="f1202006.t067"/>
                  <when absolute="12:56:00" id="f1202006.t068"/>
                  <when absolute="12:57:00" id="f1202006.t069"/>
                  <when absolute="12:58:00" id="f1202006.t070"/>
                  <when absolute="12:59:00" id="f1202006.t071"/>
                  <when absolute="13:03:00" id="f1202006.t072"/>
                  <when absolute="13:04:00" id="f1202006.t073"/>
                  <when absolute="13:05:00" id="f1202006.t074"/>
                  <when absolute="13:06:00" id="f1202006.t075"/>
                  <when absolute="13:09:00" id="f1202006.t076"/>
                  <when absolute="13:10:00" id="f1202006.t077"/>
                  <when absolute="13:11:00" id="f1202006.t078"/>
                  <when absolute="13:12:00" id="f1202006.t079"/>
                  <when absolute="13:13:00" id="f1202006.t080"/>
                  <when absolute="13:14:00" id="f1202006.t081"/>
                  <when absolute="13:15:00" id="f1202006.t082"/>
                  <when absolute="13:16:00" id="f1202006.t083"/>
                  <when absolute="13:17:00" id="f1202006.t084"/>
                  <when absolute="13:18:00" id="f1202006.t085"/>
                  <when absolute="13:19:00" id="f1202006.t086"/>
                  <when absolute="13:20:00" id="f1202006.t087"/>
                  <when absolute="13:21:00" id="f1202006.t088"/>
                  <when absolute="13:22:00" id="f1202006.t089"/>
                  <when absolute="13:23:00" id="f1202006.t090"/>
                  <when absolute="13:24:00" id="f1202006.t091"/>
                  <when absolute="13:26:00" id="f1202006.t092"/>
                  <when absolute="13:27:00" id="f1202006.t093"/>
                  <when absolute="13:28:00" id="f1202006.t094"/>
                  <when absolute="13:29:00" id="f1202006.t095"/>
                  <when absolute="13:30:00" id="f1202006.t096"/>
                  <when absolute="13:34:00" id="f1202006.t097"/>
                  <when absolute="13:35:00" id="f1202006.t098"/>
                  <when absolute="13:36:00" id="f1202006.t099"/>
                  <when absolute="13:38:00" id="f1202006.t100"/>
                  <when absolute="13:40:00" id="f1202006.t101"/>
                  <when absolute="13:41:00" id="f1202006.t102"/>
                  <when absolute="13:42:00" id="f1202006.t103"/>
                  <when absolute="13:43:00" id="f1202006.t104"/>
                  <when absolute="13:44:00" id="f1202006.t105"/>
                  <when absolute="13:45:00" id="f1202006.t106"/>
                  <when absolute="13:46:00" id="f1202006.t107"/>
                  <when absolute="13:47:00" id="f1202006.t108"/>
                  <when absolute="13:48:00" id="f1202006.t109"/>
                  <when absolute="13:49:00" id="f1202006.t110"/>
                  <when absolute="13:50:00" id="f1202006.t111"/>
                  <when absolute="13:52:00" id="f1202006.t112"/>
                  <when absolute="13:53:00" id="f1202006.t113"/>
                  <when absolute="13:54:00" id="f1202006.t114"/>
                  <when absolute="13:58:00" id="f1202006.t115"/>
                  <when absolute="13:59:00" id="f1202006.t116"/>
                </timeline>
              </activity>
            </setting>
          </settingDesc>
          <textClass Default="n">
            <catRef scheme="handlungsbereiche" target="h1202000"/>
            <catRef n="1" scheme="topic" target="topic.staat-gesellschaft.biographien-interviews"/>
          </textClass>
          <textDesc Default="n">
            <textType>Chat</textType>
            <textTypeRef>Chat-Logfile</textTypeRef>
            <textTypeArt>Chat:Chat-Logfile</textTypeArt>
          </textDesc>
          <creation>
            <creatDate>2004.01.27</creatDate>
            <creatRef>(Posting: 27.1.2004)</creatRef>
            <creatRefShort>(Posting: 27.1.2004)</creatRefShort>
          </creation>
        </profileDesc>
        <revisionDesc id="f1202006.revisionDesc" status="draft">
          <change n="1" status="draft" who="#f1202006.e6">chatXML: Metadaten eingefügt</change>
          <change n="2" status="draft" who="#f1202006.e6">chatXML: Datei umbenannt, estimatedGender ergänzt</change>
          <change n="3" status="draft" who="#f1202006.e7">chatXML: tokenisiert,getaggt,lemmatisiert</change>
          <change n="4" status="draft" who="#f1202006.e5">conversion to TEI using dcc2clarin.xsl, 2016-05-20T18:30:55.466+02:00</change>
          <change n="5" status="draft" who="#f1202006.e5">basic anonymisation using anonymise.xsl, 2016-05-20T18:42:43.329+02:00</change>
          <change n="6" status="draft" who="#f1202006.e5">post-processing, using postprocess-phase-II.xsl, 2016-07-26T17:45:10.688+02:00</change>
          <change n="7" status="draft" who="#f1202006.e8">manual anonymisation, phase III, August-December 2016</change>
          <change n="8" status="draft" who="#f1202006.e5">post-processing, using postprocess-phase-III.xsl, 2017-03-24T17:35:20.743+01:00</change>
        </revisionDesc>
      </idsHeader>