<?xml version="1.0" encoding="UTF-8"?>
<idsHeader TEIform="teiHeader" pattern="text" status="new" type="text" version="1.0">
        <fileDesc>
          <titleStmt>
            <textSigle>DCK/CPR.00094</textSigle>
            <t.title>DCK/CPR.00094 1202016_Studienberatung_nachSystemcrash_17-06-2004, [Chat-Logfile], In: Dortmunder Chatkorpus, Professionelle Chats</t.title>
            <editor>
              <orgName full="yes" instant="false">CLARIN-D curation project ChatCorpus2CLARIN, 2015-2016</orgName>
            </editor>
            <respStmt>
              <persName full="yes" id="f1202016.e1" instant="false">Michael Beißwenger</persName>
              <persName full="yes" id="f1202016.e2" instant="false">Angelika Storrer</persName>
              <persName full="yes" id="f1202016.e3" instant="false">Eric Ehrhardt</persName>
              <persName full="yes" id="f1202016.e4" instant="false">Axel Herold</persName>
              <persName full="yes" id="f1202016.e5" instant="false">Harald Lüngen</persName>
            
            <!--Members of the project ChatCorpus2CLARIN 2015-2016--></respStmt>
            <respStmt>
              <persName full="yes" id="f1202016.e6" instant="false">Bianca Selzam</persName>
              <orgName full="yes" id="f1202016.e7" instant="false">Universität des Saarlandes</orgName>
              <persName full="yes" id="f1202016.e8" instant="false">Susanne Feix</persName>
            
            <!--Support, see revisionDesc--></respStmt>
          </titleStmt>
          <publicationStmt>
            <distributor>CLARIN centre Institut für Deutsche Sprache, Mannheim and CLARIN
                        centre Berlin-Brandenburgische Akademie der Wissenschaften</distributor>
            <pubAddress/>
            <idno>1202016</idno>
            <availability Default="n" region="world" status="unknown">CC-BY 4.0</availability>
            <pubDate type="year">2016</pubDate>
          </publicationStmt>
          <sourceDesc Default="n">
            <p part="N">
              <list type="Recording Statement">
                <item>plattformURL=<ref type="URL">[_WWWURL_]</ref></item>
                <item>recording responsibility=<persName full="yes" id="f1202016.p1" instant="false">unknown</persName></item>
                <item>
                  <date instant="false">2004-06-17</date>
                </item>
                <item>
                  <time from="12:36:00" instant="false" to="13:24:00"/>
                </item>
              </list>
            </p>
            <biblStruct Default="n" status="draft">
              <analytic>
                <h.title type="main">Chat: 1202016_Studienberatung_nachSystemcrash_17-06-2004</h.title>
                <h.author/>
                <imprint>
                  <pubDate>2009</pubDate>
                </imprint>
              </analytic>
              <monogr>
                <h.title type="main">Dortmunder Chatkorpus</h.title>
                <editor corresp="#f1202016.e2">Angelika Storrer</editor>
                <editor corresp="#f1202016.e1">Michael Beißwenger</editor>
                <imprint>
                  <publisher>Institut für deutsche Sprache und Literatur der
                                    Technischen Universität Dortmund</publisher>
                  <pubPlace> Dortmund</pubPlace>
                  <pubDate>2009</pubDate>
                </imprint>
                <biblNote>http://www.chatkorpus.tu-dortmund.de/</biblNote>
              </monogr>
            </biblStruct>
            <reference type="complete">DCK/CPR.00094 Chat: 1202016_Studienberatung_nachSystemcrash_17-06-2004, In: Dortmunder Chatkorpus, Professionelle Chats, 17.6.2004</reference>
            <reference type="short">DCK/CPR.00094 Studienberatung (17.6.2004)</reference>
          </sourceDesc>
        </fileDesc>
        <encodingDesc>
          <editorialDecl Default="n">
            <pagination type="no"/>
            <transduction Default="n">POS-annotations according to STTS 2.0 by Universität des Saarlandes, see
                            Beißwenger, Michael; Ehrhardt, Eric; Horbach, Andrea; Lüngen,
                            Harald; Steffen, Diana; Storrer, Angelika (2015): Adding Value to CMC
                            Corpora: CLARINification and Part-of-Speech Annotation of the Dortmund
                            Chat Corpus. In: Proceedings of the 2nd Workshop on Natural Language
                            Processing for Computer-Mediated Communication / Social Media
                            (NLP4CMC2015). Essen, 12-16. https://sites.google.com/site/nlp4cmc2015/program</transduction>
          </editorialDecl>
          <tagsDecl>
            <tagUsage gi="sex">estimated on the basis of the nick name</tagUsage>
            <tagUsage gi="w" occurs="4051">used to mark a single token</tagUsage>
            <tagUsage gi="post" occurs="299">used to mark a single posting</tagUsage>
          </tagsDecl>
        </encodingDesc>
        <profileDesc>
          <particDesc Default="n">
            <listPerson Default="n">
              <person id="f1202016.A01" instant="false" role="advisor" sex="female">
                <persName full="yes" instant="false" type="nickname">[_FEMALE-ADVISOR-A01_]</persName>
                <note anchored="true">sex estimated on the basis of the nickname</note>
              </person>
              <person id="f1202016.A02" instant="false" role="client" sex="male">
                <persName full="yes" instant="false" type="nickname">[_MALE-CLIENT-A02_]</persName>
                <note anchored="true">sex estimated on the basis of the nickname</note>
              </person>
              <person id="f1202016.A03" instant="false" role="advisor" sex="male">
                <persName full="yes" instant="false" type="nickname">[_MALE-ADVISOR-A03_]</persName>
                <note anchored="true">sex estimated on the basis of the nickname</note>
              </person>
              <person id="f1202016.A04" instant="false" role="client" sex="male">
                <persName full="yes" instant="false" type="nickname">[_MALE-CLIENT-A04_]</persName>
                <note anchored="true">sex estimated on the basis of the nickname</note>
              </person>
              <person id="f1202016.A05" instant="false" role="advisor" sex="female">
                <persName full="yes" instant="false" type="nickname">[_FEMALE-ADVISOR-A05_]</persName>
                <note anchored="true">sex estimated on the basis of the nickname</note>
              </person>
              <person id="f1202016.A06" instant="false" role="advisor" sex="male">
                <persName full="yes" instant="false" type="nickname">[_MALE-ADVISOR-A06_]</persName>
                <note anchored="true">sex estimated on the basis of the nickname</note>
              </person>
              <person id="f1202016.A07" instant="false" role="advisor" sex="male">
                <persName full="yes" instant="false" type="nickname">[_MALE-ADVISOR-A07_]</persName>
                <note anchored="true">sex estimated on the basis of the nickname</note>
              </person>
              <person id="f1202016.A08" instant="false" role="advisor" sex="female">
                <persName full="yes" instant="false" type="nickname">[_FEMALE-ADVISOR-A08_]</persName>
                <note anchored="true">sex estimated on the basis of the nickname</note>
              </person>
              <person id="f1202016.A09" instant="false" role="advisor" sex="female">
                <persName full="yes" instant="false" type="nickname">[_FEMALE-ADVISOR-A09_]</persName>
                <note anchored="true">sex estimated on the basis of the nickname</note>
              </person>
              <person id="f1202016.A10" instant="false" role="advisor" sex="female">
                <persName full="yes" instant="false" type="nickname">[_FEMALE-ADVISOR-A10_]</persName>
                <note anchored="true">sex estimated on the basis of the nickname</note>
              </person>
              <person id="f1202016.A11" instant="false" role="advisor" sex="female">
                <persName full="yes" instant="false" type="nickname">[_FEMALE-ADVISOR-A11_]</persName>
                <note anchored="true">sex estimated on the basis of the nickname</note>
              </person>
              <person id="f1202016.A12" instant="false" role="advisor" sex="female">
                <persName full="yes" instant="false" type="nickname">[_FEMALE-ADVISOR-A12_]</persName>
                <note anchored="true">sex estimated on the basis of the nickname</note>
              </person>
              <person id="f1202016.A13" instant="false" role="advisor" sex="female">
                <persName full="yes" instant="false" type="nickname">[_FEMALE-ADVISOR-A13_]</persName>
                <note anchored="true">sex estimated on the basis of the nickname</note>
              </person>
              <person id="f1202016.A14" instant="false" role="client" sex="unknown">
                <persName full="yes" instant="false" type="nickname">[_CLIENT-A14_]</persName>
                <note anchored="true">sex estimated on the basis of the nickname</note>
              </person>
              <person id="f1202016.A15" instant="false" role="client" sex="female">
                <persName full="yes" instant="false" type="nickname">[_FEMALE-CLIENT-A15_]</persName>
                <note anchored="true">sex estimated on the basis of the nickname</note>
              </person>
              <person id="f1202016.A16" instant="false" role="client" sex="female">
                <persName full="yes" instant="false" type="nickname">[_FEMALE-CLIENT-A16_]</persName>
                <note anchored="true">sex estimated on the basis of the nickname</note>
              </person>
              <person id="f1202016.A17" instant="false" role="client" sex="unknown">
                <persName full="yes" instant="false" type="nickname">[_CLIENT-A17_]</persName>
                <note anchored="true">sex estimated on the basis of the nickname</note>
              </person>
              <person id="f1202016.A18" instant="false" role="advisor" sex="male">
                <persName full="yes" instant="false" type="nickname">[_MALE-ADVISOR-A18_]</persName>
                <note anchored="true">sex estimated on the basis of the nickname</note>
              </person>
              <person id="f1202016.A19" instant="false" role="client" sex="male">
                <persName full="yes" instant="false" type="nickname">[_MALE-CLIENT-A19_]</persName>
                <note anchored="true">sex estimated on the basis of the nickname</note>
              </person>
              <person id="f1202016.A20" instant="false" role="client" sex="female">
                <persName full="yes" instant="false" type="nickname">[_FEMALE-CLIENT-A20_]</persName>
                <note anchored="true">sex estimated on the basis of the nickname</note>
              </person>
              <person id="f1202016.A21" instant="false" role="client" sex="female">
                <persName full="yes" instant="false" type="nickname">[_FEMALE-CLIENT-A21_]</persName>
                <note anchored="true">sex estimated on the basis of the nickname</note>
              </person>
              <person id="f1202016.A22" instant="false" role="client" sex="unknown">
                <persName full="yes" instant="false" type="nickname">[_CLIENT-A22_]</persName>
                <note anchored="true">sex estimated on the basis of the nickname</note>
              </person>
              <person id="f1202016.A23" instant="false" role="client" sex="male">
                <persName full="yes" instant="false" type="nickname">[_MALE-CLIENT-A23_]</persName>
                <note anchored="true">sex estimated on the basis of the nickname</note>
              </person>
              <person id="f1202016.A24" instant="false" role="client" sex="male">
                <persName full="yes" instant="false" type="nickname">[_MALE-CLIENT-A24_]</persName>
                <note anchored="true">sex estimated on the basis of the nickname</note>
              </person>
              <person id="f1202016.A25" instant="false" role="client" sex="unknown">
                <persName full="yes" instant="false" type="nickname">[_CLIENT-A25_]</persName>
                <note anchored="true">sex estimated on the basis of the nickname</note>
              </person>
              <person id="f1202016.A26" instant="false" role="client" sex="male">
                <persName full="yes" instant="false" type="nickname">[_MALE-CLIENT-A26_]</persName>
                <note anchored="true">sex estimated on the basis of the nickname</note>
              </person>
              <person id="f1202016.A27" instant="false" role="client" sex="female">
                <persName full="yes" instant="false" type="nickname">[_FEMALE-CLIENT-A27_]</persName>
                <note anchored="true">sex estimated on the basis of the nickname</note>
              </person>
              <person id="f1202016.A28" instant="false" role="client" sex="female">
                <persName full="yes" instant="false" type="nickname">[_FEMALE-CLIENT-A28_]</persName>
                <note anchored="true">sex estimated on the basis of the nickname</note>
              </person>
              <person id="f1202016.A29" instant="false" role="client" sex="female">
                <persName full="yes" instant="false" type="nickname">[_FEMALE-CLIENT-A29_]</persName>
                <note anchored="true">sex estimated on the basis of the nickname</note>
              </person>
              <person id="f1202016.A30" instant="false" role="client" sex="male">
                <persName full="yes" instant="false" type="nickname">[_MALE-CLIENT-A30_]</persName>
                <note anchored="true">sex estimated on the basis of the nickname</note>
              </person>
              <person id="f1202016.A31" instant="false" role="client" sex="unknown">
                <persName full="yes" instant="false" type="nickname">[_CLIENT-A31_]</persName>
                <note anchored="true">sex estimated on the basis of the nickname</note>
              </person>
              <person id="f1202016.A32" instant="false" role="client" sex="male">
                <persName full="yes" instant="false" type="nickname">[_MALE-CLIENT-A32_]</persName>
                <note anchored="true">sex estimated on the basis of the nickname</note>
              </person>
            </listPerson>
          </particDesc>
          <settingDesc Default="n">
            <setting>
              <activity>
                <timeline>
                  <when absolute="12:36:00" id="f1202016.t001"/>
                  <when absolute="12:37:00" id="f1202016.t002"/>
                  <when absolute="12:38:00" id="f1202016.t003"/>
                  <when absolute="12:39:00" id="f1202016.t004"/>
                  <when absolute="12:40:00" id="f1202016.t005"/>
                  <when absolute="12:41:00" id="f1202016.t006"/>
                  <when absolute="12:42:00" id="f1202016.t007"/>
                  <when absolute="12:43:00" id="f1202016.t008"/>
                  <when absolute="12:44:00" id="f1202016.t009"/>
                  <when absolute="12:45:00" id="f1202016.t010"/>
                  <when absolute="12:46:00" id="f1202016.t011"/>
                  <when absolute="12:47:00" id="f1202016.t012"/>
                  <when absolute="12:48:00" id="f1202016.t013"/>
                  <when absolute="12:49:00" id="f1202016.t014"/>
                  <when absolute="12:50:00" id="f1202016.t015"/>
                  <when absolute="12:51:00" id="f1202016.t016"/>
                  <when absolute="12:52:00" id="f1202016.t017"/>
                  <when absolute="12:53:00" id="f1202016.t018"/>
                  <when absolute="12:54:00" id="f1202016.t019"/>
                  <when absolute="12:55:00" id="f1202016.t020"/>
                  <when absolute="12:56:00" id="f1202016.t021"/>
                  <when absolute="12:57:00" id="f1202016.t022"/>
                  <when absolute="12:58:00" id="f1202016.t023"/>
                  <when absolute="12:59:00" id="f1202016.t024"/>
                  <when absolute="13:00:00" id="f1202016.t025"/>
                  <when absolute="13:01:00" id="f1202016.t026"/>
                  <when absolute="13:02:00" id="f1202016.t027"/>
                  <when absolute="13:03:00" id="f1202016.t028"/>
                  <when absolute="13:04:00" id="f1202016.t029"/>
                  <when absolute="13:05:00" id="f1202016.t030"/>
                  <when absolute="13:06:00" id="f1202016.t031"/>
                  <when absolute="13:07:00" id="f1202016.t032"/>
                  <when absolute="13:08:00" id="f1202016.t033"/>
                  <when absolute="13:09:00" id="f1202016.t034"/>
                  <when absolute="13:10:00" id="f1202016.t035"/>
                  <when absolute="13:11:00" id="f1202016.t036"/>
                  <when absolute="13:12:00" id="f1202016.t037"/>
                  <when absolute="13:13:00" id="f1202016.t038"/>
                  <when absolute="13:14:00" id="f1202016.t039"/>
                  <when absolute="13:15:00" id="f1202016.t040"/>
                  <when absolute="13:16:00" id="f1202016.t041"/>
                  <when absolute="13:17:00" id="f1202016.t042"/>
                  <when absolute="13:18:00" id="f1202016.t043"/>
                  <when absolute="13:19:00" id="f1202016.t044"/>
                  <when absolute="13:20:00" id="f1202016.t045"/>
                  <when absolute="13:21:00" id="f1202016.t046"/>
                  <when absolute="13:23:00" id="f1202016.t047"/>
                  <when absolute="13:24:00" id="f1202016.t048"/>
                </timeline>
              </activity>
            </setting>
          </settingDesc>
          <textClass Default="n">
            <catRef scheme="handlungsbereiche" target="h1202000"/>
            <catRef n="1" scheme="topic" target="topic.staat-gesellschaft.biographien-interviews"/>
          </textClass>
          <textDesc Default="n">
            <textType>Chat</textType>
            <textTypeRef>Chat-Logfile</textTypeRef>
            <textTypeArt>Chat:Chat-Logfile</textTypeArt>
          </textDesc>
          <creation>
            <creatDate>2004.06.17</creatDate>
            <creatRef>(Posting: 17.6.2004)</creatRef>
            <creatRefShort>(Posting: 17.6.2004)</creatRefShort>
          </creation>
        </profileDesc>
        <revisionDesc id="f1202016.revisionDesc" status="draft">
          <change n="1" status="draft" who="#f1202016.e6">chatXML: Metadaten eingefügt</change>
          <change n="2" status="draft" who="#f1202016.e6">chatXML: Datei umbenannt, estimatedGender ergänzt</change>
          <change n="3" status="draft" who="#f1202016.e7">chatXML: tokenisiert,getaggt,lemmatisiert</change>
          <change n="4" status="draft" who="#f1202016.e5">conversion to TEI using dcc2clarin.xsl, 2016-05-20T18:31:05.041+02:00</change>
          <change n="5" status="draft" who="#f1202016.e5">basic anonymisation using anonymise.xsl, 2016-05-20T18:43:07.278+02:00</change>
          <change n="6" status="draft" who="#f1202016.e5">post-processing, using postprocess-phase-II.xsl, 2016-07-26T17:45:41.014+02:00</change>
          <change n="7" status="draft" who="#f1202016.e8">manual anonymisation, phase III, August-December 2016</change>
          <change n="8" status="draft" who="#f1202016.e5">post-processing, using postprocess-phase-III.xsl, 2017-03-24T17:36:05.124+01:00</change>
        </revisionDesc>
      </idsHeader>