<?xml version="1.0" encoding="UTF-8"?>
<idsHeader TEIform="teiHeader" pattern="text" status="new" type="text" version="1.0">
        <fileDesc>
          <titleStmt>
            <textSigle>DCK/CPR.00025</textSigle>
            <t.title>DCK/CPR.00025 1202008_Studienberatung_Studienkonten3_30-03-2004, [Chat-Logfile], In: Dortmunder Chatkorpus, Professionelle Chats</t.title>
            <editor>
              <orgName full="yes" instant="false">CLARIN-D curation project ChatCorpus2CLARIN, 2015-2016</orgName>
            </editor>
            <respStmt>
              <persName full="yes" id="f1202008.e1" instant="false">Michael Beißwenger</persName>
              <persName full="yes" id="f1202008.e2" instant="false">Angelika Storrer</persName>
              <persName full="yes" id="f1202008.e3" instant="false">Eric Ehrhardt</persName>
              <persName full="yes" id="f1202008.e4" instant="false">Axel Herold</persName>
              <persName full="yes" id="f1202008.e5" instant="false">Harald Lüngen</persName>
            
            <!--Members of the project ChatCorpus2CLARIN 2015-2016--></respStmt>
            <respStmt>
              <persName full="yes" id="f1202008.e6" instant="false">Bianca Selzam</persName>
              <orgName full="yes" id="f1202008.e7" instant="false">Universität des Saarlandes</orgName>
              <persName full="yes" id="f1202008.e8" instant="false">Susanne Feix</persName>
            
            <!--Support, see revisionDesc--></respStmt>
          </titleStmt>
          <publicationStmt>
            <distributor>CLARIN centre Institut für Deutsche Sprache, Mannheim and CLARIN
                        centre Berlin-Brandenburgische Akademie der Wissenschaften</distributor>
            <pubAddress/>
            <idno>1202008</idno>
            <availability Default="n" region="world" status="unknown">CC-BY 4.0</availability>
            <pubDate type="year">2016</pubDate>
          </publicationStmt>
          <sourceDesc Default="n">
            <p part="N">
              <list type="Recording Statement">
                <item>plattformURL=<ref type="URL">[_WWWURL_]</ref></item>
                <item>recording responsibility=<persName full="yes" id="f1202008.p1" instant="false">unknown</persName></item>
                <item>
                  <date instant="false">2004-03-30</date>
                </item>
                <item>
                  <time from="19:21:00" instant="false" to="21:41:00"/>
                </item>
              </list>
            </p>
            <biblStruct Default="n" status="draft">
              <analytic>
                <h.title type="main">Chat: 1202008_Studienberatung_Studienkonten3_30-03-2004</h.title>
                <h.author/>
                <imprint>
                  <pubDate>2009</pubDate>
                </imprint>
              </analytic>
              <monogr>
                <h.title type="main">Dortmunder Chatkorpus</h.title>
                <editor corresp="#f1202008.e2">Angelika Storrer</editor>
                <editor corresp="#f1202008.e1">Michael Beißwenger</editor>
                <imprint>
                  <publisher>Institut für deutsche Sprache und Literatur der
                                    Technischen Universität Dortmund</publisher>
                  <pubPlace> Dortmund</pubPlace>
                  <pubDate>2009</pubDate>
                </imprint>
                <biblNote>http://www.chatkorpus.tu-dortmund.de/</biblNote>
              </monogr>
            </biblStruct>
            <reference type="complete">DCK/CPR.00025 Chat: 1202008_Studienberatung_Studienkonten3_30-03-2004, In: Dortmunder Chatkorpus, Professionelle Chats, 30.3.2004</reference>
            <reference type="short">DCK/CPR.00025 Studienberatung (30.3.2004)</reference>
          </sourceDesc>
        </fileDesc>
        <encodingDesc>
          <editorialDecl Default="n">
            <pagination type="no"/>
            <transduction Default="n">POS-annotations according to STTS 2.0 by Universität des Saarlandes, see
                            Beißwenger, Michael; Ehrhardt, Eric; Horbach, Andrea; Lüngen,
                            Harald; Steffen, Diana; Storrer, Angelika (2015): Adding Value to CMC
                            Corpora: CLARINification and Part-of-Speech Annotation of the Dortmund
                            Chat Corpus. In: Proceedings of the 2nd Workshop on Natural Language
                            Processing for Computer-Mediated Communication / Social Media
                            (NLP4CMC2015). Essen, 12-16. https://sites.google.com/site/nlp4cmc2015/program</transduction>
          </editorialDecl>
          <tagsDecl>
            <tagUsage gi="sex">estimated on the basis of the nick name</tagUsage>
            <tagUsage gi="w" occurs="12231">used to mark a single token</tagUsage>
            <tagUsage gi="post" occurs="799">used to mark a single posting</tagUsage>
          </tagsDecl>
        </encodingDesc>
        <profileDesc>
          <particDesc Default="n">
            <listPerson Default="n">
              <person id="f1202008.A01" instant="false" role="client" sex="female">
                <persName full="yes" instant="false" type="nickname">[_FEMALE-CLIENT-A01_]</persName>
                <note anchored="true">sex estimated on the basis of the nickname</note>
              </person>
              <person id="f1202008.A02_System" instant="false" role="system" sex="system">
                <persName full="yes" instant="false" type="nickname">system</persName>
                <note anchored="true">sex estimated on the basis of the nickname</note>
              </person>
              <person id="f1202008.A03" instant="false" role="client" sex="unknown">
                <persName full="yes" instant="false" type="nickname">[_CLIENT-A03_]</persName>
                <note anchored="true">sex estimated on the basis of the nickname</note>
              </person>
              <person id="f1202008.A04" instant="false" role="advisor" sex="female">
                <persName full="yes" instant="false" type="nickname">[_FEMALE-ADVISOR-A04_]</persName>
                <note anchored="true">sex estimated on the basis of the nickname</note>
              </person>
              <person id="f1202008.A05" instant="false" role="client" sex="unknown">
                <persName full="yes" instant="false" type="nickname">[_CLIENT-A05_]</persName>
                <note anchored="true">sex estimated on the basis of the nickname</note>
              </person>
              <person id="f1202008.A06" instant="false" role="advisor" sex="female">
                <persName full="yes" instant="false" type="nickname">[_FEMALE-ADVISOR-A06_]</persName>
                <note anchored="true">sex estimated on the basis of the nickname</note>
              </person>
              <person id="f1202008.A07" instant="false" role="client" sex="unknown">
                <persName full="yes" instant="false" type="nickname">[_CLIENT-A07_]</persName>
                <note anchored="true">sex estimated on the basis of the nickname</note>
              </person>
              <person id="f1202008.A08" instant="false" role="client" sex="male">
                <persName full="yes" instant="false" type="nickname">[_MALE-CLIENT-A08_]</persName>
                <note anchored="true">sex estimated on the basis of the nickname</note>
              </person>
              <person id="f1202008.A09" instant="false" role="advisor" sex="male">
                <persName full="yes" instant="false" type="nickname">[_MALE-ADVISOR-A09_]</persName>
                <note anchored="true">sex estimated on the basis of the nickname</note>
              </person>
              <person id="f1202008.A10" instant="false" role="client" sex="female">
                <persName full="yes" instant="false" type="nickname">[_FEMALE-CLIENT-A10_]</persName>
                <note anchored="true">sex estimated on the basis of the nickname</note>
              </person>
              <person id="f1202008.A11" instant="false" role="client" sex="male">
                <persName full="yes" instant="false" type="nickname">[_MALE-CLIENT-A11_]</persName>
                <note anchored="true">sex estimated on the basis of the nickname</note>
              </person>
              <person id="f1202008.A12" instant="false" role="client" sex="male">
                <persName full="yes" instant="false" type="nickname">[_MALE-CLIENT-A12_]</persName>
                <note anchored="true">sex estimated on the basis of the nickname</note>
              </person>
              <person id="f1202008.A13" instant="false" role="client" sex="unknown">
                <persName full="yes" instant="false" type="nickname">[_CLIENT-A13_]</persName>
                <note anchored="true">sex estimated on the basis of the nickname</note>
              </person>
              <person id="f1202008.A14" instant="false" role="client" sex="female">
                <persName full="yes" instant="false" type="nickname">[_FEMALE-CLIENT-A14_]</persName>
                <note anchored="true">sex estimated on the basis of the nickname</note>
              </person>
              <person id="f1202008.A15" instant="false" role="advisor" sex="male">
                <persName full="yes" instant="false" type="nickname">[_MALE-ADVISOR-A15_]</persName>
                <note anchored="true">sex estimated on the basis of the nickname</note>
              </person>
              <person id="f1202008.A16" instant="false" role="client" sex="unknown">
                <persName full="yes" instant="false" type="nickname">[_CLIENT-A16_]</persName>
                <note anchored="true">sex estimated on the basis of the nickname</note>
              </person>
              <person id="f1202008.A17" instant="false" role="client" sex="female">
                <persName full="yes" instant="false" type="nickname">[_FEMALE-CLIENT-A17_]</persName>
                <note anchored="true">sex estimated on the basis of the nickname</note>
              </person>
              <person id="f1202008.A18" instant="false" role="advisor" sex="female">
                <persName full="yes" instant="false" type="nickname">[_FEMALE-ADVISOR-A18_]</persName>
                <note anchored="true">sex estimated on the basis of the nickname</note>
              </person>
              <person id="f1202008.A19" instant="false" role="client" sex="unknown">
                <persName full="yes" instant="false" type="nickname">[_CLIENT-A19_]</persName>
                <note anchored="true">sex estimated on the basis of the nickname</note>
              </person>
              <person id="f1202008.A20" instant="false" role="client" sex="female">
                <persName full="yes" instant="false" type="nickname">[_FEMALE-CLIENT-A20_]</persName>
                <note anchored="true">sex estimated on the basis of the nickname</note>
              </person>
              <person id="f1202008.A21" instant="false" role="client" sex="female">
                <persName full="yes" instant="false" type="nickname">[_FEMALE-CLIENT-A21_]</persName>
                <note anchored="true">sex estimated on the basis of the nickname</note>
              </person>
              <person id="f1202008.A22" instant="false" role="client" sex="female">
                <persName full="yes" instant="false" type="nickname">[_FEMALE-CLIENT-A22_]</persName>
                <note anchored="true">sex estimated on the basis of the nickname</note>
              </person>
              <person id="f1202008.A23" instant="false" role="client" sex="male">
                <persName full="yes" instant="false" type="nickname">[_MALE-CLIENT-A23_]</persName>
                <note anchored="true">sex estimated on the basis of the nickname</note>
              </person>
              <person id="f1202008.A24" instant="false" role="client" sex="female">
                <persName full="yes" instant="false" type="nickname">[_FEMALE-CLIENT-A24_]</persName>
                <note anchored="true">sex estimated on the basis of the nickname</note>
              </person>
              <person id="f1202008.A25" instant="false" role="client" sex="male">
                <persName full="yes" instant="false" type="nickname">[_MALE-CLIENT-A25_]</persName>
                <note anchored="true">sex estimated on the basis of the nickname</note>
              </person>
              <person id="f1202008.A26" instant="false" role="client" sex="male">
                <persName full="yes" instant="false" type="nickname">[_MALE-CLIENT-A26_]</persName>
                <note anchored="true">sex estimated on the basis of the nickname</note>
              </person>
              <person id="f1202008.A27" instant="false" role="client" sex="unknown">
                <persName full="yes" instant="false" type="nickname">[_CLIENT-A27_]</persName>
                <note anchored="true">sex estimated on the basis of the nickname</note>
              </person>
              <person id="f1202008.A28" instant="false" role="client" sex="female">
                <persName full="yes" instant="false" type="nickname">[_FEMALE-CLIENT-A28_]</persName>
                <note anchored="true">sex estimated on the basis of the nickname</note>
              </person>
              <person id="f1202008.A29" instant="false" role="client" sex="female">
                <persName full="yes" instant="false" type="nickname">[_FEMALE-CLIENT-A29_]</persName>
                <note anchored="true">sex estimated on the basis of the nickname</note>
              </person>
              <person id="f1202008.A30" instant="false" role="client" sex="unknown">
                <persName full="yes" instant="false" type="nickname">[_CLIENT-A30_]</persName>
                <note anchored="true">sex estimated on the basis of the nickname</note>
              </person>
              <person id="f1202008.A31" instant="false" role="client" sex="female">
                <persName full="yes" instant="false" type="nickname">[_FEMALE-CLIENT-A31_]</persName>
                <note anchored="true">sex estimated on the basis of the nickname</note>
              </person>
              <person id="f1202008.A32" instant="false" role="client" sex="female">
                <persName full="yes" instant="false" type="nickname">[_FEMALE-CLIENT-A32_]</persName>
                <note anchored="true">sex estimated on the basis of the nickname</note>
              </person>
              <person id="f1202008.A33" instant="false" role="client" sex="female">
                <persName full="yes" instant="false" type="nickname">[_FEMALE-CLIENT-A33_]</persName>
                <note anchored="true">sex estimated on the basis of the nickname</note>
              </person>
              <person id="f1202008.A34" instant="false" role="client" sex="unknown">
                <persName full="yes" instant="false" type="nickname">[_CLIENT-A34_]</persName>
                <note anchored="true">sex estimated on the basis of the nickname</note>
              </person>
              <person id="f1202008.A35" instant="false" role="client" sex="unknown">
                <persName full="yes" instant="false" type="nickname">[_CLIENT-A35_]</persName>
                <note anchored="true">sex estimated on the basis of the nickname</note>
              </person>
              <person id="f1202008.A36" instant="false" role="client" sex="unknown">
                <persName full="yes" instant="false" type="nickname">[_CLIENT-A36_]</persName>
                <note anchored="true">sex estimated on the basis of the nickname</note>
              </person>
              <person id="f1202008.A37" instant="false" role="client" sex="unknown">
                <persName full="yes" instant="false" type="nickname">[_CLIENT-A37_]</persName>
                <note anchored="true">sex estimated on the basis of the nickname</note>
              </person>
              <person id="f1202008.A38" instant="false" role="client" sex="female">
                <persName full="yes" instant="false" type="nickname">[_FEMALE-CLIENT-A38_]</persName>
                <note anchored="true">sex estimated on the basis of the nickname</note>
              </person>
              <person id="f1202008.A39" instant="false" role="client" sex="male">
                <persName full="yes" instant="false" type="nickname">[_MALE-CLIENT-A39_]</persName>
                <note anchored="true">sex estimated on the basis of the nickname</note>
              </person>
              <person id="f1202008.A40" instant="false" role="client" sex="unknown">
                <persName full="yes" instant="false" type="nickname">[_CLIENT-A40_]</persName>
                <note anchored="true">sex estimated on the basis of the nickname</note>
              </person>
              <person id="f1202008.A41" instant="false" role="client" sex="unknown">
                <persName full="yes" instant="false" type="nickname">[_CLIENT-A41_]</persName>
                <note anchored="true">sex estimated on the basis of the nickname</note>
              </person>
              <person id="f1202008.A42" instant="false" role="client" sex="male">
                <persName full="yes" instant="false" type="nickname">[_MALE-CLIENT-A42_]</persName>
                <note anchored="true">sex estimated on the basis of the nickname</note>
              </person>
              <person id="f1202008.A43" instant="false" role="client" sex="male">
                <persName full="yes" instant="false" type="nickname">[_MALE-CLIENT-A43_]</persName>
                <note anchored="true">sex estimated on the basis of the nickname</note>
              </person>
              <person id="f1202008.A44" instant="false" role="client" sex="male">
                <persName full="yes" instant="false" type="nickname">[_MALE-CLIENT-A44_]</persName>
                <note anchored="true">sex estimated on the basis of the nickname</note>
              </person>
              <person id="f1202008.A45" instant="false" role="client" sex="male">
                <persName full="yes" instant="false" type="nickname">[_MALE-CLIENT-A45_]</persName>
                <note anchored="true">sex estimated on the basis of the nickname</note>
              </person>
              <person id="f1202008.A46" instant="false" role="client" sex="male">
                <persName full="yes" instant="false" type="nickname">[_MALE-CLIENT-A46_]</persName>
                <note anchored="true">sex estimated on the basis of the nickname</note>
              </person>
              <person id="f1202008.A47" instant="false" role="client" sex="unknown">
                <persName full="yes" instant="false" type="nickname">[_CLIENT-A47_]</persName>
                <note anchored="true">sex estimated on the basis of the nickname</note>
              </person>
              <person id="f1202008.A48" instant="false" role="client" sex="female">
                <persName full="yes" instant="false" type="nickname">[_FEMALE-CLIENT-A48_]</persName>
                <note anchored="true">sex estimated on the basis of the nickname</note>
              </person>
              <person id="f1202008.A49" instant="false" role="client" sex="female">
                <persName full="yes" instant="false" type="nickname">[_FEMALE-CLIENT-A49_]</persName>
                <note anchored="true">sex estimated on the basis of the nickname</note>
              </person>
              <person id="f1202008.A50" instant="false" role="client" sex="unknown">
                <persName full="yes" instant="false" type="nickname">[_CLIENT-A50_]</persName>
                <note anchored="true">sex estimated on the basis of the nickname</note>
              </person>
              <person id="f1202008.A51" instant="false" role="client" sex="male">
                <persName full="yes" instant="false" type="nickname">[_MALE-CLIENT-A51_]</persName>
                <note anchored="true">sex estimated on the basis of the nickname</note>
              </person>
              <person id="f1202008.A52" instant="false" role="client" sex="unknown">
                <persName full="yes" instant="false" type="nickname">[_CLIENT-A52_]</persName>
                <note anchored="true">sex estimated on the basis of the nickname</note>
              </person>
              <person id="f1202008.A53" instant="false" role="client" sex="male">
                <persName full="yes" instant="false" type="nickname">[_MALE-CLIENT-A53_]</persName>
                <note anchored="true">sex estimated on the basis of the nickname</note>
              </person>
              <person id="f1202008.A54" instant="false" role="client" sex="female">
                <persName full="yes" instant="false" type="nickname">[_FEMALE-CLIENT-A54_]</persName>
                <note anchored="true">sex estimated on the basis of the nickname</note>
              </person>
              <person id="f1202008.A55" instant="false" role="client" sex="female">
                <persName full="yes" instant="false" type="nickname">[_FEMALE-CLIENT-A55_]</persName>
                <note anchored="true">sex estimated on the basis of the nickname</note>
              </person>
              <person id="f1202008.A56" instant="false" role="client" sex="unknown">
                <persName full="yes" instant="false" type="nickname">[_CLIENT-A56_]</persName>
                <note anchored="true">sex estimated on the basis of the nickname</note>
              </person>
              <person id="f1202008.A57" instant="false" role="client" sex="unknown">
                <persName full="yes" instant="false" type="nickname">[_CLIENT-A57_]</persName>
                <note anchored="true">sex estimated on the basis of the nickname</note>
              </person>
              <person id="f1202008.A58" instant="false" role="client" sex="unknown">
                <persName full="yes" instant="false" type="nickname">[_CLIENT-A58_]</persName>
                <note anchored="true">sex estimated on the basis of the nickname</note>
              </person>
              <person id="f1202008.A59" instant="false" role="client" sex="male">
                <persName full="yes" instant="false" type="nickname">[_MALE-CLIENT-A59_]</persName>
                <note anchored="true">sex estimated on the basis of the nickname</note>
              </person>
              <person id="f1202008.A60" instant="false" role="client" sex="male">
                <persName full="yes" instant="false" type="nickname">[_MALE-CLIENT-A60_]</persName>
                <note anchored="true">sex estimated on the basis of the nickname</note>
              </person>
              <person id="f1202008.A61" instant="false" role="client" sex="male">
                <persName full="yes" instant="false" type="nickname">[_MALE-CLIENT-A61_]</persName>
                <note anchored="true">sex estimated on the basis of the nickname</note>
              </person>
              <person id="f1202008.A62" instant="false" role="client" sex="unknown">
                <persName full="yes" instant="false" type="nickname">[_CLIENT-A62_]</persName>
                <note anchored="true">sex estimated on the basis of the nickname</note>
              </person>
              <person id="f1202008.A63" instant="false" role="client" sex="unknown">
                <persName full="yes" instant="false" type="nickname">[_CLIENT-A63_]</persName>
                <note anchored="true">sex estimated on the basis of the nickname</note>
              </person>
              <person id="f1202008.A64" instant="false" role="client" sex="female">
                <persName full="yes" instant="false" type="nickname">[_FEMALE-CLIENT-A64_]</persName>
                <note anchored="true">sex estimated on the basis of the nickname</note>
              </person>
              <person id="f1202008.A65" instant="false" role="client" sex="unknown">
                <persName full="yes" instant="false" type="nickname">[_CLIENT-A65_]</persName>
                <note anchored="true">sex estimated on the basis of the nickname</note>
              </person>
              <person id="f1202008.A66" instant="false" role="client" sex="unknown">
                <persName full="yes" instant="false" type="nickname">[_CLIENT-A66_]</persName>
                <note anchored="true">sex estimated on the basis of the nickname</note>
              </person>
              <person id="f1202008.A67" instant="false" role="client" sex="female">
                <persName full="yes" instant="false" type="nickname">[_FEMALE-CLIENT-A67_]</persName>
                <note anchored="true">sex estimated on the basis of the nickname</note>
              </person>
              <person id="f1202008.A68" instant="false" role="client" sex="female">
                <persName full="yes" instant="false" type="nickname">[_FEMALE-CLIENT-A68_]</persName>
                <note anchored="true">sex estimated on the basis of the nickname</note>
              </person>
              <person id="f1202008.A69" instant="false" role="client" sex="male">
                <persName full="yes" instant="false" type="nickname">[_MALE-CLIENT-A69_]</persName>
                <note anchored="true">sex estimated on the basis of the nickname</note>
              </person>
              <person id="f1202008.A70" instant="false" role="client" sex="unknown">
                <persName full="yes" instant="false" type="nickname">[_CLIENT-A70_]</persName>
                <note anchored="true">sex estimated on the basis of the nickname</note>
              </person>
              <person id="f1202008.A71" instant="false" role="client" sex="unknown">
                <persName full="yes" instant="false" type="nickname">[_CLIENT-A71_]</persName>
                <note anchored="true">sex estimated on the basis of the nickname</note>
              </person>
              <person id="f1202008.A72" instant="false" role="client" sex="male">
                <persName full="yes" instant="false" type="nickname">[_MALE-CLIENT-A72_]</persName>
                <note anchored="true">sex estimated on the basis of the nickname</note>
              </person>
              <person id="f1202008.A73" instant="false" role="client" sex="unknown">
                <persName full="yes" instant="false" type="nickname">[_CLIENT-A73_]</persName>
                <note anchored="true">sex estimated on the basis of the nickname</note>
              </person>
              <person id="f1202008.A74" instant="false" role="client" sex="unknown">
                <persName full="yes" instant="false" type="nickname">[_CLIENT-A74_]</persName>
                <note anchored="true">sex estimated on the basis of the nickname</note>
              </person>
              <person id="f1202008.A75" instant="false" role="client" sex="unknown">
                <persName full="yes" instant="false" type="nickname">[_CLIENT-A75_]</persName>
                <note anchored="true">sex estimated on the basis of the nickname</note>
              </person>
              <person id="f1202008.A76" instant="false" role="client" sex="unknown">
                <persName full="yes" instant="false" type="nickname">[_CLIENT-A76_]</persName>
                <note anchored="true">sex estimated on the basis of the nickname</note>
              </person>
              <person id="f1202008.A77" instant="false" role="client" sex="unknown">
                <persName full="yes" instant="false" type="nickname">[_CLIENT-A77_]</persName>
                <note anchored="true">sex estimated on the basis of the nickname</note>
              </person>
              <person id="f1202008.A78" instant="false" role="client" sex="unknown">
                <persName full="yes" instant="false" type="nickname">[_CLIENT-A78_]</persName>
                <note anchored="true">sex estimated on the basis of the nickname</note>
              </person>
              <person id="f1202008.A79" instant="false" role="client" sex="unknown">
                <persName full="yes" instant="false" type="nickname">[_CLIENT-A79_]</persName>
                <note anchored="true">sex estimated on the basis of the nickname</note>
              </person>
              <person id="f1202008.A80" instant="false" role="client" sex="male">
                <persName full="yes" instant="false" type="nickname">[_MALE-CLIENT-A80_]</persName>
                <note anchored="true">sex estimated on the basis of the nickname</note>
              </person>
              <person id="f1202008.A81" instant="false" role="client" sex="unknown">
                <persName full="yes" instant="false" type="nickname">[_CLIENT-A81_]</persName>
                <note anchored="true">sex estimated on the basis of the nickname</note>
              </person>
              <person id="f1202008.A82" instant="false" role="client" sex="unknown">
                <persName full="yes" instant="false" type="nickname">[_CLIENT-A82_]</persName>
                <note anchored="true">sex estimated on the basis of the nickname</note>
              </person>
              <person id="f1202008.A83" instant="false" role="client" sex="female">
                <persName full="yes" instant="false" type="nickname">[_FEMALE-CLIENT-A83_]</persName>
                <note anchored="true">sex estimated on the basis of the nickname</note>
              </person>
              <person id="f1202008.A84" instant="false" role="client" sex="unknown">
                <persName full="yes" instant="false" type="nickname">[_CLIENT-A84_]</persName>
                <note anchored="true">sex estimated on the basis of the nickname</note>
              </person>
            </listPerson>
          </particDesc>
          <settingDesc Default="n">
            <setting>
              <activity>
                <timeline>
                  <when absolute="19:21:00" id="f1202008.t001"/>
                  <when absolute="19:22:00" id="f1202008.t002"/>
                  <when absolute="19:23:00" id="f1202008.t003"/>
                  <when absolute="19:24:00" id="f1202008.t004"/>
                  <when absolute="19:25:00" id="f1202008.t005"/>
                  <when absolute="19:26:00" id="f1202008.t006"/>
                  <when absolute="19:28:00" id="f1202008.t007"/>
                  <when absolute="19:29:00" id="f1202008.t008"/>
                  <when absolute="19:30:00" id="f1202008.t009"/>
                  <when absolute="19:31:00" id="f1202008.t010"/>
                  <when absolute="19:32:00" id="f1202008.t011"/>
                  <when absolute="19:33:00" id="f1202008.t012"/>
                  <when absolute="19:34:00" id="f1202008.t013"/>
                  <when absolute="19:35:00" id="f1202008.t014"/>
                  <when absolute="19:36:00" id="f1202008.t015"/>
                  <when absolute="19:37:00" id="f1202008.t016"/>
                  <when absolute="19:38:00" id="f1202008.t017"/>
                  <when absolute="19:39:00" id="f1202008.t018"/>
                  <when absolute="19:40:00" id="f1202008.t019"/>
                  <when absolute="19:41:00" id="f1202008.t020"/>
                  <when absolute="19:42:00" id="f1202008.t021"/>
                  <when absolute="19:43:00" id="f1202008.t022"/>
                  <when absolute="19:44:00" id="f1202008.t023"/>
                  <when absolute="19:45:00" id="f1202008.t024"/>
                  <when absolute="19:46:00" id="f1202008.t025"/>
                  <when absolute="19:47:00" id="f1202008.t026"/>
                  <when absolute="19:48:00" id="f1202008.t027"/>
                  <when absolute="19:49:00" id="f1202008.t028"/>
                  <when absolute="19:50:00" id="f1202008.t029"/>
                  <when absolute="19:51:00" id="f1202008.t030"/>
                  <when absolute="19:52:00" id="f1202008.t031"/>
                  <when absolute="19:53:00" id="f1202008.t032"/>
                  <when absolute="19:54:00" id="f1202008.t033"/>
                  <when absolute="19:55:00" id="f1202008.t034"/>
                  <when absolute="19:56:00" id="f1202008.t035"/>
                  <when absolute="19:57:00" id="f1202008.t036"/>
                  <when absolute="19:58:00" id="f1202008.t037"/>
                  <when absolute="19:59:00" id="f1202008.t038"/>
                  <when absolute="20:00:00" id="f1202008.t039"/>
                  <when absolute="20:01:00" id="f1202008.t040"/>
                  <when absolute="20:02:00" id="f1202008.t041"/>
                  <when absolute="20:03:00" id="f1202008.t042"/>
                  <when absolute="20:04:00" id="f1202008.t043"/>
                  <when absolute="20:05:00" id="f1202008.t044"/>
                  <when absolute="20:06:00" id="f1202008.t045"/>
                  <when absolute="20:07:00" id="f1202008.t046"/>
                  <when absolute="20:08:00" id="f1202008.t047"/>
                  <when absolute="20:09:00" id="f1202008.t048"/>
                  <when absolute="20:10:00" id="f1202008.t049"/>
                  <when absolute="20:11:00" id="f1202008.t050"/>
                  <when absolute="20:12:00" id="f1202008.t051"/>
                  <when absolute="20:13:00" id="f1202008.t052"/>
                  <when absolute="20:14:00" id="f1202008.t053"/>
                  <when absolute="20:15:00" id="f1202008.t054"/>
                  <when absolute="20:16:00" id="f1202008.t055"/>
                  <when absolute="20:17:00" id="f1202008.t056"/>
                  <when absolute="20:18:00" id="f1202008.t057"/>
                  <when absolute="20:19:00" id="f1202008.t058"/>
                  <when absolute="20:20:00" id="f1202008.t059"/>
                  <when absolute="20:21:00" id="f1202008.t060"/>
                  <when absolute="20:22:00" id="f1202008.t061"/>
                  <when absolute="20:23:00" id="f1202008.t062"/>
                  <when absolute="20:24:00" id="f1202008.t063"/>
                  <when absolute="20:25:00" id="f1202008.t064"/>
                  <when absolute="20:26:00" id="f1202008.t065"/>
                  <when absolute="20:27:00" id="f1202008.t066"/>
                  <when absolute="20:28:00" id="f1202008.t067"/>
                  <when absolute="20:29:00" id="f1202008.t068"/>
                  <when absolute="20:30:00" id="f1202008.t069"/>
                  <when absolute="20:31:00" id="f1202008.t070"/>
                  <when absolute="20:32:00" id="f1202008.t071"/>
                  <when absolute="20:33:00" id="f1202008.t072"/>
                  <when absolute="20:34:00" id="f1202008.t073"/>
                  <when absolute="20:35:00" id="f1202008.t074"/>
                  <when absolute="20:36:00" id="f1202008.t075"/>
                  <when absolute="20:37:00" id="f1202008.t076"/>
                  <when absolute="20:38:00" id="f1202008.t077"/>
                  <when absolute="20:39:00" id="f1202008.t078"/>
                  <when absolute="20:40:00" id="f1202008.t079"/>
                  <when absolute="20:41:00" id="f1202008.t080"/>
                  <when absolute="20:42:00" id="f1202008.t081"/>
                  <when absolute="20:43:00" id="f1202008.t082"/>
                  <when absolute="20:44:00" id="f1202008.t083"/>
                  <when absolute="20:45:00" id="f1202008.t084"/>
                  <when absolute="20:46:00" id="f1202008.t085"/>
                  <when absolute="20:47:00" id="f1202008.t086"/>
                  <when absolute="20:48:00" id="f1202008.t087"/>
                  <when absolute="20:49:00" id="f1202008.t088"/>
                  <when absolute="20:50:00" id="f1202008.t089"/>
                  <when absolute="20:51:00" id="f1202008.t090"/>
                  <when absolute="20:52:00" id="f1202008.t091"/>
                  <when absolute="20:53:00" id="f1202008.t092"/>
                  <when absolute="20:54:00" id="f1202008.t093"/>
                  <when absolute="20:55:00" id="f1202008.t094"/>
                  <when absolute="20:56:00" id="f1202008.t095"/>
                  <when absolute="20:57:00" id="f1202008.t096"/>
                  <when absolute="20:58:00" id="f1202008.t097"/>
                  <when absolute="20:59:00" id="f1202008.t098"/>
                  <when absolute="21:00:00" id="f1202008.t099"/>
                  <when absolute="21:01:00" id="f1202008.t100"/>
                  <when absolute="21:02:00" id="f1202008.t101"/>
                  <when absolute="21:03:00" id="f1202008.t102"/>
                  <when absolute="21:04:00" id="f1202008.t103"/>
                  <when absolute="21:05:00" id="f1202008.t104"/>
                  <when absolute="21:06:00" id="f1202008.t105"/>
                  <when absolute="21:07:00" id="f1202008.t106"/>
                  <when absolute="21:08:00" id="f1202008.t107"/>
                  <when absolute="21:09:00" id="f1202008.t108"/>
                  <when absolute="21:10:00" id="f1202008.t109"/>
                  <when absolute="21:11:00" id="f1202008.t110"/>
                  <when absolute="21:12:00" id="f1202008.t111"/>
                  <when absolute="21:13:00" id="f1202008.t112"/>
                  <when absolute="21:14:00" id="f1202008.t113"/>
                  <when absolute="21:15:00" id="f1202008.t114"/>
                  <when absolute="21:16:00" id="f1202008.t115"/>
                  <when absolute="21:17:00" id="f1202008.t116"/>
                  <when absolute="21:18:00" id="f1202008.t117"/>
                  <when absolute="21:19:00" id="f1202008.t118"/>
                  <when absolute="21:20:00" id="f1202008.t119"/>
                  <when absolute="21:21:00" id="f1202008.t120"/>
                  <when absolute="21:22:00" id="f1202008.t121"/>
                  <when absolute="21:23:00" id="f1202008.t122"/>
                  <when absolute="21:24:00" id="f1202008.t123"/>
                  <when absolute="21:25:00" id="f1202008.t124"/>
                  <when absolute="21:26:00" id="f1202008.t125"/>
                  <when absolute="21:27:00" id="f1202008.t126"/>
                  <when absolute="21:28:00" id="f1202008.t127"/>
                  <when absolute="21:29:00" id="f1202008.t128"/>
                  <when absolute="21:30:00" id="f1202008.t129"/>
                  <when absolute="21:31:00" id="f1202008.t130"/>
                  <when absolute="21:32:00" id="f1202008.t131"/>
                  <when absolute="21:33:00" id="f1202008.t132"/>
                  <when absolute="21:34:00" id="f1202008.t133"/>
                  <when absolute="21:35:00" id="f1202008.t134"/>
                  <when absolute="21:36:00" id="f1202008.t135"/>
                  <when absolute="21:37:00" id="f1202008.t136"/>
                  <when absolute="21:38:00" id="f1202008.t137"/>
                  <when absolute="21:39:00" id="f1202008.t138"/>
                  <when absolute="21:40:00" id="f1202008.t139"/>
                  <when absolute="21:41:00" id="f1202008.t140"/>
                </timeline>
              </activity>
            </setting>
          </settingDesc>
          <textClass Default="n">
            <catRef scheme="handlungsbereiche" target="h1202000"/>
            <catRef n="1" scheme="topic" target="topic.staat-gesellschaft.biographien-interviews"/>
          </textClass>
          <textDesc Default="n">
            <textType>Chat</textType>
            <textTypeRef>Chat-Logfile</textTypeRef>
            <textTypeArt>Chat:Chat-Logfile</textTypeArt>
          </textDesc>
          <creation>
            <creatDate>2004.03.30</creatDate>
            <creatRef>(Posting: 30.3.2004)</creatRef>
            <creatRefShort>(Posting: 30.3.2004)</creatRefShort>
          </creation>
        </profileDesc>
        <revisionDesc id="f1202008.revisionDesc" status="draft">
          <change n="1" status="draft" who="#f1202008.e6">chatXML: Metadaten eingefügt</change>
          <change n="2" status="draft" who="#f1202008.e6">chatXML: Datei umbenannt, estimatedGender ergänzt</change>
          <change n="3" status="draft" who="#f1202008.e7">chatXML: tokenisiert,getaggt,lemmatisiert</change>
          <change n="4" status="draft" who="#f1202008.e5">conversion to TEI using dcc2clarin.xsl, 2016-05-20T18:30:28.591+02:00</change>
          <change n="5" status="draft" who="#f1202008.e5">basic anonymisation using anonymise.xsl, 2016-05-20T18:42:47.885+02:00</change>
          <change n="6" status="draft" who="#f1202008.e5">post-processing, using postprocess-phase-II.xsl, 2016-07-26T17:45:16.301+02:00</change>
          <change n="7" status="draft" who="#f1202008.e8">manual anonymisation, phase III, August-December 2016</change>
          <change n="8" status="draft" who="#f1202008.e5">post-processing, using postprocess-phase-III.xsl, 2017-03-24T17:35:29.732+01:00</change>
        </revisionDesc>
      </idsHeader>