<?xml version="1.0" encoding="UTF-8"?>
<idsHeader TEIform="teiHeader" pattern="text" status="new" type="text" version="1.0">
        <fileDesc>
          <titleStmt>
            <textSigle>DCK/CPR.00207</textSigle>
            <t.title>DCK/CPR.00207 1204009_09_2005-01-11_mihei (TULKA, http://...), 2005-01-11, [Chat-Logfile], In: Dortmunder Chatkorpus, Professionelle Chats</t.title>
            <editor>
              <orgName full="yes" instant="false">CLARIN-D curation project ChatCorpus2CLARIN, 2015-2016</orgName>
            </editor>
            <respStmt>
              <persName full="yes" id="f1204009.e1" instant="false">Michael Beißwenger</persName>
              <persName full="yes" id="f1204009.e2" instant="false">Angelika Storrer</persName>
              <persName full="yes" id="f1204009.e3" instant="false">Eric Ehrhardt</persName>
              <persName full="yes" id="f1204009.e4" instant="false">Axel Herold</persName>
              <persName full="yes" id="f1204009.e5" instant="false">Harald Lüngen</persName>
            
            <!--Members of the project ChatCorpus2CLARIN 2015-2016--></respStmt>
            <respStmt>
              <persName full="yes" id="f1204009.e6" instant="false">Bianca Selzam</persName>
              <orgName full="yes" id="f1204009.e7" instant="false">Universität des Saarlandes</orgName>
              <persName full="yes" id="f1204009.e8" instant="false">Susanne Feix</persName>
            
            <!--Support, see revisionDesc--></respStmt>
          </titleStmt>
          <publicationStmt>
            <distributor>CLARIN centre Institut für Deutsche Sprache, Mannheim and CLARIN
                        centre Berlin-Brandenburgische Akademie der Wissenschaften</distributor>
            <pubAddress/>
            <idno>1204009</idno>
            <availability Default="n" region="world" status="unknown">CC-BY 4.0</availability>
            <pubDate type="year">2016</pubDate>
          </publicationStmt>
          <sourceDesc Default="n">
            <p part="N">
              <list type="Recording Statement">
                <item>plattformName=<name full="yes" instant="false" type="OTH">[_CHATPLATFORMNAME_]</name></item>
                <item>plattformURL=<ref type="URL">[_WWWURL_]</ref></item>
                <item>recording responsibility=<persName full="yes" id="f1204009.p1" instant="false">unknown</persName></item>
                <item>
                  <date instant="false">2005-01-11</date>
                </item>
                <item>
                  <time from="22:07:00" instant="false" to="22:59:00"/>
                </item>
              </list>
            </p>
            <biblStruct Default="n" status="draft">
              <analytic>
                <h.title type="main">Chat: 1204009_09_2005-01-11_mihei (TULKA, http://...), 2005-01-11</h.title>
                <h.author/>
                <imprint>
                  <pubDate>2009</pubDate>
                </imprint>
              </analytic>
              <monogr>
                <h.title type="main">Dortmunder Chatkorpus</h.title>
                <editor corresp="#f1204009.e2">Angelika Storrer</editor>
                <editor corresp="#f1204009.e1">Michael Beißwenger</editor>
                <imprint>
                  <publisher>Institut für deutsche Sprache und Literatur der
                                    Technischen Universität Dortmund</publisher>
                  <pubPlace> Dortmund</pubPlace>
                  <pubDate>2009</pubDate>
                </imprint>
                <biblNote>http://www.chatkorpus.tu-dortmund.de/</biblNote>
              </monogr>
            </biblStruct>
            <reference type="complete">DCK/CPR.00207 Chat: 1204009_09_2005-01-11_mihei (TULKA, http://...), 2005-01-11, In: Dortmunder Chatkorpus, Professionelle Chats, 11.1.2005</reference>
            <reference type="short">DCK/CPR.00207 09 (11.1.2005)</reference>
          </sourceDesc>
        </fileDesc>
        <encodingDesc>
          <editorialDecl Default="n">
            <pagination type="no"/>
            <transduction Default="n">POS-annotations according to STTS 2.0 by Universität des Saarlandes, see
                            Beißwenger, Michael; Ehrhardt, Eric; Horbach, Andrea; Lüngen,
                            Harald; Steffen, Diana; Storrer, Angelika (2015): Adding Value to CMC
                            Corpora: CLARINification and Part-of-Speech Annotation of the Dortmund
                            Chat Corpus. In: Proceedings of the 2nd Workshop on Natural Language
                            Processing for Computer-Mediated Communication / Social Media
                            (NLP4CMC2015). Essen, 12-16. https://sites.google.com/site/nlp4cmc2015/program</transduction>
          </editorialDecl>
          <tagsDecl>
            <tagUsage gi="sex">estimated on the basis of the nick name</tagUsage>
            <tagUsage gi="w" occurs="2590">used to mark a single token</tagUsage>
            <tagUsage gi="post" occurs="195">used to mark a single posting</tagUsage>
          </tagsDecl>
        </encodingDesc>
        <profileDesc>
          <particDesc Default="n">
            <listPerson Default="n">
              <person id="f1204009.A01_System" instant="false" role="system" sex="system">
                <persName full="yes" instant="false" type="nickname">system</persName>
                <note anchored="true">sex estimated on the basis of the nickname</note>
              </person>
              <person id="f1204009.A02" instant="false" role="expert" sex="female">
                <persName full="yes" instant="false" type="nickname">[_FEMALE-EXPERT-A02_]</persName>
                <note anchored="true">sex estimated on the basis of the nickname</note>
              </person>
              <person id="f1204009.A03" instant="false" role="client" sex="male">
                <persName full="yes" instant="false" type="nickname">[_MALE-CLIENT-A03_]</persName>
                <note anchored="true">sex estimated on the basis of the nickname</note>
              </person>
            </listPerson>
          </particDesc>
          <settingDesc Default="n">
            <setting>
              <activity>
                <timeline>
                  <when absolute="22:07:00" id="f1204009.t001"/>
                  <when absolute="22:08:00" id="f1204009.t002"/>
                  <when absolute="22:09:00" id="f1204009.t003"/>
                  <when absolute="22:10:00" id="f1204009.t004"/>
                  <when absolute="22:11:00" id="f1204009.t005"/>
                  <when absolute="22:12:00" id="f1204009.t006"/>
                  <when absolute="22:13:00" id="f1204009.t007"/>
                  <when absolute="22:14:00" id="f1204009.t008"/>
                  <when absolute="22:15:00" id="f1204009.t009"/>
                  <when absolute="22:16:00" id="f1204009.t010"/>
                  <when absolute="22:17:00" id="f1204009.t011"/>
                  <when absolute="22:18:00" id="f1204009.t012"/>
                  <when absolute="22:19:00" id="f1204009.t013"/>
                  <when absolute="22:20:00" id="f1204009.t014"/>
                  <when absolute="22:21:00" id="f1204009.t015"/>
                  <when absolute="22:22:00" id="f1204009.t016"/>
                  <when absolute="22:23:00" id="f1204009.t017"/>
                  <when absolute="22:24:00" id="f1204009.t018"/>
                  <when absolute="22:25:00" id="f1204009.t019"/>
                  <when absolute="22:26:00" id="f1204009.t020"/>
                  <when absolute="22:27:00" id="f1204009.t021"/>
                  <when absolute="22:28:00" id="f1204009.t022"/>
                  <when absolute="22:29:00" id="f1204009.t023"/>
                  <when absolute="22:30:00" id="f1204009.t024"/>
                  <when absolute="22:31:00" id="f1204009.t025"/>
                  <when absolute="22:32:00" id="f1204009.t026"/>
                  <when absolute="22:33:00" id="f1204009.t027"/>
                  <when absolute="22:34:00" id="f1204009.t028"/>
                  <when absolute="22:35:00" id="f1204009.t029"/>
                  <when absolute="22:36:00" id="f1204009.t030"/>
                  <when absolute="22:37:00" id="f1204009.t031"/>
                  <when absolute="22:38:00" id="f1204009.t032"/>
                  <when absolute="22:39:00" id="f1204009.t033"/>
                  <when absolute="22:40:00" id="f1204009.t034"/>
                  <when absolute="22:41:00" id="f1204009.t035"/>
                  <when absolute="22:42:00" id="f1204009.t036"/>
                  <when absolute="22:43:00" id="f1204009.t037"/>
                  <when absolute="22:44:00" id="f1204009.t038"/>
                  <when absolute="22:45:00" id="f1204009.t039"/>
                  <when absolute="22:46:00" id="f1204009.t040"/>
                  <when absolute="22:47:00" id="f1204009.t041"/>
                  <when absolute="22:59:00" id="f1204009.t042"/>
                </timeline>
              </activity>
            </setting>
          </settingDesc>
          <textClass Default="n">
            <catRef scheme="handlungsbereiche" target="h1204000"/>
            <catRef n="1" scheme="topic" target="topic.staat-gesellschaft.biographien-interviews"/>
          </textClass>
          <textDesc Default="n">
            <textType>Chat</textType>
            <textTypeRef>Chat-Logfile</textTypeRef>
            <textTypeArt>Chat:Chat-Logfile</textTypeArt>
          </textDesc>
          <creation>
            <creatDate>2005.01.11</creatDate>
            <creatRef>(Posting: 11.1.2005)</creatRef>
            <creatRefShort>(Posting: 11.1.2005)</creatRefShort>
          </creation>
        </profileDesc>
        <revisionDesc id="f1204009.revisionDesc" status="draft">
          <change n="1" status="draft" who="#f1204009.e6">chatXML: Metadaten eingetragen</change>
          <change n="2" status="draft" who="#f1204009.e6">chatXML: Datei umbenannt</change>
          <change n="3" status="draft" who="#f1204009.e7">chatXML: tokenisiert,getaggt,lemmatisiert</change>
          <change n="4" status="draft" who="#f1204009.e5">conversion to TEI using dcc2clarin.xsl, 2016-05-20T18:22:08.842+02:00</change>
          <change n="5" status="draft" who="#f1204009.e5">basic anonymisation using anonymise.xsl, 2016-05-20T18:49:38.036+02:00</change>
          <change n="6" status="draft" who="#f1204009.e5">post-processing, using postprocess-phase-II.xsl, 2016-07-26T17:50:02.395+02:00</change>
          <change n="7" status="draft" who="#f1204009.e8">manual anonymisation, phase III, August-December 2016</change>
          <change n="8" status="draft" who="#f1204009.e5">post-processing, using postprocess-phase-III.xsl, 2017-03-24T17:42:45.525+01:00</change>
        </revisionDesc>
      </idsHeader>